#ID,メイン名,サブ名,説明,スキル効果値表示パラメータ番号,スキル効果値表示機能番号,スキル効果値表示時に掛ける数,スキル効果値表示タイプ,ボイス番号,分類,種類,属性,ジョブタイプ,物理or魔法,コスト,優先度,,スキルランク,ヘイト倍率,ターゲット,対象手札条件,,,,,,,,,,発動トリガー,,,,,,機能,,,,,,,,,,,,,,
#,（P9/E12文字）,（14文字）,,,,,,,,,,,,,PvE,PvP,,,,選択枚数,属性,スキル種類,最低コスト,最大コスト,グループID1,グループID2,グループID3,発動タイミング,保持ターン,発動条件,パラメータ1,パラメータ2,パラメータ3,パラメータ4,パラメータ5,分岐発動条件,パラメータ1,パラメータ2,パラメータ3,パラメータ4,パラメータ5,分岐発動条件2,パラメータ1,パラメータ2,パラメータ3,パラメータ4,パラメータ5,優先度,機能ID,
#パッシブスキル640始まり,,,,,,,,,,,,,,,,,,,,,,,,,,,,,,,,,,,,,,,,,,,,,,,,,,
64000000,物理攻击提升,属性提升数值,提升{1}点物理伤害(圣剑解放中常驻),1,1,,PARAM_UP,,BURST_PASSIVE,SUPPORT,NEUTRAL,NULL,MAGIC,,120,120,RANK1,0,SELF,,,,,,,,,,,,,,,,,,,,,,,,,,,,,,64000000,
64000001,物理攻击提升+,属性提升数值,提升{1}点物理伤害(圣剑解放中常驻),1,1,,PARAM_UP,,BURST_PASSIVE,SUPPORT,NEUTRAL,NULL,MAGIC,,120,120,RANK1,0,SELF,,,,,,,,,,,,,,,,,,,,,,,,,,,,,,64000001,
64000002,物理攻击提升++,属性提升数值,提升{1}点物理伤害(圣剑解放中常驻),1,1,,PARAM_UP,,BURST_PASSIVE,SUPPORT,NEUTRAL,NULL,MAGIC,,120,120,RANK1,0,SELF,,,,,,,,,,,,,,,,,,,,,,,,,,,,,,64000002,
64000003,物理攻击提升+++,属性提升数值,提升{1}点物理伤害(圣剑解放中常驻),1,1,,PARAM_UP,,BURST_PASSIVE,SUPPORT,NEUTRAL,NULL,MAGIC,,120,120,RANK1,0,SELF,,,,,,,,,,,,,,,,,,,,,,,,,,,,,,64000003,
64000004,物理攻击提升++++,属性提升数值,提升{1}点物理伤害(圣剑解放中常驻),1,1,,PARAM_UP,,BURST_PASSIVE,SUPPORT,NEUTRAL,NULL,MAGIC,,120,120,RANK1,0,SELF,,,,,,,,,,,,,,,,,,,,,,,,,,,,,,64000004,
64000010,魔法攻击提升,属性提升数值,提升{1}点魔法伤害(圣剑解放中常驻),1,1,,PARAM_UP,,BURST_PASSIVE,SUPPORT,NEUTRAL,NULL,MAGIC,,120,120,RANK1,0,SELF,,,,,,,,,,,,,,,,,,,,,,,,,,,,,,64000010,
64000011,魔法攻击提升+,属性提升数值,提升{1}点魔法伤害(圣剑解放中常驻),1,1,,PARAM_UP,,BURST_PASSIVE,SUPPORT,NEUTRAL,NULL,MAGIC,,120,120,RANK1,0,SELF,,,,,,,,,,,,,,,,,,,,,,,,,,,,,,64000011,
64000012,魔法攻击提升++,属性提升数值,提升{1}点魔法伤害(圣剑解放中常驻),1,1,,PARAM_UP,,BURST_PASSIVE,SUPPORT,NEUTRAL,NULL,MAGIC,,120,120,RANK1,0,SELF,,,,,,,,,,,,,,,,,,,,,,,,,,,,,,64000012,
64000013,魔法攻击提升+++,属性提升数值,提升{1}点魔法伤害(圣剑解放中常驻),1,1,,PARAM_UP,,BURST_PASSIVE,SUPPORT,NEUTRAL,NULL,MAGIC,,120,120,RANK1,0,SELF,,,,,,,,,,,,,,,,,,,,,,,,,,,,,,64000013,
64000014,魔法攻击提升++++,属性提升数值,提升{1}点魔法伤害(圣剑解放中常驻),1,1,,PARAM_UP,,BURST_PASSIVE,SUPPORT,NEUTRAL,NULL,MAGIC,,120,120,RANK1,0,SELF,,,,,,,,,,,,,,,,,,,,,,,,,,,,,,64000014,
64000030,物理防御提升,属性提升数值,提升{1}点物理防御(圣剑解放中常驻),1,1,,PARAM_UP,,BURST_PASSIVE,SUPPORT,NEUTRAL,NULL,MAGIC,,120,120,RANK1,0,SELF,,,,,,,,,,,,,,,,,,,,,,,,,,,,,,64000030,
64000031,物理防御提升+,属性提升数值,提升{1}点物理防御(圣剑解放中常驻),1,1,,PARAM_UP,,BURST_PASSIVE,SUPPORT,NEUTRAL,NULL,MAGIC,,120,120,RANK1,0,SELF,,,,,,,,,,,,,,,,,,,,,,,,,,,,,,64000031,
64000032,物理防御提升++,属性提升数值,提升{1}点物理防御(圣剑解放中常驻),1,1,,PARAM_UP,,BURST_PASSIVE,SUPPORT,NEUTRAL,NULL,MAGIC,,120,120,RANK1,0,SELF,,,,,,,,,,,,,,,,,,,,,,,,,,,,,,64000032,
64000033,物理防御提升+++,属性提升数值,提升{1}点物理防御(圣剑解放中常驻),1,1,,PARAM_UP,,BURST_PASSIVE,SUPPORT,NEUTRAL,NULL,MAGIC,,120,120,RANK1,0,SELF,,,,,,,,,,,,,,,,,,,,,,,,,,,,,,64000033,
64000034,物理防御提升++++,属性提升数值,提升{1}点物理防御(圣剑解放中常驻),1,1,,PARAM_UP,,BURST_PASSIVE,SUPPORT,NEUTRAL,NULL,MAGIC,,120,120,RANK1,0,SELF,,,,,,,,,,,,,,,,,,,,,,,,,,,,,,64000034,
64000040,魔法防御提升,属性提升数值,提升{1}点魔法防御(圣剑解放中常驻),1,1,,PARAM_UP,,BURST_PASSIVE,SUPPORT,NEUTRAL,NULL,MAGIC,,120,120,RANK1,0,SELF,,,,,,,,,,,,,,,,,,,,,,,,,,,,,,64000040,
64000041,魔法防御提升+,属性提升数值,提升{1}点魔法防御(圣剑解放中常驻),1,1,,PARAM_UP,,BURST_PASSIVE,SUPPORT,NEUTRAL,NULL,MAGIC,,120,120,RANK1,0,SELF,,,,,,,,,,,,,,,,,,,,,,,,,,,,,,64000041,
64000042,魔法防御提升++,属性提升数值,提升{1}点魔法防御(圣剑解放中常驻),1,1,,PARAM_UP,,BURST_PASSIVE,SUPPORT,NEUTRAL,NULL,MAGIC,,120,120,RANK1,0,SELF,,,,,,,,,,,,,,,,,,,,,,,,,,,,,,64000042,
64000043,魔法防御提升+++,属性提升数值,提升{1}点魔法防御(圣剑解放中常驻),1,1,,PARAM_UP,,BURST_PASSIVE,SUPPORT,NEUTRAL,NULL,MAGIC,,120,120,RANK1,0,SELF,,,,,,,,,,,,,,,,,,,,,,,,,,,,,,64000043,
64000044,魔法防御提升++++,属性提升数值,提升{1}点魔法防御(圣剑解放中常驻),1,1,,PARAM_UP,,BURST_PASSIVE,SUPPORT,NEUTRAL,NULL,MAGIC,,120,120,RANK1,0,SELF,,,,,,,,,,,,,,,,,,,,,,,,,,,,,,64000044,
64000050,物理/魔法防御提升,属性提升数值,提升{1}点全防御(圣剑解放中常驻),1,1,,PARAM_UP,,BURST_PASSIVE,SUPPORT,NEUTRAL,NULL,MAGIC,,120,120,RANK1,0,SELF,,,,,,,,,,,,,,,,,,,,,,,,,,,,,,64000050,
64000051,物理/魔法防御提升+,属性提升数值,提升{1}点全防御(圣剑解放中常驻),1,1,,PARAM_UP,,BURST_PASSIVE,SUPPORT,NEUTRAL,NULL,MAGIC,,120,120,RANK1,0,SELF,,,,,,,,,,,,,,,,,,,,,,,,,,,,,,64000051,
64000052,物理/魔法防御提升++,属性提升数值,提升{1}点全防御(圣剑解放中常驻),1,1,,PARAM_UP,,BURST_PASSIVE,SUPPORT,NEUTRAL,NULL,MAGIC,,120,120,RANK1,0,SELF,,,,,,,,,,,,,,,,,,,,,,,,,,,,,,64000052,
64000053,物理/魔法防御提升+++,属性提升数值,提升{1}点全防御(圣剑解放中常驻),1,1,,PARAM_UP,,BURST_PASSIVE,SUPPORT,NEUTRAL,NULL,MAGIC,,120,120,RANK1,0,SELF,,,,,,,,,,,,,,,,,,,,,,,,,,,,,,64000053,
64000054,物理/魔法防御提升++++,属性提升数值,提升{1}点全防御(圣剑解放中常驻),1,1,,PARAM_UP,,BURST_PASSIVE,SUPPORT,NEUTRAL,NULL,MAGIC,,120,120,RANK1,0,SELF,,,,,,,,,,,,,,,,,,,,,,,,,,,,,,64000054,
64000060,血量上限提升,属性提升数值,提升{1}点血量上限(圣剑解放中常驻),1,1,,PARAM_UP,,BURST_PASSIVE,SUPPORT,NEUTRAL,NULL,MAGIC,,120,120,RANK1,0,SELF,,,,,,,,,,,,,,,,,,,,,,,,,,,,,,64000060,
64000061,血量上限提升+,属性提升数值,提升{1}点血量上限(圣剑解放中常驻),1,1,,PARAM_UP,,BURST_PASSIVE,SUPPORT,NEUTRAL,NULL,MAGIC,,120,120,RANK1,0,SELF,,,,,,,,,,,,,,,,,,,,,,,,,,,,,,64000061,
64000062,血量上限提升++,属性提升数值,提升{1}点血量上限(圣剑解放中常驻),1,1,,PARAM_UP,,BURST_PASSIVE,SUPPORT,NEUTRAL,NULL,MAGIC,,120,120,RANK1,0,SELF,,,,,,,,,,,,,,,,,,,,,,,,,,,,,,64000062,
64000063,血量上限提升+++,属性提升数值,提升{1}点血量上限(圣剑解放中常驻),1,1,,PARAM_UP,,BURST_PASSIVE,SUPPORT,NEUTRAL,NULL,MAGIC,,120,120,RANK1,0,SELF,,,,,,,,,,,,,,,,,,,,,,,,,,,,,,64000063,
64000064,血量上限提升++++,属性提升数值,提升{1}点血量上限(圣剑解放中常驻),1,1,,PARAM_UP,,BURST_PASSIVE,SUPPORT,NEUTRAL,NULL,MAGIC,,120,120,RANK1,0,SELF,,,,,,,,,,,,,,,,,,,,,,,,,,,,,,64000064,
64000070,物攻 突破上限,属性提升数值,提升{1}点物理伤害上限(圣剑解放中常驻),1,1,,PARAM_UP,,BURST_PASSIVE,SUPPORT,NEUTRAL,NULL,MAGIC,,120,120,RANK1,0,SELF,,,,,,,,,,,,,,,,,,,,,,,,,,,,,,64000070,
64000071,物攻 突破上限+,属性提升数值,提升{1}点物理伤害上限(圣剑解放中常驻),1,1,,PARAM_UP,,BURST_PASSIVE,SUPPORT,NEUTRAL,NULL,MAGIC,,120,120,RANK1,0,SELF,,,,,,,,,,,,,,,,,,,,,,,,,,,,,,64000071,
64000072,物攻 突破上限++,属性提升数值,提升{1}点物理伤害上限(圣剑解放中常驻),1,1,,PARAM_UP,,BURST_PASSIVE,SUPPORT,NEUTRAL,NULL,MAGIC,,120,120,RANK1,0,SELF,,,,,,,,,,,,,,,,,,,,,,,,,,,,,,64000072,
64000073,物攻 突破上限+++,属性提升数值,提升{1}点物理伤害上限(圣剑解放中常驻),1,1,,PARAM_UP,,BURST_PASSIVE,SUPPORT,NEUTRAL,NULL,MAGIC,,120,120,RANK1,0,SELF,,,,,,,,,,,,,,,,,,,,,,,,,,,,,,64000073,
64000074,物攻 突破上限++++,属性提升数值,提升{1}点物理伤害上限(圣剑解放中常驻),1,1,,PARAM_UP,,BURST_PASSIVE,SUPPORT,NEUTRAL,NULL,MAGIC,,120,120,RANK1,0,SELF,,,,,,,,,,,,,,,,,,,,,,,,,,,,,,64000074,
64000080,魔攻 突破上限,属性提升数值,提升{1}点魔法伤害上限(圣剑解放中常驻),1,1,,PARAM_UP,,BURST_PASSIVE,SUPPORT,NEUTRAL,NULL,MAGIC,,120,120,RANK1,0,SELF,,,,,,,,,,,,,,,,,,,,,,,,,,,,,,64000080,
64000081,魔攻 突破上限+,属性提升数值,提升{1}点魔法伤害上限(圣剑解放中常驻),1,1,,PARAM_UP,,BURST_PASSIVE,SUPPORT,NEUTRAL,NULL,MAGIC,,120,120,RANK1,0,SELF,,,,,,,,,,,,,,,,,,,,,,,,,,,,,,64000081,
64000082,魔攻 突破上限++,属性提升数值,提升{1}点魔法伤害上限(圣剑解放中常驻),1,1,,PARAM_UP,,BURST_PASSIVE,SUPPORT,NEUTRAL,NULL,MAGIC,,120,120,RANK1,0,SELF,,,,,,,,,,,,,,,,,,,,,,,,,,,,,,64000082,
64000083,魔攻 突破上限+++,属性提升数值,提升{1}点魔法伤害上限(圣剑解放中常驻),1,1,,PARAM_UP,,BURST_PASSIVE,SUPPORT,NEUTRAL,NULL,MAGIC,,120,120,RANK1,0,SELF,,,,,,,,,,,,,,,,,,,,,,,,,,,,,,64000083,
64000084,魔攻 突破上限++++,属性提升数值,提升{1}点魔法伤害上限(圣剑解放中常驻),1,1,,PARAM_UP,,BURST_PASSIVE,SUPPORT,NEUTRAL,NULL,MAGIC,,120,120,RANK1,0,SELF,,,,,,,,,,,,,,,,,,,,,,,,,,,,,,64000084,
#パッシブスキル641始まり,,,,,,,,,,,,,,,,,,,,,,,,,,,,,,,,,,,,,,,,,,,,,,,,,,
64100060,血量上限提升,属性提升数值,提升{1}点血量上限(圣剑解放中常驻),1,1,,PARAM_UP,,BURST_PASSIVE,SUPPORT,NEUTRAL,NULL,MAGIC,,120,120,RANK1,0,SELF,,,,,,,,,,,,,,,,,,,,,,,,,,,,,,64100060,
64100061,血量上限提升+,属性提升数值,提升{1}点血量上限(圣剑解放中常驻),1,1,,PARAM_UP,,BURST_PASSIVE,SUPPORT,NEUTRAL,NULL,MAGIC,,120,120,RANK1,0,SELF,,,,,,,,,,,,,,,,,,,,,,,,,,,,,,64100061,
64100062,血量上限提升++,属性提升数值,提升{1}点血量上限(圣剑解放中常驻),1,1,,PARAM_UP,,BURST_PASSIVE,SUPPORT,NEUTRAL,NULL,MAGIC,,120,120,RANK1,0,SELF,,,,,,,,,,,,,,,,,,,,,,,,,,,,,,64100062,
64100063,血量上限提升+++,属性提升数值,提升{1}点血量上限(圣剑解放中常驻),1,1,,PARAM_UP,,BURST_PASSIVE,SUPPORT,NEUTRAL,NULL,MAGIC,,120,120,RANK1,0,SELF,,,,,,,,,,,,,,,,,,,,,,,,,,,,,,64100063,
64100064,血量上限提升++++,属性提升数值,提升{1}点血量上限(圣剑解放中常驻),1,1,,PARAM_UP,,BURST_PASSIVE,SUPPORT,NEUTRAL,NULL,MAGIC,,120,120,RANK1,0,SELF,,,,,,,,,,,,,,,,,,,,,,,,,,,,,,64100064,
64100070,物攻 突破上限,属性提升数值,提升{1}点物理伤害上限(圣剑解放中常驻),1,1,,PARAM_UP,,BURST_PASSIVE,SUPPORT,NEUTRAL,NULL,MAGIC,,120,120,RANK1,0,SELF,,,,,,,,,,,,,,,,,,,,,,,,,,,,,,64100070,
64100071,物攻 突破上限+,属性提升数值,提升{1}点物理伤害上限(圣剑解放中常驻),1,1,,PARAM_UP,,BURST_PASSIVE,SUPPORT,NEUTRAL,NULL,MAGIC,,120,120,RANK1,0,SELF,,,,,,,,,,,,,,,,,,,,,,,,,,,,,,64100071,
64100072,物攻 突破上限++,属性提升数值,提升{1}点物理伤害上限(圣剑解放中常驻),1,1,,PARAM_UP,,BURST_PASSIVE,SUPPORT,NEUTRAL,NULL,MAGIC,,120,120,RANK1,0,SELF,,,,,,,,,,,,,,,,,,,,,,,,,,,,,,64100072,
64100073,物攻 突破上限+++,属性提升数值,提升{1}点物理伤害上限(圣剑解放中常驻),1,1,,PARAM_UP,,BURST_PASSIVE,SUPPORT,NEUTRAL,NULL,MAGIC,,120,120,RANK1,0,SELF,,,,,,,,,,,,,,,,,,,,,,,,,,,,,,64100073,
64100074,物攻 突破上限++++,属性提升数值,提升{1}点物理伤害上限(圣剑解放中常驻),1,1,,PARAM_UP,,BURST_PASSIVE,SUPPORT,NEUTRAL,NULL,MAGIC,,120,120,RANK1,0,SELF,,,,,,,,,,,,,,,,,,,,,,,,,,,,,,64100074,
64100080,魔攻 突破上限,属性提升数值,提升{1}点魔法伤害上限(圣剑解放中常驻),1,1,,PARAM_UP,,BURST_PASSIVE,SUPPORT,NEUTRAL,NULL,MAGIC,,120,120,RANK1,0,SELF,,,,,,,,,,,,,,,,,,,,,,,,,,,,,,64100080,
64100081,魔攻 突破上限+,属性提升数值,提升{1}点魔法伤害上限(圣剑解放中常驻),1,1,,PARAM_UP,,BURST_PASSIVE,SUPPORT,NEUTRAL,NULL,MAGIC,,120,120,RANK1,0,SELF,,,,,,,,,,,,,,,,,,,,,,,,,,,,,,64100081,
64100082,魔攻 突破上限++,属性提升数值,提升{1}点魔法伤害上限(圣剑解放中常驻),1,1,,PARAM_UP,,BURST_PASSIVE,SUPPORT,NEUTRAL,NULL,MAGIC,,120,120,RANK1,0,SELF,,,,,,,,,,,,,,,,,,,,,,,,,,,,,,64100082,
64100083,魔攻 突破上限+++,属性提升数值,提升{1}点魔法伤害上限(圣剑解放中常驻),1,1,,PARAM_UP,,BURST_PASSIVE,SUPPORT,NEUTRAL,NULL,MAGIC,,120,120,RANK1,0,SELF,,,,,,,,,,,,,,,,,,,,,,,,,,,,,,64100083,
64100084,魔攻 突破上限++++,属性提升数值,提升{1}点魔法伤害上限(圣剑解放中常驻),1,1,,PARAM_UP,,BURST_PASSIVE,SUPPORT,NEUTRAL,NULL,MAGIC,,120,120,RANK1,0,SELF,,,,,,,,,,,,,,,,,,,,,,,,,,,,,,64100084,
64100100,圣剑解放增加,属性提升数值,圣剑解放时/圣剑解放增加{1}%,1,1,,PARAM_UP,,BURST_PASSIVE,SUPPORT,NEUTRAL,NULL,MAGIC,,120,120,RANK1,0,SELF,,,,,,,,,,,,,,,,,,,,,,,,,,,,,,64100100,
64100101,圣剑解放增加+,属性提升数值,圣剑解放时/圣剑解放增加{1}%,1,1,,PARAM_UP,,BURST_PASSIVE,SUPPORT,NEUTRAL,NULL,MAGIC,,120,120,RANK1,0,SELF,,,,,,,,,,,,,,,,,,,,,,,,,,,,,,64100101,
64100102,圣剑解放增加++,属性提升数值,圣剑解放时/圣剑解放增加{1}%,1,1,,PARAM_UP,,BURST_PASSIVE,SUPPORT,NEUTRAL,NULL,MAGIC,,120,120,RANK1,0,SELF,,,,,,,,,,,,,,,,,,,,,,,,,,,,,,64100102,
64100103,圣剑解放增加+++,属性提升数值,圣剑解放时/圣剑解放增加{1}%,1,1,,PARAM_UP,,BURST_PASSIVE,SUPPORT,NEUTRAL,NULL,MAGIC,,120,120,RANK1,0,SELF,,,,,,,,,,,,,,,,,,,,,,,,,,,,,,64100103,
64100104,圣剑解放增加++++,属性提升数值,圣剑解放时/圣剑解放增加{1}%,1,1,,PARAM_UP,,BURST_PASSIVE,SUPPORT,NEUTRAL,NULL,MAGIC,,120,120,RANK1,0,SELF,,,,,,,,,,,,,,,,,,,,,,,,,,,,,,64100104,
64100270,风_物理防御提升,属性提升数值,提升{11}点物理防御(圣剑解放中常驻)<BR>主卡组每枚风属性卡牌提升{1}点,1,1,,PARAM_UP,,BURST_PASSIVE,SUPPORT,NEUTRAL,NULL,MAGIC,,120,120,RANK1,0,SELF,,,,,,,,,,,,,,,,,,,,,,,,,,,,,,64100270,
64100271,风_物理防御提升+,属性提升数值,提升{11}点物理防御(圣剑解放中常驻)<BR>主卡组每枚风属性卡牌提升{1}点,1,1,,PARAM_UP,,BURST_PASSIVE,SUPPORT,NEUTRAL,NULL,MAGIC,,120,120,RANK1,0,SELF,,,,,,,,,,,,,,,,,,,,,,,,,,,,,,64100271,
64100272,风_物理防御提升++,属性提升数值,提升{11}点物理防御(圣剑解放中常驻)<BR>主卡组每枚风属性卡牌提升{1}点,1,1,,PARAM_UP,,BURST_PASSIVE,SUPPORT,NEUTRAL,NULL,MAGIC,,120,120,RANK1,0,SELF,,,,,,,,,,,,,,,,,,,,,,,,,,,,,,64100272,
64100273,风_物理防御提升+++,属性提升数值,提升{11}点物理防御(圣剑解放中常驻)<BR>主卡组每枚风属性卡牌提升{1}点,1,1,,PARAM_UP,,BURST_PASSIVE,SUPPORT,NEUTRAL,NULL,MAGIC,,120,120,RANK1,0,SELF,,,,,,,,,,,,,,,,,,,,,,,,,,,,,,64100273,
64100274,风_物理防御提升++++,属性提升数值,提升{11}点物理防御(圣剑解放中常驻)<BR>主卡组每枚风属性卡牌提升{1}点,1,1,,PARAM_UP,,BURST_PASSIVE,SUPPORT,NEUTRAL,NULL,MAGIC,,120,120,RANK1,0,SELF,,,,,,,,,,,,,,,,,,,,,,,,,,,,,,64100274,
64100330,冰_魔法防御提升,属性提升数值,提升{11}点魔法防御(圣剑解放中常驻)<BR>主卡组每枚冰属性卡牌提升{1}点,1,1,,PARAM_UP,,BURST_PASSIVE,SUPPORT,NEUTRAL,NULL,MAGIC,,120,120,RANK1,0,SELF,,,,,,,,,,,,,,,,,,,,,,,,,,,,,,64100330,
64100331,冰_魔法防御提升+,属性提升数值,提升{11}点魔法防御(圣剑解放中常驻)<BR>主卡组每枚冰属性卡牌提升{1}点,1,1,,PARAM_UP,,BURST_PASSIVE,SUPPORT,NEUTRAL,NULL,MAGIC,,120,120,RANK1,0,SELF,,,,,,,,,,,,,,,,,,,,,,,,,,,,,,64100331,
64100332,冰_魔法防御提升++,属性提升数值,提升{11}点魔法防御(圣剑解放中常驻)<BR>主卡组每枚冰属性卡牌提升{1}点,1,1,,PARAM_UP,,BURST_PASSIVE,SUPPORT,NEUTRAL,NULL,MAGIC,,120,120,RANK1,0,SELF,,,,,,,,,,,,,,,,,,,,,,,,,,,,,,64100332,
64100333,冰_魔法防御提升+++,属性提升数值,提升{11}点魔法防御(圣剑解放中常驻)<BR>主卡组每枚冰属性卡牌提升{1}点,1,1,,PARAM_UP,,BURST_PASSIVE,SUPPORT,NEUTRAL,NULL,MAGIC,,120,120,RANK1,0,SELF,,,,,,,,,,,,,,,,,,,,,,,,,,,,,,64100333,
64100334,冰_魔法防御提升++++,属性提升数值,提升{11}点魔法防御(圣剑解放中常驻)<BR>主卡组每枚冰属性卡牌提升{1}点,1,1,,PARAM_UP,,BURST_PASSIVE,SUPPORT,NEUTRAL,NULL,MAGIC,,120,120,RANK1,0,SELF,,,,,,,,,,,,,,,,,,,,,,,,,,,,,,64100334,
64100410,火_血量上限提升,属性提升数值测试,提升{11}点血量上限(圣剑解放中常驻)<BR>主卡组每枚火属性卡牌提升{1}点,1,1,,PARAM_UP,,BURST_PASSIVE,SUPPORT,NEUTRAL,NULL,MAGIC,,120,120,RANK1,0,SELF,,,,,,,,,,,,,,,,,,,,,,,,,,,,,,64100410,
64100411,火_血量上限提升+,属性提升数值测试,提升{11}点血量上限(圣剑解放中常驻)<BR>主卡组每枚火属性卡牌提升{1}点,1,1,,PARAM_UP,,BURST_PASSIVE,SUPPORT,NEUTRAL,NULL,MAGIC,,120,120,RANK1,0,SELF,,,,,,,,,,,,,,,,,,,,,,,,,,,,,,64100411,
64100412,火_血量上限提升++,属性提升数值测试,提升{11}点血量上限(圣剑解放中常驻)<BR>主卡组每枚火属性卡牌提升{1}点,1,1,,PARAM_UP,,BURST_PASSIVE,SUPPORT,NEUTRAL,NULL,MAGIC,,120,120,RANK1,0,SELF,,,,,,,,,,,,,,,,,,,,,,,,,,,,,,64100412,
64100413,火_血量上限提升+++,属性提升数值测试,提升{11}点血量上限(圣剑解放中常驻)<BR>主卡组每枚火属性卡牌提升{1}点,1,1,,PARAM_UP,,BURST_PASSIVE,SUPPORT,NEUTRAL,NULL,MAGIC,,120,120,RANK1,0,SELF,,,,,,,,,,,,,,,,,,,,,,,,,,,,,,64100413,
64100414,火_血量上限提升++++,属性提升数值测试,提升{11}点血量上限(圣剑解放中常驻)<BR>主卡组每枚火属性卡牌提升{1}点,1,1,,PARAM_UP,,BURST_PASSIVE,SUPPORT,NEUTRAL,NULL,MAGIC,,120,120,RANK1,0,SELF,,,,,,,,,,,,,,,,,,,,,,,,,,,,,,64100414,
64100420,风_血量上限提升,属性提升数值,提升{11}点血量上限(圣剑解放中常驻)<BR>主卡组每枚风属性卡牌提升{1}点,1,1,,PARAM_UP,,BURST_PASSIVE,SUPPORT,NEUTRAL,NULL,MAGIC,,120,120,RANK1,0,SELF,,,,,,,,,,,,,,,,,,,,,,,,,,,,,,64100420,
64100421,风_血量上限提升+,属性提升数值,提升{11}点血量上限(圣剑解放中常驻)<BR>主卡组每枚风属性卡牌提升{1}点,1,1,,PARAM_UP,,BURST_PASSIVE,SUPPORT,NEUTRAL,NULL,MAGIC,,120,120,RANK1,0,SELF,,,,,,,,,,,,,,,,,,,,,,,,,,,,,,64100421,
64100422,风_血量上限提升++,属性提升数值,提升{11}点血量上限(圣剑解放中常驻)<BR>主卡组每枚风属性卡牌提升{1}点,1,1,,PARAM_UP,,BURST_PASSIVE,SUPPORT,NEUTRAL,NULL,MAGIC,,120,120,RANK1,0,SELF,,,,,,,,,,,,,,,,,,,,,,,,,,,,,,64100422,
64100423,风_血量上限提升+++,属性提升数值,提升{11}点血量上限(圣剑解放中常驻)<BR>主卡组每枚风属性卡牌提升{1}点,1,1,,PARAM_UP,,BURST_PASSIVE,SUPPORT,NEUTRAL,NULL,MAGIC,,120,120,RANK1,0,SELF,,,,,,,,,,,,,,,,,,,,,,,,,,,,,,64100423,
64100424,风_血量上限提升++++,属性提升数值,提升{11}点血量上限(圣剑解放中常驻)<BR>主卡组每枚风属性卡牌提升{1}点,1,1,,PARAM_UP,,BURST_PASSIVE,SUPPORT,NEUTRAL,NULL,MAGIC,,120,120,RANK1,0,SELF,,,,,,,,,,,,,,,,,,,,,,,,,,,,,,64100424,
64100440,光_血量上限提升,属性提升数值,提升{11}点血量上限(圣剑解放中常驻)<BR>主卡组每枚光属性卡牌提升{1}点,1,1,,PARAM_UP,,BURST_PASSIVE,SUPPORT,NEUTRAL,NULL,MAGIC,,120,120,RANK1,0,SELF,,,,,,,,,,,,,,,,,,,,,,,,,,,,,,64100440,
64100441,光_血量上限提升+,属性提升数值,提升{11}点血量上限(圣剑解放中常驻)<BR>主卡组每枚光属性卡牌提升{1}点,1,1,,PARAM_UP,,BURST_PASSIVE,SUPPORT,NEUTRAL,NULL,MAGIC,,120,120,RANK1,0,SELF,,,,,,,,,,,,,,,,,,,,,,,,,,,,,,64100441,
64100442,光_血量上限提升++,属性提升数值,提升{11}点血量上限(圣剑解放中常驻)<BR>主卡组每枚光属性卡牌提升{1}点,1,1,,PARAM_UP,,BURST_PASSIVE,SUPPORT,NEUTRAL,NULL,MAGIC,,120,120,RANK1,0,SELF,,,,,,,,,,,,,,,,,,,,,,,,,,,,,,64100442,
64100443,光_血量上限提升+++,属性提升数值,提升{11}点血量上限(圣剑解放中常驻)<BR>主卡组每枚光属性卡牌提升{1}点,1,1,,PARAM_UP,,BURST_PASSIVE,SUPPORT,NEUTRAL,NULL,MAGIC,,120,120,RANK1,0,SELF,,,,,,,,,,,,,,,,,,,,,,,,,,,,,,64100443,
64100444,光_血量上限提升++++,属性提升数值,提升{11}点血量上限(圣剑解放中常驻)<BR>主卡组每枚光属性卡牌提升{1}点,1,1,,PARAM_UP,,BURST_PASSIVE,SUPPORT,NEUTRAL,NULL,MAGIC,,120,120,RANK1,0,SELF,,,,,,,,,,,,,,,,,,,,,,,,,,,,,,64100444,
64100500,暗_物攻 突破上限,属性提升数值,提升{11}点物理伤害上限(圣剑解放中常驻)<BR>主卡组每枚暗属性卡牌提升{1}点,1,1,,PARAM_UP,,BURST_PASSIVE,SUPPORT,NEUTRAL,NULL,MAGIC,,120,120,RANK1,0,SELF,,,,,,,,,,,,,,,,,,,,,,,,,,,,,,64100500,
64100501,暗_物攻 突破上限+,属性提升数值,提升{11}点物理伤害上限(圣剑解放中常驻)<BR>主卡组每枚暗属性卡牌提升{1}点,1,1,,PARAM_UP,,BURST_PASSIVE,SUPPORT,NEUTRAL,NULL,MAGIC,,120,120,RANK1,0,SELF,,,,,,,,,,,,,,,,,,,,,,,,,,,,,,64100501,
64100502,暗_物攻 突破上限++,属性提升数值,提升{11}点物理伤害上限(圣剑解放中常驻)<BR>主卡组每枚暗属性卡牌提升{1}点,1,1,,PARAM_UP,,BURST_PASSIVE,SUPPORT,NEUTRAL,NULL,MAGIC,,120,120,RANK1,0,SELF,,,,,,,,,,,,,,,,,,,,,,,,,,,,,,64100502,
64100503,暗_物攻 突破上限+++,属性提升数值,提升{11}点物理伤害上限(圣剑解放中常驻)<BR>主卡组每枚暗属性卡牌提升{1}点,1,1,,PARAM_UP,,BURST_PASSIVE,SUPPORT,NEUTRAL,NULL,MAGIC,,120,120,RANK1,0,SELF,,,,,,,,,,,,,,,,,,,,,,,,,,,,,,64100503,
64100504,暗_物攻 突破上限++++,属性提升数值,提升{11}点物理伤害上限(圣剑解放中常驻)<BR>主卡组每枚暗属性卡牌提升{1}点,1,1,,PARAM_UP,,BURST_PASSIVE,SUPPORT,NEUTRAL,NULL,MAGIC,,120,120,RANK1,0,SELF,,,,,,,,,,,,,,,,,,,,,,,,,,,,,,64100504,
64100510,火_魔攻 突破上限,属性提升数值,提升{11}点魔法伤害上限(圣剑解放中常驻)<BR>主卡组每枚火属性卡牌提升{1}点,1,1,,PARAM_UP,,BURST_PASSIVE,SUPPORT,NEUTRAL,NULL,MAGIC,,120,120,RANK1,0,SELF,,,,,,,,,,,,,,,,,,,,,,,,,,,,,,64100510,
64100511,火_魔攻 突破上限+,属性提升数值,提升{11}点魔法伤害上限(圣剑解放中常驻)<BR>主卡组每枚火属性卡牌提升{1}点,1,1,,PARAM_UP,,BURST_PASSIVE,SUPPORT,NEUTRAL,NULL,MAGIC,,120,120,RANK1,0,SELF,,,,,,,,,,,,,,,,,,,,,,,,,,,,,,64100511,
64100512,火_魔攻 突破上限++,属性提升数值,提升{11}点魔法伤害上限(圣剑解放中常驻)<BR>主卡组每枚火属性卡牌提升{1}点,1,1,,PARAM_UP,,BURST_PASSIVE,SUPPORT,NEUTRAL,NULL,MAGIC,,120,120,RANK1,0,SELF,,,,,,,,,,,,,,,,,,,,,,,,,,,,,,64100512,
64100513,火_魔攻 突破上限+++,属性提升数值,提升{11}点魔法伤害上限(圣剑解放中常驻)<BR>主卡组每枚火属性卡牌提升{1}点,1,1,,PARAM_UP,,BURST_PASSIVE,SUPPORT,NEUTRAL,NULL,MAGIC,,120,120,RANK1,0,SELF,,,,,,,,,,,,,,,,,,,,,,,,,,,,,,64100513,
64100514,火_魔攻 突破上限++++,属性提升数值,提升{11}点魔法伤害上限(圣剑解放中常驻)<BR>主卡组每枚火属性卡牌提升{1}点,1,1,,PARAM_UP,,BURST_PASSIVE,SUPPORT,NEUTRAL,NULL,MAGIC,,120,120,RANK1,0,SELF,,,,,,,,,,,,,,,,,,,,,,,,,,,,,,64100514,
64100540,光_魔攻 上限突破,属性提升数值测试,提升{11}点魔法伤害上限(圣剑解放中常驻)<BR>主卡组每枚光属性卡牌提升{1}点,1,1,,PARAM_UP,,BURST_PASSIVE,SUPPORT,NEUTRAL,NULL,MAGIC,,120,120,RANK1,0,SELF,,,,,,,,,,,,,,,,,,,,,,,,,,,,,,64100540,
64100541,光_魔攻 上限突破+,属性提升数值测试,提升{11}点魔法伤害上限(圣剑解放中常驻)<BR>主卡组每枚光属性卡牌提升{1}点,1,1,,PARAM_UP,,BURST_PASSIVE,SUPPORT,NEUTRAL,NULL,MAGIC,,120,120,RANK1,0,SELF,,,,,,,,,,,,,,,,,,,,,,,,,,,,,,64100541,
64100542,光_魔攻 上限突破++,属性提升数值测试,提升{11}点魔法伤害上限(圣剑解放中常驻)<BR>主卡组每枚光属性卡牌提升{1}点,1,1,,PARAM_UP,,BURST_PASSIVE,SUPPORT,NEUTRAL,NULL,MAGIC,,120,120,RANK1,0,SELF,,,,,,,,,,,,,,,,,,,,,,,,,,,,,,64100542,
64100543,光_魔攻 上限突破+++,属性提升数值测试,提升{11}点魔法伤害上限(圣剑解放中常驻)<BR>主卡组每枚光属性卡牌提升{1}点,1,1,,PARAM_UP,,BURST_PASSIVE,SUPPORT,NEUTRAL,NULL,MAGIC,,120,120,RANK1,0,SELF,,,,,,,,,,,,,,,,,,,,,,,,,,,,,,64100543,
64100544,光_魔攻 上限突破++++,属性提升数值测试,提升{11}点魔法伤害上限(圣剑解放中常驻)<BR>主卡组每枚光属性卡牌提升{1}点,1,1,,PARAM_UP,,BURST_PASSIVE,SUPPORT,NEUTRAL,NULL,MAGIC,,120,120,RANK1,0,SELF,,,,,,,,,,,,,,,,,,,,,,,,,,,,,,64100544,
64100550,暗_魔攻 突破上限,属性提升数值测试,提升{11}点魔法伤害上限(圣剑解放中常驻)<BR>主卡组每枚暗属性卡牌提升{1}点,1,1,,PARAM_UP,,BURST_PASSIVE,SUPPORT,NEUTRAL,NULL,MAGIC,,120,120,RANK1,0,SELF,,,,,,,,,,,,,,,,,,,,,,,,,,,,,,64100550,
64100551,暗_魔攻 突破上限+,属性提升数值测试,提升{11}点魔法伤害上限(圣剑解放中常驻)<BR>主卡组每枚暗属性卡牌提升{1}点,1,1,,PARAM_UP,,BURST_PASSIVE,SUPPORT,NEUTRAL,NULL,MAGIC,,120,120,RANK1,0,SELF,,,,,,,,,,,,,,,,,,,,,,,,,,,,,,64100551,
64100552,暗_魔攻 突破上限++,属性提升数值测试,提升{11}点魔法伤害上限(圣剑解放中常驻)<BR>主卡组每枚暗属性卡牌提升{1}点,1,1,,PARAM_UP,,BURST_PASSIVE,SUPPORT,NEUTRAL,NULL,MAGIC,,120,120,RANK1,0,SELF,,,,,,,,,,,,,,,,,,,,,,,,,,,,,,64100552,
64100553,暗_魔攻 突破上限+++,属性提升数值测试,提升{11}点魔法伤害上限(圣剑解放中常驻)<BR>主卡组每枚暗属性卡牌提升{1}点,1,1,,PARAM_UP,,BURST_PASSIVE,SUPPORT,NEUTRAL,NULL,MAGIC,,120,120,RANK1,0,SELF,,,,,,,,,,,,,,,,,,,,,,,,,,,,,,64100553,
64100554,暗_魔攻 突破上限++++,属性提升数值测试,提升{11}点魔法伤害上限(圣剑解放中常驻)<BR>主卡组每枚暗属性卡牌提升{1}点,1,1,,PARAM_UP,,BURST_PASSIVE,SUPPORT,NEUTRAL,NULL,MAGIC,,120,120,RANK1,0,SELF,,,,,,,,,,,,,,,,,,,,,,,,,,,,,,64100554,
#伝承アビリティ65始まり65,,,,,,,,,,,,,,,,,,,,,,,,,,,,,,,,,,,,,,,,,,,,,,,,,,
65000001,红莲剑,手牌物理1枚/减少1能量/1回合,手牌的[物理]卡牌1枚/1回合/减少1能量,1,1,,PARAM_UP,,NORMAL,SUPPORT,NEUTRAL,NULL,MAGIC,,120,120,RANK1,0,HAND_SELECT,1,,ATTACK,,,,,,,,,,,,,,,,,,,,,,,,,,,65000151,
65000002,焦热的裁决,自身/物理上限解放/1回合,自身/1回合/提升{1}点物理伤害上限,1,1,,PARAM_UP,,NORMAL,SUPPORT,NEUTRAL,NULL,MAGIC,,120,120,RANK1,0,SELF,,,,,,,,,,,,,,,,,,,,,,,,,,,,,,65100001,
65000003,焦热的裁决,自身/物理上限解放/1回合,自身/1回合/提升{1}点物理伤害上限,1,1,,PARAM_UP,,NORMAL,SUPPORT,NEUTRAL,NULL,MAGIC,,120,120,RANK1,0,SELF,,,,,,,,,,,,,,,,,,,,,,,,,,,,,,65100002,
65000004,焦热的裁决,自身/物理上限解放/1回合,自身/1回合/提升{1}点物理伤害上限,1,1,,PARAM_UP,,NORMAL,SUPPORT,NEUTRAL,NULL,MAGIC,,120,120,RANK1,0,SELF,,,,,,,,,,,,,,,,,,,,,,,,,,,,,,65100003,
65000005,焦热的裁决,自身/物理上限解放/1回合,自身/1回合/提升{1}点物理伤害上限,1,1,,PARAM_UP,,NORMAL,SUPPORT,NEUTRAL,NULL,MAGIC,,120,120,RANK1,0,SELF,,,,,,,,,,,,,,,,,,,,,,,,,,,,,,65100004,
65000006,赫铠粉碎,物理1枚付与70%贯穿,手牌的[物理]卡牌1枚/1回合/付与无视70%全防御的效果,1,1,,PARAM_UP,,NORMAL,SUPPORT,NEUTRAL,NULL,MAGIC,,120,120,RANK1,0,HAND_SELECT,1,,ATTACK,,,,,,,,,,,,,,,,,,,,,,,,,,,65000183,
65000007,魔剑的加护,手牌防御1枚/减少1能量,手牌的[防御]卡牌1枚/1回合/减少1能量,1,1,,PARAM_UP,,NORMAL,SUPPORT,NEUTRAL,NULL,MAGIC,,120,120,RANK1,0,HAND_SELECT,1,,DEFENSE,,,,,,,,,,,,,,,,,,,,,,,,,,,65000171,
65000008,圣剑的加护,己方全员/物理防御提升,己方全员/1回合/提升{1}点物理防御,1,1,,PARAM_UP,,NORMAL,SUPPORT,NEUTRAL,NULL,MAGIC,,120,120,RANK1,0,USER_ALL,,,,,,,,,,,,,,,,,,,,,,,,,,,,,,65100005,
65000009,圣剑的加护,己方全员/物理防御提升,己方全员/1回合/提升{1}点物理防御,1,1,,PARAM_UP,,NORMAL,SUPPORT,NEUTRAL,NULL,MAGIC,,120,120,RANK1,0,USER_ALL,,,,,,,,,,,,,,,,,,,,,,,,,,,,,,65100006,
65000010,圣剑的加护,己方全员/物理防御提升,己方全员/1回合/提升{1}点物理防御,1,1,,PARAM_UP,,NORMAL,SUPPORT,NEUTRAL,NULL,MAGIC,,120,120,RANK1,0,USER_ALL,,,,,,,,,,,,,,,,,,,,,,,,,,,,,,65100007,
65000011,圣剑的加护,己方全员/物理防御提升,己方全员/1回合/提升{1}点物理防御,1,1,,PARAM_UP,,NORMAL,SUPPORT,NEUTRAL,NULL,MAGIC,,120,120,RANK1,0,USER_ALL,,,,,,,,,,,,,,,,,,,,,,,,,,,,,,65100008,
65000012,王妃的加护,保持手牌2枚/再次抽牌,手牌的卡牌2枚保持/再次抽牌使手牌填满5枚,1,1,,PARAM_UP,,NORMAL,SUPPORT,NEUTRAL,NULL,MAGIC,,120,120,RANK1,0,HAND_SELECT,2,,,,,,,,,,,,,,,,,,,,,,,,,,,,,65000180,
65000013,死别研究,手牌魔法1枚/减少1能量,手牌的[魔法]卡牌1枚/1回合/减少1能量,1,1,,PARAM_UP,,NORMAL,SUPPORT,NEUTRAL,NULL,MAGIC,,120,120,RANK1,0,HAND_SELECT,1,,SORCERY,,,,,,,,,,,,,,,,,,,,,,,,,,,65000156,
65000014,暴走,己方一人/魔法攻击力提升,己方1人/1回合/提升{1}点魔法伤害,1,1,,PARAM_UP,,NORMAL,SUPPORT,NEUTRAL,NULL,MAGIC,,120,120,RANK1,0,USER_ONE,,,,,,,,,,,,,,,,,,,,,,,,,,,,,,65100009,
65000015,暴走,己方一人/魔法攻击力提升,己方1人/1回合/提升{1}点魔法伤害,1,1,,PARAM_UP,,NORMAL,SUPPORT,NEUTRAL,NULL,MAGIC,,120,120,RANK1,0,USER_ONE,,,,,,,,,,,,,,,,,,,,,,,,,,,,,,65100010,
65000016,暴走,己方一人/魔法攻击力提升,己方1人/1回合/提升{1}点魔法伤害,1,1,,PARAM_UP,,NORMAL,SUPPORT,NEUTRAL,NULL,MAGIC,,120,120,RANK1,0,USER_ONE,,,,,,,,,,,,,,,,,,,,,,,,,,,,,,65100011,
65000017,暴走,己方一人/魔法攻击力提升,己方1人/1回合/提升{1}点魔法伤害,1,1,,PARAM_UP,,NORMAL,SUPPORT,NEUTRAL,NULL,MAGIC,,120,120,RANK1,0,USER_ONE,,,,,,,,,,,,,,,,,,,,,,,,,,,,,,65100012,
65000018,致命爆发,手牌弱化3枚/减少1能量,手牌的[弱化]卡牌3枚/1回合/减少1能量,1,1,,PARAM_UP,,NORMAL,SUPPORT,NEUTRAL,NULL,MAGIC,,120,120,RANK1,0,HAND_SELECT,3,,JAMMING,,,,,,,,,,,,,,,,,,,,,,,,,,,65000166,
65000019,高速咏唱,手牌支援1枚/减少1能量,手牌的[支援]卡牌1枚/1回合/减少1能量,1,1,,PARAM_UP,,NORMAL,SUPPORT,NEUTRAL,NULL,MAGIC,,120,120,RANK1,0,HAND_SELECT,1,,SUPPORT,,,,,,,,,,,,,,,,,,,,,,,,,,,65000161,
65000020,崩坏的术式,己方全体/魔法攻击提升,己方全员/1回合/提升{1}点魔法伤害,1,1,,PARAM_UP,,NORMAL,SUPPORT,NEUTRAL,NULL,MAGIC,,120,120,RANK1,0,USER_ALL,,,,,,,,,,,,,,,,,,,,,,,,,,,,,,65100013,
65000021,崩坏的术式,己方全体/魔法攻击提升,己方全员/1回合/提升{1}点魔法伤害,1,1,,PARAM_UP,,NORMAL,SUPPORT,NEUTRAL,NULL,MAGIC,,120,120,RANK1,0,USER_ALL,,,,,,,,,,,,,,,,,,,,,,,,,,,,,,65100014,
65000022,崩坏的术式,己方全体/魔法攻击提升,己方全员/1回合/提升{1}点魔法伤害,1,1,,PARAM_UP,,NORMAL,SUPPORT,NEUTRAL,NULL,MAGIC,,120,120,RANK1,0,USER_ALL,,,,,,,,,,,,,,,,,,,,,,,,,,,,,,65100015,
65000023,崩坏的术式,己方全体/魔法攻击提升,己方全员/1回合/提升{1}点魔法伤害,1,1,,PARAM_UP,,NORMAL,SUPPORT,NEUTRAL,NULL,MAGIC,,120,120,RANK1,0,USER_ALL,,,,,,,,,,,,,,,,,,,,,,,,,,,,,,65100016,
65000024,光芒魔导,全体解放增加/30%,己方全员/圣剑解放增加30%,1,1,,PARAM_UP,,NORMAL,SUPPORT,NEUTRAL,NULL,MAGIC,,120,120,RANK1,0,USER_ALL,,,,,,,,,,,,,,,,,,,,,,,,,,,,,,65000223,
65000025,制作料理的时间到了,己方全体/物魔攻击提升,己方全员/1回合/提升{1}点全伤害,1,1,,PARAM_UP,,NORMAL,SUPPORT,NEUTRAL,NULL,MAGIC,,120,120,RANK1,0,USER_ALL,,,,,,,,,,,,,,,,,,,,,,,,,,,,,,65100018,
65000026,制作料理的时间到了,己方全体/物魔攻击提升,己方全员/1回合/提升{1}点全伤害,1,1,,PARAM_UP,,NORMAL,SUPPORT,NEUTRAL,NULL,MAGIC,,120,120,RANK1,0,USER_ALL,,,,,,,,,,,,,,,,,,,,,,,,,,,,,,65100019,
65000027,制作料理的时间到了,己方全体/物魔攻击提升,己方全员/1回合/提升{1}点全伤害,1,1,,PARAM_UP,,NORMAL,SUPPORT,NEUTRAL,NULL,MAGIC,,120,120,RANK1,0,USER_ALL,,,,,,,,,,,,,,,,,,,,,,,,,,,,,,65100020,
65000028,制作料理的时间到了,己方全体/物魔攻击提升,己方全员/1回合/提升{1}点全伤害,1,1,,PARAM_UP,,NORMAL,SUPPORT,NEUTRAL,NULL,MAGIC,,120,120,RANK1,0,USER_ALL,,,,,,,,,,,,,,,,,,,,,,,,,,,,,,65100021,
65000029,制作料理的时间到了,己方全体/物魔攻击提升,己方全员/1回合/提升{1}点全伤害,1,1,,PARAM_UP,,NORMAL,SUPPORT,NEUTRAL,NULL,MAGIC,,120,120,RANK1,0,USER_ALL,,,,,,,,,,,,,,,,,,,,,,,,,,,,,,65100022,
65000030,进行扫除的时间到了,火魔法1枚/贯穿60%,手牌的火属性[魔法]卡牌1枚/1回合/付与无视60%全防御的效果,1,1,,PARAM_UP,,NORMAL,SUPPORT,NEUTRAL,NULL,MAGIC,,120,120,RANK1,0,HAND_SELECT,1,FIRE,SORCERY,,,,,,,,,,,,,,,,,,,,,,,,,,,65000182,
65000031,是斯卡哈大人的命令,火1枚保持/再次抽牌,保持手牌的火属性卡牌1枚/再次抽牌使手牌填满5枚,1,1,,PARAM_UP,,NORMAL,SUPPORT,NEUTRAL,NULL,MAGIC,,120,120,RANK1,0,HAND_SELECT,1,FIRE,,,,,,,,,,,,,,,,,,,,,,,,,,,,65000180,
65000032,胜利的符文,全体/物理攻击提升,己方全员/1回合/提升{1}点物理伤害,1,1,,PARAM_UP,,NORMAL,SUPPORT,NEUTRAL,NULL,MAGIC,,120,120,RANK1,0,USER_ALL,,,,,,,,,,,,,,,,,,,,,,,,,,,,,,65100023,
65000033,胜利的符文,全体/物理攻击提升,己方全员/1回合/提升{1}点物理伤害,1,1,,PARAM_UP,,NORMAL,SUPPORT,NEUTRAL,NULL,MAGIC,,120,120,RANK1,0,USER_ALL,,,,,,,,,,,,,,,,,,,,,,,,,,,,,,65100024,
65000034,胜利的符文,全体/物理攻击提升,己方全员/1回合/提升{1}点物理伤害,1,1,,PARAM_UP,,NORMAL,SUPPORT,NEUTRAL,NULL,MAGIC,,120,120,RANK1,0,USER_ALL,,,,,,,,,,,,,,,,,,,,,,,,,,,,,,65100025,
65000035,胜利的符文,全体/物理攻击提升,己方全员/1回合/提升{1}点物理伤害,1,1,,PARAM_UP,,NORMAL,SUPPORT,NEUTRAL,NULL,MAGIC,,120,120,RANK1,0,USER_ALL,,,,,,,,,,,,,,,,,,,,,,,,,,,,,,65100026,
65000036,胜利的符文,全体/物理攻击提升,己方全员/1回合/提升{1}点物理伤害,1,1,,PARAM_UP,,NORMAL,SUPPORT,NEUTRAL,NULL,MAGIC,,120,120,RANK1,0,USER_ALL,,,,,,,,,,,,,,,,,,,,,,,,,,,,,,65100027,
65000037,命运的天选之人,风2枚/减少1能量,手牌的风属性卡牌2枚/1回合/减少1能量,1,1,,PARAM_UP,,NORMAL,SUPPORT,NEUTRAL,NULL,MAGIC,,120,120,RANK1,0,HAND_SELECT,2,WIND,,,,,,,,,,,,,,,,,,,,,,,,,,,,65000051,
65000038,无忧的世界-格拉兹海姆-,手牌全体/减少1能量,手牌的全部卡牌/1回合/减少1能量,1,1,,PARAM_UP,,NORMAL,SUPPORT,NEUTRAL,NULL,MAGIC,,120,120,RANK1,0,HAND_ALL,,,,,,,,,,,,,,,,,,,,,,,,,,,,,,65000001,
65000039,亚瑟由我来守护！,己方全体/魔防增益,己方全员/1回合/提升{1}点魔法防御,1,1,,PARAM_UP,,NORMAL,SUPPORT,NEUTRAL,NULL,MAGIC,,120,120,RANK1,0,USER_ALL,,,,,,,,,,,,,,,,,,,,,,,,,,,,,,65100028,
65000040,亚瑟由我来守护！,己方全体/魔防增益,己方全员/1回合/提升{1}点魔法防御,1,1,,PARAM_UP,,NORMAL,SUPPORT,NEUTRAL,NULL,MAGIC,,120,120,RANK1,0,USER_ALL,,,,,,,,,,,,,,,,,,,,,,,,,,,,,,65100029,
65000041,亚瑟由我来守护！,己方全体/魔防增益,己方全员/1回合/提升{1}点魔法防御,1,1,,PARAM_UP,,NORMAL,SUPPORT,NEUTRAL,NULL,MAGIC,,120,120,RANK1,0,USER_ALL,,,,,,,,,,,,,,,,,,,,,,,,,,,,,,65100030,
65000042,亚瑟由我来守护！,己方全体/魔防增益,己方全员/1回合/提升{1}点魔法防御,1,1,,PARAM_UP,,NORMAL,SUPPORT,NEUTRAL,NULL,MAGIC,,120,120,RANK1,0,USER_ALL,,,,,,,,,,,,,,,,,,,,,,,,,,,,,,65100031,
65000043,亚瑟由我来守护！,己方全体/魔防增益,己方全员/1回合/提升{1}点魔法防御,1,1,,PARAM_UP,,NORMAL,SUPPORT,NEUTRAL,NULL,MAGIC,,120,120,RANK1,0,USER_ALL,,,,,,,,,,,,,,,,,,,,,,,,,,,,,,65100032,
65000044,一起来吃饭吧！,一人/解放增加/80%,己方1人/圣剑解放增加80%,1,1,,PARAM_UP,,NORMAL,SUPPORT,NEUTRAL,NULL,MAGIC,,120,120,RANK1,0,USER_ONE,,,,,,,,,,,,,,,,,,,,,,,,,,,,,,65000218,
65000045,最喜欢亚瑟了！,光物理/付与物攻次数2次,手牌的光属性[物理]卡牌1枚/1回合/付与物理攻击2次,1,1,,PARAM_UP,,NORMAL,SUPPORT,NEUTRAL,NULL,MAGIC,,120,120,RANK1,0,HAND_SELECT,1,LIGHT,ATTACK,,,,,,,,,,,,,,,,,,,,,,,,,,,65000203,
65000046,宛如风儿轻轻拂过,全体/风追加攻击付与,己方全员/1回合/付与{1}点风属性追加伤害,1,1,,PARAM_UP,,NORMAL,SUPPORT,NEUTRAL,NULL,MAGIC,,120,120,RANK1,0,USER_ALL,,,,,,,,,,,,,,,,,,,,,,,,,,,,,,65100033,
65000047,宛如风儿轻轻拂过,全体/风追加攻击付与,己方全员/1回合/付与{1}点风属性追加伤害,1,1,,PARAM_UP,,NORMAL,SUPPORT,NEUTRAL,NULL,MAGIC,,120,120,RANK1,0,USER_ALL,,,,,,,,,,,,,,,,,,,,,,,,,,,,,,65100034,
65000048,宛如风儿轻轻拂过,全体/风追加攻击付与,己方全员/1回合/付与{1}点风属性追加伤害,1,1,,PARAM_UP,,NORMAL,SUPPORT,NEUTRAL,NULL,MAGIC,,120,120,RANK1,0,USER_ALL,,,,,,,,,,,,,,,,,,,,,,,,,,,,,,65100035,
65000049,宛如风儿轻轻拂过,全体/风追加攻击付与,己方全员/1回合/付与{1}点风属性追加伤害,1,1,,PARAM_UP,,NORMAL,SUPPORT,NEUTRAL,NULL,MAGIC,,120,120,RANK1,0,USER_ALL,,,,,,,,,,,,,,,,,,,,,,,,,,,,,,65100036,
65000050,宛如风儿轻轻拂过,全体/风追加攻击付与,己方全员/1回合/付与{1}点风属性追加伤害,1,1,,PARAM_UP,,NORMAL,SUPPORT,NEUTRAL,NULL,MAGIC,,120,120,RANK1,0,USER_ALL,,,,,,,,,,,,,,,,,,,,,,,,,,,,,,65100037,
65000051,彩虹祈祷,全体/魔上限/魔攻UP,己方全员/1回合/提升魔法伤害的上限与{1}点魔法伤害,1,1,,PARAM_UP,,NORMAL,SUPPORT,NEUTRAL,NULL,MAGIC,,120,120,RANK1,0,USER_ALL,,,,,,,,,,,,,,,,,,,,,,,,,,,,,,65100038,
65000052,彩虹祈祷,全体/魔上限/魔攻UP,己方全员/1回合/提升魔法伤害的上限与{1}点魔法伤害,1,1,,PARAM_UP,,NORMAL,SUPPORT,NEUTRAL,NULL,MAGIC,,120,120,RANK1,0,USER_ALL,,,,,,,,,,,,,,,,,,,,,,,,,,,,,,65100039,
65000053,彩虹祈祷,全体/魔上限/魔攻UP,己方全员/1回合/提升魔法伤害的上限与{1}点魔法伤害,1,1,,PARAM_UP,,NORMAL,SUPPORT,NEUTRAL,NULL,MAGIC,,120,120,RANK1,0,USER_ALL,,,,,,,,,,,,,,,,,,,,,,,,,,,,,,65100040,
65000054,彩虹祈祷,全体/魔上限/魔攻UP,己方全员/1回合/提升魔法伤害的上限与{1}点魔法伤害,1,1,,PARAM_UP,,NORMAL,SUPPORT,NEUTRAL,NULL,MAGIC,,120,120,RANK1,0,USER_ALL,,,,,,,,,,,,,,,,,,,,,,,,,,,,,,65100041,
65000055,彩虹祈祷,全体/魔上限/魔攻UP,己方全员/1回合/提升魔法伤害的上限与{1}点魔法伤害,1,1,,PARAM_UP,,NORMAL,SUPPORT,NEUTRAL,NULL,MAGIC,,120,120,RANK1,0,USER_ALL,,,,,,,,,,,,,,,,,,,,,,,,,,,,,,65100042,
65000056,静寂之声,手牌风1枚保持/再次抽牌,保持手牌的风属性卡牌1枚/再次抽牌使手牌填满5枚,1,1,,PARAM_UP,,NORMAL,SUPPORT,NEUTRAL,NULL,MAGIC,,120,120,RANK1,0,HAND_SELECT,1,WIND,,,,,,,,,,,,,,,,,,,,,,,,,,,,65000180,
65000057,形态转换,手牌1枚/减少1能量,手牌的卡牌１枚/1回合/减少1能量,1,1,,PARAM_UP,,NORMAL,SUPPORT,NEUTRAL,NULL,MAGIC,,120,120,RANK1,0,HAND_SELECT,1,,,,,,,,,,,,,,,,,,,,,,,,,,,,,65000001,
65000058,魔法☆可爱打扮,全体/两面防御提升,己方全员/1回合/提升{1}点全防御,1,1,,PARAM_UP,,NORMAL,SUPPORT,NEUTRAL,NULL,MAGIC,,120,120,RANK1,0,USER_ALL,,,,,,,,,,,,,,,,,,,,,,,,,,,,,,65100043,
65000059,魔法☆可爱打扮,全体/两面防御提升,己方全员/1回合/提升{1}点全防御,1,1,,PARAM_UP,,NORMAL,SUPPORT,NEUTRAL,NULL,MAGIC,,120,120,RANK1,0,USER_ALL,,,,,,,,,,,,,,,,,,,,,,,,,,,,,,65100044,
65000060,魔法☆可爱打扮,全体/两面防御提升,己方全员/1回合/提升{1}点全防御,1,1,,PARAM_UP,,NORMAL,SUPPORT,NEUTRAL,NULL,MAGIC,,120,120,RANK1,0,USER_ALL,,,,,,,,,,,,,,,,,,,,,,,,,,,,,,65100045,
65000061,魔法☆可爱打扮,全体/两面防御提升,己方全员/1回合/提升{1}点全防御,1,1,,PARAM_UP,,NORMAL,SUPPORT,NEUTRAL,NULL,MAGIC,,120,120,RANK1,0,USER_ALL,,,,,,,,,,,,,,,,,,,,,,,,,,,,,,65100046,
65000062,魔法☆可爱打扮,全体/两面防御提升,己方全员/1回合/提升{1}点全防御,1,1,,PARAM_UP,,NORMAL,SUPPORT,NEUTRAL,NULL,MAGIC,,120,120,RANK1,0,USER_ALL,,,,,,,,,,,,,,,,,,,,,,,,,,,,,,65100047,
65000063,魔法☆直拳突击,种族/物攻1枚/120％,手牌的[物理]卡牌1枚/1回合/敌人为<BR>[心象类型:堕落]时，所选择的卡牌的物理伤害提升120%,1,1,,PARAM_UP,,NORMAL,SUPPORT,NEUTRAL,NULL,MAGIC,,120,120,RANK1,0,HAND_SELECT,1,,ATTACK,,,,,,,,,,,,,,,,,,,,,,,,,,,65100071,
65000064,神明裁判,一人/物魔上限提升,己方1人/1回合/提升{1}点全伤害上限,1,1,,PARAM_UP,,NORMAL,SUPPORT,NEUTRAL,NULL,MAGIC,,120,120,RANK1,0,USER_ONE,,,,,,,,,,,,,,,,,,,,,,,,,,,,,,65100048,
65000065,神明裁判,一人/物魔上限提升,己方1人/1回合/提升{1}点全伤害上限,1,1,,PARAM_UP,,NORMAL,SUPPORT,NEUTRAL,NULL,MAGIC,,120,120,RANK1,0,USER_ONE,,,,,,,,,,,,,,,,,,,,,,,,,,,,,,65100049,
65000066,神明裁判,一人/物魔上限提升,己方1人/1回合/提升{1}点全伤害上限,1,1,,PARAM_UP,,NORMAL,SUPPORT,NEUTRAL,NULL,MAGIC,,120,120,RANK1,0,USER_ONE,,,,,,,,,,,,,,,,,,,,,,,,,,,,,,65100050,
65000067,神明裁判,一人/物魔上限提升,己方1人/1回合/提升{1}点全伤害上限,1,1,,PARAM_UP,,NORMAL,SUPPORT,NEUTRAL,NULL,MAGIC,,120,120,RANK1,0,USER_ONE,,,,,,,,,,,,,,,,,,,,,,,,,,,,,,65100051,
65000068,神明裁判,一人/物魔上限提升,己方1人/1回合/提升{1}点全伤害上限,1,1,,PARAM_UP,,NORMAL,SUPPORT,NEUTRAL,NULL,MAGIC,,120,120,RANK1,0,USER_ONE,,,,,,,,,,,,,,,,,,,,,,,,,,,,,,65100052,
65000069,黄金之锁,支援1枚/物增益100%,手牌的[支援]卡牌1枚/1回合/敌人为<BR>[心象类型:技巧]时，所选择的卡牌的物理伤害提升效果提升100%,1,1,,PARAM_UP,,NORMAL,SUPPORT,NEUTRAL,NULL,MAGIC,,120,120,RANK1,0,HAND_SELECT,1,,SUPPORT,,,,,,,,,,,,,,,,,,,,,,,,,,,65100069,
65000070,白鸟骑士,3能量以上2枚/2减少,手牌的3能量以上卡牌2枚/1回合/减少2能量,1,1,,PARAM_UP,,NORMAL,SUPPORT,NEUTRAL,NULL,MAGIC,,120,120,RANK1,0,HAND_SELECT,2,,,3,9,,,,,,,,,,,,,,,,,,,,,,,,,65000012,
65000071,抽咽,一人/解放增加60%,己方1人/圣剑解放增加60%,1,1,,PARAM_UP,,NORMAL,SUPPORT,NEUTRAL,NULL,MAGIC,,120,120,RANK1,0,USER_ONE,,,,,,,,,,,,,,,,,,,,,,,,,,,,,,65000216,
65000072,精灵的引导,种族/防御1枚/魔防120%,手牌的[防御]卡牌1枚/1回合/敌人为<BR>[心象类型:魔法]时，所选择的卡牌的魔法防御提升效果提升120%,1,1,,PARAM_UP,,NORMAL,SUPPORT,NEUTRAL,NULL,MAGIC,,120,120,RANK1,0,HAND_SELECT,1,,DEFENSE,,,,,,,,,,,,,,,,,,,,,,,,,,,65100070,
65000073,星空坠落之物,全体/物魔上限_物魔提升,己方全员/1回合/全伤害与全伤害的上限<BR>提升{1}点,1,1,,PARAM_UP,,NORMAL,SUPPORT,NEUTRAL,NULL,MAGIC,,120,120,RANK1,0,USER_ALL,,,,,,,,,,,,,,,,,,,,,,,,,,,,,,65100053,
65000074,星空坠落之物,全体/物魔上限_物魔提升,己方全员/1回合/全伤害与全伤害的上限<BR>提升{1}点,1,1,,PARAM_UP,,NORMAL,SUPPORT,NEUTRAL,NULL,MAGIC,,120,120,RANK1,0,USER_ALL,,,,,,,,,,,,,,,,,,,,,,,,,,,,,,65100054,
65000075,星空坠落之物,全体/物魔上限_物魔提升,己方全员/1回合/全伤害与全伤害的上限<BR>提升{1}点,1,1,,PARAM_UP,,NORMAL,SUPPORT,NEUTRAL,NULL,MAGIC,,120,120,RANK1,0,USER_ALL,,,,,,,,,,,,,,,,,,,,,,,,,,,,,,65100055,
65000076,星空坠落之物,全体/物魔上限_物魔提升,己方全员/1回合/全伤害与全伤害的上限<BR>提升{1}点,1,1,,PARAM_UP,,NORMAL,SUPPORT,NEUTRAL,NULL,MAGIC,,120,120,RANK1,0,USER_ALL,,,,,,,,,,,,,,,,,,,,,,,,,,,,,,65100056,
65000077,星空坠落之物,全体/物魔上限_物魔提升,己方全员/1回合/全伤害与全伤害的上限<BR>提升{1}点,1,1,,PARAM_UP,,NORMAL,SUPPORT,NEUTRAL,NULL,MAGIC,,120,120,RANK1,0,USER_ALL,,,,,,,,,,,,,,,,,,,,,,,,,,,,,,65100057,
65000078,净化,暗属性1枚/减少1能量,手牌的暗属性卡牌1枚/1回合/减少1能量,1,1,,PARAM_UP,,NORMAL,SUPPORT,NEUTRAL,NULL,MAGIC,,120,120,RANK1,0,HAND_SELECT,1,DARK,,,,,,,,,,,,,,,,,,,,,,,,,,,,65000126,
65000079,伤害输出,全体解放增加30%,己方全员/圣剑解放增加30%,1,1,,PARAM_UP,,NORMAL,SUPPORT,NEUTRAL,NULL,MAGIC,,120,120,RANK1,0,USER_ALL,,,,,,,,,,,,,,,,,,,,,,,,,,,,,,65000223,
65000080,死刑,种族/魔攻/魔伤害120％,手牌的[魔法]卡牌1枚/1回合/敌人为<BR>[心象类型:剑术]时，所选择的卡牌的魔法伤害提升120%,1,1,,PARAM_UP,,NORMAL,SUPPORT,NEUTRAL,NULL,MAGIC,,120,120,RANK1,0,HAND_SELECT,1,,SORCERY,,,,,,,,,,,,,,,,,,,,,,,,,,,65100068,
65000081,霸导,全体/魔法攻击提升,己方全员/1回合/提升{1}点魔法伤害,1,1,,PARAM_UP,,NORMAL,SUPPORT,NEUTRAL,NULL,MAGIC,,120,120,RANK1,0,USER_ALL,,,,,,,,,,,,,,,,,,,,,,,,,,,,,,65100058,
65000082,霸导,全体/魔法攻击提升,己方全员/1回合/提升{1}点魔法伤害,1,1,,PARAM_UP,,NORMAL,SUPPORT,NEUTRAL,NULL,MAGIC,,120,120,RANK1,0,USER_ALL,,,,,,,,,,,,,,,,,,,,,,,,,,,,,,65100059,
65000083,霸导,全体/魔法攻击提升,己方全员/1回合/提升{1}点魔法伤害,1,1,,PARAM_UP,,NORMAL,SUPPORT,NEUTRAL,NULL,MAGIC,,120,120,RANK1,0,USER_ALL,,,,,,,,,,,,,,,,,,,,,,,,,,,,,,65100060,
65000084,霸导,全体/魔法攻击提升,己方全员/1回合/提升{1}点魔法伤害,1,1,,PARAM_UP,,NORMAL,SUPPORT,NEUTRAL,NULL,MAGIC,,120,120,RANK1,0,USER_ALL,,,,,,,,,,,,,,,,,,,,,,,,,,,,,,65100061,
65000085,霸导,全体/魔法攻击提升,己方全员/1回合/提升{1}点魔法伤害,1,1,,PARAM_UP,,NORMAL,SUPPORT,NEUTRAL,NULL,MAGIC,,120,120,RANK1,0,USER_ALL,,,,,,,,,,,,,,,,,,,,,,,,,,,,,,65100062,
65000086,王者之剑起源,光属性/1枚/减少2能量,手牌的光属性卡牌1枚/1回合/减少2能量,1,1,,PARAM_UP,,NORMAL,SUPPORT,NEUTRAL,NULL,MAGIC,,120,120,RANK1,0,HAND_SELECT,1,LIGHT,,,,,,,,,,,,,,,,,,,,,,,,,,,,65000102,
65000087,伪[圆桌骑士],暗魔法1枚/魔法攻击次数2,手牌的暗属性[魔法]卡牌1枚/1回合/付与魔法攻击2次,1,1,,PARAM_UP,,NORMAL,SUPPORT,NEUTRAL,NULL,MAGIC,,120,120,RANK1,0,HAND_SELECT,1,DARK,SORCERY,,,,,,,,,,,,,,,,,,,,,,,,,,,65000206,
65000088,王的因子,一人/两面上限提升,己方1人/1回合/提升{1}点全伤害上限,1,1,,PARAM_UP,,NORMAL,SUPPORT,NEUTRAL,NULL,MAGIC,,120,120,RANK1,0,USER_ONE,,,,,,,,,,,,,,,,,,,,,,,,,,,,,,65100063,
65000089,王的因子,一人/两面上限提升,己方1人/1回合/提升{1}点全伤害上限,1,1,,PARAM_UP,,NORMAL,SUPPORT,NEUTRAL,NULL,MAGIC,,120,120,RANK1,0,USER_ONE,,,,,,,,,,,,,,,,,,,,,,,,,,,,,,65100064,
65000090,王的因子,一人/两面上限提升,己方1人/1回合/提升{1}点全伤害上限,1,1,,PARAM_UP,,NORMAL,SUPPORT,NEUTRAL,NULL,MAGIC,,120,120,RANK1,0,USER_ONE,,,,,,,,,,,,,,,,,,,,,,,,,,,,,,65100065,
65000091,王的因子,一人/两面上限提升,己方1人/1回合/提升{1}点全伤害上限,1,1,,PARAM_UP,,NORMAL,SUPPORT,NEUTRAL,NULL,MAGIC,,120,120,RANK1,0,USER_ONE,,,,,,,,,,,,,,,,,,,,,,,,,,,,,,65100066,
65000092,王的因子,一人/两面上限提升,己方1人/1回合/提升{1}点全伤害上限,1,1,,PARAM_UP,,NORMAL,SUPPORT,NEUTRAL,NULL,MAGIC,,120,120,RANK1,0,USER_ONE,,,,,,,,,,,,,,,,,,,,,,,,,,,,,,65100067,
65000093,魔女的因子,暗属性/1枚/减少2能量,手牌的暗属性卡牌1枚/1回合/减少2能量,1,1,,PARAM_UP,,NORMAL,SUPPORT,NEUTRAL,NULL,MAGIC,,120,120,RANK1,0,HAND_SELECT,1,DARK,,,,,,,,,,,,,,,,,,,,,,,,,,,,65000127,
65000094,库拉莱特爆发,冰物理/贯穿80%,手牌的冰属性[物理]卡牌1枚/1回合/付与无视80%全防御的效果,1,1,,PARAM_UP,,NORMAL,SUPPORT,NEUTRAL,NULL,MAGIC,,120,120,RANK1,0,HAND_SELECT,1,ICE,ATTACK,,,,,,,,,,,,,,,,,,,,,,,,,,,65000184,
65000100,天狼连牙,己方1人/1回合/提升物理伤害,己方1人/1回合/提升{1}点物理伤害,1,1,,PARAM_UP,,NORMAL,SUPPORT,NEUTRAL,NULL,MAGIC,,120,120,RANK1,0,USER_ONE,,,,,,,,,,,,,,,,,,,,,,,,,,,,,,65100100,
65000101,天狼连牙,己方1人/1回合/提升物理伤害,己方1人/1回合/提升{1}点物理伤害,1,1,,PARAM_UP,,NORMAL,SUPPORT,NEUTRAL,NULL,MAGIC,,120,120,RANK1,0,USER_ONE,,,,,,,,,,,,,,,,,,,,,,,,,,,,,,65100101,
65000102,天狼连牙,己方1人/1回合/提升物理伤害,己方1人/1回合/提升{1}点物理伤害,1,1,,PARAM_UP,,NORMAL,SUPPORT,NEUTRAL,NULL,MAGIC,,120,120,RANK1,0,USER_ONE,,,,,,,,,,,,,,,,,,,,,,,,,,,,,,65100102,
65000103,天狼连牙,己方1人/1回合/提升物理伤害,己方1人/1回合/提升{1}点物理伤害,1,1,,PARAM_UP,,NORMAL,SUPPORT,NEUTRAL,NULL,MAGIC,,120,120,RANK1,0,USER_ONE,,,,,,,,,,,,,,,,,,,,,,,,,,,,,,65100103,
65000104,天狼连牙,己方1人/1回合/提升物理伤害,己方1人/1回合/提升{1}点物理伤害,1,1,,PARAM_UP,,NORMAL,SUPPORT,NEUTRAL,NULL,MAGIC,,120,120,RANK1,0,USER_ONE,,,,,,,,,,,,,,,,,,,,,,,,,,,,,,65100104,
65000111,冰面疾走,己方全体/魔防增益,己方全员/1回合/提升{1}点魔法防御,1,1,,PARAM_UP,,NORMAL,SUPPORT,NEUTRAL,NULL,MAGIC,,120,120,RANK1,0,USER_ALL,,,,,,,,,,,,,,,,,,,,,,,,,,,,,,65100111,
65000112,冰面疾走,己方全体/魔防增益,己方全员/1回合/提升{1}点魔法防御,1,1,,PARAM_UP,,NORMAL,SUPPORT,NEUTRAL,NULL,MAGIC,,120,120,RANK1,0,USER_ALL,,,,,,,,,,,,,,,,,,,,,,,,,,,,,,65100112,
65000113,冰面疾走,己方全体/魔防增益,己方全员/1回合/提升{1}点魔法防御,1,1,,PARAM_UP,,NORMAL,SUPPORT,NEUTRAL,NULL,MAGIC,,120,120,RANK1,0,USER_ALL,,,,,,,,,,,,,,,,,,,,,,,,,,,,,,65100113,
65000114,冰面疾走,己方全体/魔防增益,己方全员/1回合/提升{1}点魔法防御,1,1,,PARAM_UP,,NORMAL,SUPPORT,NEUTRAL,NULL,MAGIC,,120,120,RANK1,0,USER_ALL,,,,,,,,,,,,,,,,,,,,,,,,,,,,,,65100114,
65000120,雪月花乱舞,冰属性物理1枚/减少3能量,手牌的冰属性[物理]卡牌1枚/1回合/减少3能量,1,1,,PARAM_UP,,NORMAL,SUPPORT,NEUTRAL,NULL,MAGIC,,120,120,RANK1,0,HAND_SELECT,1,ICE,ATTACK,,,,,,,,,,,,,,,,,,,,,,,,,,,65100120,
65000130,兔子之花,全体/提升魔法上限,己方全员/1回合/提升{1}点魔法伤害上限,1,1,,PARAM_UP,,NORMAL,SUPPORT,NEUTRAL,NULL,MAGIC,,120,120,RANK1,0,USER_ALL,,,,,,,,,,,,,,,,,,,,,,,,,,,,,,65100130,
65000131,兔子之花,全体/提升魔法上限,己方全员/1回合/提升{1}点魔法伤害上限,1,1,,PARAM_UP,,NORMAL,SUPPORT,NEUTRAL,NULL,MAGIC,,120,120,RANK1,0,USER_ALL,,,,,,,,,,,,,,,,,,,,,,,,,,,,,,65100131,
65000132,兔子之花,全体/提升魔法上限,己方全员/1回合/提升{1}点魔法伤害上限,1,1,,PARAM_UP,,NORMAL,SUPPORT,NEUTRAL,NULL,MAGIC,,120,120,RANK1,0,USER_ALL,,,,,,,,,,,,,,,,,,,,,,,,,,,,,,65100132,
65000133,兔子之花,全体/提升魔法上限,己方全员/1回合/提升{1}点魔法伤害上限,1,1,,PARAM_UP,,NORMAL,SUPPORT,NEUTRAL,NULL,MAGIC,,120,120,RANK1,0,USER_ALL,,,,,,,,,,,,,,,,,,,,,,,,,,,,,,65100133,
65000134,兔子之花,全体/提升魔法上限,己方全员/1回合/提升{1}点魔法伤害上限,1,1,,PARAM_UP,,NORMAL,SUPPORT,NEUTRAL,NULL,MAGIC,,120,120,RANK1,0,USER_ALL,,,,,,,,,,,,,,,,,,,,,,,,,,,,,,65100134,
65000141,小憩的甜兔,全体/提升血量上限,己方全员/1回合/提升{1}点血量上限,1,1,,PARAM_UP,,NORMAL,SUPPORT,NEUTRAL,NULL,MAGIC,,120,120,RANK1,0,USER_ALL,,,,,,,,,,,,,,,,,,,,,,,,,,,,,,65100141,
65000142,小憩的甜兔,全体/提升血量上限,己方全员/1回合/提升{1}点血量上限,1,1,,PARAM_UP,,NORMAL,SUPPORT,NEUTRAL,NULL,MAGIC,,120,120,RANK1,0,USER_ALL,,,,,,,,,,,,,,,,,,,,,,,,,,,,,,65100142,
65000143,小憩的甜兔,全体/提升血量上限,己方全员/1回合/提升{1}点血量上限,1,1,,PARAM_UP,,NORMAL,SUPPORT,NEUTRAL,NULL,MAGIC,,120,120,RANK1,0,USER_ALL,,,,,,,,,,,,,,,,,,,,,,,,,,,,,,65100143,
65000144,小憩的甜兔,全体/提升血量上限,己方全员/1回合/提升{1}点血量上限,1,1,,PARAM_UP,,NORMAL,SUPPORT,NEUTRAL,NULL,MAGIC,,120,120,RANK1,0,USER_ALL,,,,,,,,,,,,,,,,,,,,,,,,,,,,,,65100144,
65000150,欢迎来到兔子小屋,卡组2枚/减少1能量,手牌的[卡组:点兔]卡牌2枚/1回合/减少1能量,1,1,,PARAM_UP,,NORMAL,SUPPORT,NEUTRAL,NULL,MAGIC,,120,120,RANK1,0,HAND_SELECT,2,,,,,30020005,,,,,,,,,,,,,,,,,,,,,,,,65100150,
65000160,恐吓射击,一人/解放增加40%,己方1人/圣剑解放增加40%,1,1,,PARAM_UP,,NORMAL,SUPPORT,NEUTRAL,NULL,MAGIC,,120,120,RANK1,0,USER_ONE,,,,,,,,,,,,,,,,,,,,,,,,,,,,,,65000214,
65000170,安哥拉之兔,4能量以上1枚/减少3能量,手牌4能量以上的卡牌1枚/1回合/减少3能量,1,1,,PARAM_UP,,NORMAL,SUPPORT,NEUTRAL,NULL,MAGIC,,120,120,RANK1,0,HAND_SELECT,1,,,4,9,,,,,,,,,,,,,,,,,,,,,,,,,65100170,
65000180,姐姐的魅力,全体/物理上限_物攻提升,己方全员/1回合/提升{1}点物理伤害及物理伤害上限,1,1,,PARAM_UP,,NORMAL,SUPPORT,NEUTRAL,NULL,MAGIC,,120,120,RANK1,0,USER_ALL,,,,,,,,,,,,,,,,,,,,,,,,,,,,,,65100180,
65000181,姐姐的魅力,全体/物理上限_物攻提升,己方全员/1回合/提升{1}点物理伤害及物理伤害上限,1,1,,PARAM_UP,,NORMAL,SUPPORT,NEUTRAL,NULL,MAGIC,,120,120,RANK1,0,USER_ALL,,,,,,,,,,,,,,,,,,,,,,,,,,,,,,65100181,
65000182,姐姐的魅力,全体/物理上限_物攻提升,己方全员/1回合/提升{1}点物理伤害及物理伤害上限,1,1,,PARAM_UP,,NORMAL,SUPPORT,NEUTRAL,NULL,MAGIC,,120,120,RANK1,0,USER_ALL,,,,,,,,,,,,,,,,,,,,,,,,,,,,,,65100182,
65000183,姐姐的魅力,全体/物理上限_物攻提升,己方全员/1回合/提升{1}点物理伤害及物理伤害上限,1,1,,PARAM_UP,,NORMAL,SUPPORT,NEUTRAL,NULL,MAGIC,,120,120,RANK1,0,USER_ALL,,,,,,,,,,,,,,,,,,,,,,,,,,,,,,65100183,
65000184,姐姐的魅力,全体/物理上限_物攻提升,己方全员/1回合/提升{1}点物理伤害及物理伤害上限,1,1,,PARAM_UP,,NORMAL,SUPPORT,NEUTRAL,NULL,MAGIC,,120,120,RANK1,0,USER_ALL,,,,,,,,,,,,,,,,,,,,,,,,,,,,,,65100184,
65000190,歌姬亚瑟的摇篮曲,己方1人/1回合/提升全伤害,己方1人/1回合/提升{1}点全伤害,1,1,,PARAM_UP,,NORMAL,SUPPORT,NEUTRAL,NULL,MAGIC,,120,120,RANK1,0,USER_ONE,,,,,,,,,,,,,,,,,,,,,,,,,,,,,,65100190,
65000191,歌姬亚瑟的摇篮曲,己方1人/1回合/提升全伤害,己方1人/1回合/提升{1}点全伤害,1,1,,PARAM_UP,,NORMAL,SUPPORT,NEUTRAL,NULL,MAGIC,,120,120,RANK1,0,USER_ONE,,,,,,,,,,,,,,,,,,,,,,,,,,,,,,65100191,
65000192,歌姬亚瑟的摇篮曲,己方1人/1回合/提升全伤害,己方1人/1回合/提升{1}点全伤害,1,1,,PARAM_UP,,NORMAL,SUPPORT,NEUTRAL,NULL,MAGIC,,120,120,RANK1,0,USER_ONE,,,,,,,,,,,,,,,,,,,,,,,,,,,,,,65100192,
65000193,歌姬亚瑟的摇篮曲,己方1人/1回合/提升全伤害,己方1人/1回合/提升{1}点全伤害,1,1,,PARAM_UP,,NORMAL,SUPPORT,NEUTRAL,NULL,MAGIC,,120,120,RANK1,0,USER_ONE,,,,,,,,,,,,,,,,,,,,,,,,,,,,,,65100193,
65000194,歌姬亚瑟的摇篮曲,己方1人/1回合/提升全伤害,己方1人/1回合/提升{1}点全伤害,1,1,,PARAM_UP,,NORMAL,SUPPORT,NEUTRAL,NULL,MAGIC,,120,120,RANK1,0,USER_ONE,,,,,,,,,,,,,,,,,,,,,,,,,,,,,,65100194,
65000200,富豪亚瑟的礼物,敌人心象为:堕落时，手牌的[防御]卡牌1枚/1回合/全防御提升效果提升100%,手牌的[防御]卡牌1枚/1回合/敌人为<BR>[心象类型:堕落]时，所选择的卡牌的全防御提升效果提升100%,1,1,,PARAM_UP,,NORMAL,SUPPORT,NEUTRAL,NULL,MAGIC,,120,120,RANK1,0,HAND_SELECT,1,,DEFENSE,,,,,,,,,,,,,,,,,,,,,,,,,,,65100200,
65000210,佣兵亚瑟的惊喜,手牌保持光1枚/再抽牌,手牌保持有1枚光属性卡牌/再次抽牌使手牌填满5枚,1,1,,PARAM_UP,,NORMAL,SUPPORT,NEUTRAL,NULL,MAGIC,,120,120,RANK1,0,HAND_SELECT,1,LIGHT,,,,,,,,,,,,,,,,,,,,,,,,,,,,65000180,
65000220,圣夜,己方1人/魔防增益,己方1人/1回合/提升{1}点魔法防御,1,1,,PARAM_UP,,NORMAL,SUPPORT,NEUTRAL,NULL,MAGIC,,120,120,RANK1,0,USER_ONE,,,,,,,,,,,,,,,,,,,,,,,,,,,,,,65100220,
65000221,圣夜,己方1人/魔防增益,己方1人/1回合/提升{1}点魔法防御,1,1,,PARAM_UP,,NORMAL,SUPPORT,NEUTRAL,NULL,MAGIC,,120,120,RANK1,0,USER_ONE,,,,,,,,,,,,,,,,,,,,,,,,,,,,,,65100221,
65000222,圣夜,己方1人/魔防增益,己方1人/1回合/提升{1}点魔法防御,1,1,,PARAM_UP,,NORMAL,SUPPORT,NEUTRAL,NULL,MAGIC,,120,120,RANK1,0,USER_ONE,,,,,,,,,,,,,,,,,,,,,,,,,,,,,,65100222,
65000223,圣夜,己方1人/魔防增益,己方1人/1回合/提升{1}点魔法防御,1,1,,PARAM_UP,,NORMAL,SUPPORT,NEUTRAL,NULL,MAGIC,,120,120,RANK1,0,USER_ONE,,,,,,,,,,,,,,,,,,,,,,,,,,,,,,65100223,
65000224,圣夜,己方1人/魔防增益,己方1人/1回合/提升{1}点魔法防御,1,1,,PARAM_UP,,NORMAL,SUPPORT,NEUTRAL,NULL,MAGIC,,120,120,RANK1,0,USER_ONE,,,,,,,,,,,,,,,,,,,,,,,,,,,,,,65100224,
65000232,寂静之夜,自身/物理上限解放/1回合,自身/1回合/提升{1}点物理伤害上限,1,1,,PARAM_UP,,NORMAL,SUPPORT,NEUTRAL,NULL,MAGIC,,120,120,RANK1,0,SELF,,,,,,,,,,,,,,,,,,,,,,,,,,,,,,65100231,
65000233,寂静之夜,自身/物理上限解放/1回合,自身/1回合/提升{1}点物理伤害上限,1,1,,PARAM_UP,,NORMAL,SUPPORT,NEUTRAL,NULL,MAGIC,,120,120,RANK1,0,SELF,,,,,,,,,,,,,,,,,,,,,,,,,,,,,,65100232,
65000234,寂静之夜,自身/物理上限解放/1回合,自身/1回合/提升{1}点物理伤害上限,1,1,,PARAM_UP,,NORMAL,SUPPORT,NEUTRAL,NULL,MAGIC,,120,120,RANK1,0,SELF,,,,,,,,,,,,,,,,,,,,,,,,,,,,,,65100233,
65000235,寂静之夜,自身/物理上限解放/1回合,自身/1回合/提升{1}点物理伤害上限,1,1,,PARAM_UP,,NORMAL,SUPPORT,NEUTRAL,NULL,MAGIC,,120,120,RANK1,0,SELF,,,,,,,,,,,,,,,,,,,,,,,,,,,,,,65100234,
65000240,圣夜的奇迹,手牌支援2枚/减少1能量,手牌的[支援]卡牌2枚/1回合/减少1能量,1,1,,PARAM_UP,,NORMAL,SUPPORT,NEUTRAL,NULL,MAGIC,,120,120,RANK1,0,HAND_SELECT,2,,SUPPORT,,,,,,,,,,,,,,,,,,,,,,,,,,,65000161,
65000250,驯鹿突进！,己方全员/魔法上限解放/1回合,己方全员/1回合/提升{1}点魔法伤害上限,1,1,,PARAM_UP,,NORMAL,SUPPORT,NEUTRAL,NULL,MAGIC,,120,120,RANK1,0,USER_ALL,,,,,,,,,,,,,,,,,,,,,,,,,,,,,,65100250,
65000251,驯鹿突进！,己方全员/魔法上限解放/1回合,己方全员/1回合/提升{1}点魔法伤害上限,1,1,,PARAM_UP,,NORMAL,SUPPORT,NEUTRAL,NULL,MAGIC,,120,120,RANK1,0,USER_ALL,,,,,,,,,,,,,,,,,,,,,,,,,,,,,,65100251,
65000252,驯鹿突进！,己方全员/魔法上限解放/1回合,己方全员/1回合/提升{1}点魔法伤害上限,1,1,,PARAM_UP,,NORMAL,SUPPORT,NEUTRAL,NULL,MAGIC,,120,120,RANK1,0,USER_ALL,,,,,,,,,,,,,,,,,,,,,,,,,,,,,,65100252,
65000253,驯鹿突进！,己方全员/魔法上限解放/1回合,己方全员/1回合/提升{1}点魔法伤害上限,1,1,,PARAM_UP,,NORMAL,SUPPORT,NEUTRAL,NULL,MAGIC,,120,120,RANK1,0,USER_ALL,,,,,,,,,,,,,,,,,,,,,,,,,,,,,,65100253,
65000254,驯鹿突进！,己方全员/魔法上限解放/1回合,己方全员/1回合/提升{1}点魔法伤害上限,1,1,,PARAM_UP,,NORMAL,SUPPORT,NEUTRAL,NULL,MAGIC,,120,120,RANK1,0,USER_ALL,,,,,,,,,,,,,,,,,,,,,,,,,,,,,,65100254,
65000261,给好孩子的礼物！,全体/两面防御提升,己方全员/1回合/提升{1}点全防御,1,1,,PARAM_UP,,NORMAL,SUPPORT,NEUTRAL,NULL,MAGIC,,120,120,RANK1,0,USER_ALL,,,,,,,,,,,,,,,,,,,,,,,,,,,,,,65100261,
65000262,给好孩子的礼物！,全体/两面防御提升,己方全员/1回合/提升{1}点全防御,1,1,,PARAM_UP,,NORMAL,SUPPORT,NEUTRAL,NULL,MAGIC,,120,120,RANK1,0,USER_ALL,,,,,,,,,,,,,,,,,,,,,,,,,,,,,,65100262,
65000263,给好孩子的礼物！,全体/两面防御提升,己方全员/1回合/提升{1}点全防御,1,1,,PARAM_UP,,NORMAL,SUPPORT,NEUTRAL,NULL,MAGIC,,120,120,RANK1,0,USER_ALL,,,,,,,,,,,,,,,,,,,,,,,,,,,,,,65100263,
65000264,给好孩子的礼物！,全体/两面防御提升,己方全员/1回合/提升{1}点全防御,1,1,,PARAM_UP,,NORMAL,SUPPORT,NEUTRAL,NULL,MAGIC,,120,120,RANK1,0,USER_ALL,,,,,,,,,,,,,,,,,,,,,,,,,,,,,,65100264,
65000270,去派送笑容啦！,魔法1枚付与贯穿70%,手牌的[魔法]卡牌1枚/1回合/付与无视70%全防御的效果,1,1,,PARAM_UP,,NORMAL,SUPPORT,NEUTRAL,NULL,MAGIC,,120,120,RANK1,0,HAND_SELECT,1,,SORCERY,,,,,,,,,,,,,,,,,,,,,,,,,,,65000183,
65000280,妖精戏水,手牌治疗1枚/减少1能量,手牌的[治疗]卡牌1枚/1回合/减少1能量,1,1,,PARAM_UP,,NORMAL,SUPPORT,NEUTRAL,NULL,MAGIC,,120,120,RANK1,0,HAND_SELECT,1,,RECOVERY,,,,,,,,,,,,,,,,,,,,,,,,,,,65000231,
65000291,秘境的探险队,自身/物理上限解放/1回合,自身/1回合/提升{1}点魔法伤害上限,1,1,,PARAM_UP,,NORMAL,SUPPORT,NEUTRAL,NULL,MAGIC,,120,120,RANK1,0,SELF,,,,,,,,,,,,,,,,,,,,,,,,,,,,,,65100291,
65000292,秘境的探险队,自身/物理上限解放/1回合,自身/1回合/提升{1}点魔法伤害上限,1,1,,PARAM_UP,,NORMAL,SUPPORT,NEUTRAL,NULL,MAGIC,,120,120,RANK1,0,SELF,,,,,,,,,,,,,,,,,,,,,,,,,,,,,,65100292,
65000293,秘境的探险队,自身/物理上限解放/1回合,自身/1回合/提升{1}点魔法伤害上限,1,1,,PARAM_UP,,NORMAL,SUPPORT,NEUTRAL,NULL,MAGIC,,120,120,RANK1,0,SELF,,,,,,,,,,,,,,,,,,,,,,,,,,,,,,65100293,
65000294,秘境的探险队,自身/物理上限解放/1回合,自身/1回合/提升{1}点魔法伤害上限,1,1,,PARAM_UP,,NORMAL,SUPPORT,NEUTRAL,NULL,MAGIC,,120,120,RANK1,0,SELF,,,,,,,,,,,,,,,,,,,,,,,,,,,,,,65100294,
65000300,妖精公园,暗属性支援1枚/减少3能量,手牌的暗属性[支援]卡牌1枚/1回合/减少3能量,1,1,,PARAM_UP,,NORMAL,SUPPORT,NEUTRAL,NULL,MAGIC,,120,120,RANK1,0,HAND_SELECT,1,DARK,SUPPORT,,,,,,,,,,,,,,,,,,,,,,,,,,,65100300,
65000310,虎之卷,全体/两面防御提升,己方全员/1回合/提升{1}点全防御,1,1,,PARAM_UP,,NORMAL,SUPPORT,NEUTRAL,NULL,MAGIC,,120,120,RANK1,0,USER_ALL,,,,,,,,,,,,,,,,,,,,,,,,,,,,,,65100310,
65000311,虎之卷,全体/两面防御提升,己方全员/1回合/提升{1}点全防御,1,1,,PARAM_UP,,NORMAL,SUPPORT,NEUTRAL,NULL,MAGIC,,120,120,RANK1,0,USER_ALL,,,,,,,,,,,,,,,,,,,,,,,,,,,,,,65100311,
65000312,虎之卷,全体/两面防御提升,己方全员/1回合/提升{1}点全防御,1,1,,PARAM_UP,,NORMAL,SUPPORT,NEUTRAL,NULL,MAGIC,,120,120,RANK1,0,USER_ALL,,,,,,,,,,,,,,,,,,,,,,,,,,,,,,65100312,
65000313,虎之卷,全体/两面防御提升,己方全员/1回合/提升{1}点全防御,1,1,,PARAM_UP,,NORMAL,SUPPORT,NEUTRAL,NULL,MAGIC,,120,120,RANK1,0,USER_ALL,,,,,,,,,,,,,,,,,,,,,,,,,,,,,,65100313,
65000314,虎之卷,全体/两面防御提升,己方全员/1回合/提升{1}点全防御,1,1,,PARAM_UP,,NORMAL,SUPPORT,NEUTRAL,NULL,MAGIC,,120,120,RANK1,0,USER_ALL,,,,,,,,,,,,,,,,,,,,,,,,,,,,,,65100314,
65000320,白拍子之舞,全体/付与暗属性追加攻击,己方全员/1回合/付与{1}点暗属性追加伤害,1,1,,PARAM_UP,,NORMAL,SUPPORT,NEUTRAL,NULL,MAGIC,,120,120,RANK1,0,USER_ALL,,,,,,,,,,,,,,,,,,,,,,,,,,,,,,65100320,
65000321,白拍子之舞,全体/付与暗属性追加攻击,己方全员/1回合/付与{1}点暗属性追加伤害,1,1,,PARAM_UP,,NORMAL,SUPPORT,NEUTRAL,NULL,MAGIC,,120,120,RANK1,0,USER_ALL,,,,,,,,,,,,,,,,,,,,,,,,,,,,,,65100321,
65000322,白拍子之舞,全体/付与暗属性追加攻击,己方全员/1回合/付与{1}点暗属性追加伤害,1,1,,PARAM_UP,,NORMAL,SUPPORT,NEUTRAL,NULL,MAGIC,,120,120,RANK1,0,USER_ALL,,,,,,,,,,,,,,,,,,,,,,,,,,,,,,65100322,
65000323,白拍子之舞,全体/付与暗属性追加攻击,己方全员/1回合/付与{1}点暗属性追加伤害,1,1,,PARAM_UP,,NORMAL,SUPPORT,NEUTRAL,NULL,MAGIC,,120,120,RANK1,0,USER_ALL,,,,,,,,,,,,,,,,,,,,,,,,,,,,,,65100323,
65000324,白拍子之舞,全体/付与暗属性追加攻击,己方全员/1回合/付与{1}点暗属性追加伤害,1,1,,PARAM_UP,,NORMAL,SUPPORT,NEUTRAL,NULL,MAGIC,,120,120,RANK1,0,USER_ALL,,,,,,,,,,,,,,,,,,,,,,,,,,,,,,65100324,
65000330,神刃八艘跳,己方1人/暴击伤害变更(200%),己方1人/1回合/暴击的伤害倍率变更为200%,1,1,,PARAM_UP,,NORMAL,SUPPORT,NEUTRAL,NULL,MAGIC,,120,120,RANK1,0,USER_ONE,,,,,,,,,,,,,,,,,,,,,,,,,,,,,,65100330,
65000340,恭贺新年,一人/解放增加40%,己方1人/圣剑解放增加40%,1,1,,PARAM_UP,,NORMAL,SUPPORT,NEUTRAL,NULL,MAGIC,,120,120,RANK1,0,USER_ONE,,,,,,,,,,,,,,,,,,,,,,,,,,,,,,65000214,
65000350,吉祥如意,全体/提升血量上限,己方全员/1回合/提升{1}点血量上限,1,1,,PARAM_UP,,NORMAL,SUPPORT,NEUTRAL,NULL,MAGIC,,120,120,RANK1,0,USER_ALL,,,,,,,,,,,,,,,,,,,,,,,,,,,,,,65100350,
65000351,吉祥如意,全体/提升血量上限,己方全员/1回合/提升{1}点血量上限,1,1,,PARAM_UP,,NORMAL,SUPPORT,NEUTRAL,NULL,MAGIC,,120,120,RANK1,0,USER_ALL,,,,,,,,,,,,,,,,,,,,,,,,,,,,,,65100351,
65000352,吉祥如意,全体/提升血量上限,己方全员/1回合/提升{1}点血量上限,1,1,,PARAM_UP,,NORMAL,SUPPORT,NEUTRAL,NULL,MAGIC,,120,120,RANK1,0,USER_ALL,,,,,,,,,,,,,,,,,,,,,,,,,,,,,,65100352,
65000353,吉祥如意,全体/提升血量上限,己方全员/1回合/提升{1}点血量上限,1,1,,PARAM_UP,,NORMAL,SUPPORT,NEUTRAL,NULL,MAGIC,,120,120,RANK1,0,USER_ALL,,,,,,,,,,,,,,,,,,,,,,,,,,,,,,65100353,
65000354,吉祥如意,全体/提升血量上限,己方全员/1回合/提升{1}点血量上限,1,1,,PARAM_UP,,NORMAL,SUPPORT,NEUTRAL,NULL,MAGIC,,120,120,RANK1,0,USER_ALL,,,,,,,,,,,,,,,,,,,,,,,,,,,,,,65100354,
65000360,永寿嘉福,一人/两面上限提升,己方1人/1回合/提升{1}点全伤害上限,1,1,,PARAM_UP,,NORMAL,SUPPORT,NEUTRAL,NULL,MAGIC,,120,120,RANK1,0,USER_ONE,,,,,,,,,,,,,,,,,,,,,,,,,,,,,,65100360,
65000361,永寿嘉福,一人/两面上限提升,己方1人/1回合/提升{1}点全伤害上限,1,1,,PARAM_UP,,NORMAL,SUPPORT,NEUTRAL,NULL,MAGIC,,120,120,RANK1,0,USER_ONE,,,,,,,,,,,,,,,,,,,,,,,,,,,,,,65100361,
65000362,永寿嘉福,一人/两面上限提升,己方1人/1回合/提升{1}点全伤害上限,1,1,,PARAM_UP,,NORMAL,SUPPORT,NEUTRAL,NULL,MAGIC,,120,120,RANK1,0,USER_ONE,,,,,,,,,,,,,,,,,,,,,,,,,,,,,,65100362,
65000363,永寿嘉福,一人/两面上限提升,己方1人/1回合/提升{1}点全伤害上限,1,1,,PARAM_UP,,NORMAL,SUPPORT,NEUTRAL,NULL,MAGIC,,120,120,RANK1,0,USER_ONE,,,,,,,,,,,,,,,,,,,,,,,,,,,,,,65100363,
65000364,永寿嘉福,一人/两面上限提升,己方1人/1回合/提升{1}点全伤害上限,1,1,,PARAM_UP,,NORMAL,SUPPORT,NEUTRAL,NULL,MAGIC,,120,120,RANK1,0,USER_ONE,,,,,,,,,,,,,,,,,,,,,,,,,,,,,,65100364,
65000370,致阿利尔的信,冰属性/1枚/减少1能量,手牌的冰属性卡牌1枚/1回合/减少1能量,1,1,,PARAM_UP,,NORMAL,SUPPORT,NEUTRAL,NULL,MAGIC,,120,120,RANK1,0,HAND_SELECT,1,ICE,,,,,,,,,,,,,,,,,,,,,,,,,,,,65000076,
65000380,疯狂的诱惑,手牌冰支援1枚保持/再抽牌,手牌保持有冰属性[支援]卡牌1枚/再次抽牌使手牌填满5枚,1,1,,PARAM_UP,,NORMAL,SUPPORT,NEUTRAL,NULL,MAGIC,,120,120,RANK1,0,HAND_SELECT,1,ICE,SUPPORT,,,,,,,,,,,,,,,,,,,,,,,,,,,65000180,
65000390,弑君之弩,全体/魔法上限_魔攻提升,己方全员/1回合/提升{1}点魔法伤害及魔法伤害上限,1,1,,PARAM_UP,,NORMAL,SUPPORT,NEUTRAL,NULL,MAGIC,,120,120,RANK1,0,USER_ALL,,,,,,,,,,,,,,,,,,,,,,,,,,,,,,65100390,
65000391,弑君之弩,全体/魔法上限_魔攻提升,己方全员/1回合/提升{1}点魔法伤害及魔法伤害上限,1,1,,PARAM_UP,,NORMAL,SUPPORT,NEUTRAL,NULL,MAGIC,,120,120,RANK1,0,USER_ALL,,,,,,,,,,,,,,,,,,,,,,,,,,,,,,65100391,
65000392,弑君之弩,全体/魔法上限_魔攻提升,己方全员/1回合/提升{1}点魔法伤害及魔法伤害上限,1,1,,PARAM_UP,,NORMAL,SUPPORT,NEUTRAL,NULL,MAGIC,,120,120,RANK1,0,USER_ALL,,,,,,,,,,,,,,,,,,,,,,,,,,,,,,65100392,
65000393,弑君之弩,全体/魔法上限_魔攻提升,己方全员/1回合/提升{1}点魔法伤害及魔法伤害上限,1,1,,PARAM_UP,,NORMAL,SUPPORT,NEUTRAL,NULL,MAGIC,,120,120,RANK1,0,USER_ALL,,,,,,,,,,,,,,,,,,,,,,,,,,,,,,65100393,
65000394,弑君之弩,全体/魔法上限_魔攻提升,己方全员/1回合/提升{1}点魔法伤害及魔法伤害上限,1,1,,PARAM_UP,,NORMAL,SUPPORT,NEUTRAL,NULL,MAGIC,,120,120,RANK1,0,USER_ALL,,,,,,,,,,,,,,,,,,,,,,,,,,,,,,65100394,
65000400,全知,己方全体/魔防增益,己方全员/1回合/提升{1}点魔法防御,1,1,,PARAM_UP,,NORMAL,SUPPORT,NEUTRAL,NULL,MAGIC,,120,120,RANK1,0,USER_ALL,,,,,,,,,,,,,,,,,,,,,,,,,,,,,,65100400,
65000401,全知,己方全体/魔防增益,己方全员/1回合/提升{1}点魔法防御,1,1,,PARAM_UP,,NORMAL,SUPPORT,NEUTRAL,NULL,MAGIC,,120,120,RANK1,0,USER_ALL,,,,,,,,,,,,,,,,,,,,,,,,,,,,,,65100401,
65000402,全知,己方全体/魔防增益,己方全员/1回合/提升{1}点魔法防御,1,1,,PARAM_UP,,NORMAL,SUPPORT,NEUTRAL,NULL,MAGIC,,120,120,RANK1,0,USER_ALL,,,,,,,,,,,,,,,,,,,,,,,,,,,,,,65100402,
65000403,全知,己方全体/魔防增益,己方全员/1回合/提升{1}点魔法防御,1,1,,PARAM_UP,,NORMAL,SUPPORT,NEUTRAL,NULL,MAGIC,,120,120,RANK1,0,USER_ALL,,,,,,,,,,,,,,,,,,,,,,,,,,,,,,65100403,
65000404,全知,己方全体/魔防增益,己方全员/1回合/提升{1}点魔法防御,1,1,,PARAM_UP,,NORMAL,SUPPORT,NEUTRAL,NULL,MAGIC,,120,120,RANK1,0,USER_ALL,,,,,,,,,,,,,,,,,,,,,,,,,,,,,,65100404,
65000410,魔术变装,火属性[2能量]/3枚/减少1能量,手牌的火属性[2能量]卡牌3枚/1回合/减少1能量,1,1,,PARAM_UP,,NORMAL,SUPPORT,NEUTRAL,NULL,MAGIC,,120,120,RANK1,0,HAND_SELECT,3,FIRE,,2,2,,,,,,,,,,,,,,,,,,,,,,,,,65000232,
65000420,冥界的魔女,火物理/付与物攻次数2次,手牌的火属性[物理]卡牌1枚/1回合/付与物理攻击次数2次化,1,1,,PARAM_UP,,NORMAL,SUPPORT,NEUTRAL,NULL,MAGIC,,120,120,RANK1,0,HAND_SELECT,1,FIRE,ATTACK,,,,,,,,,,,,,,,,,,,,,,,,,,,65000203,
