64000000,player_skill_buff,,pl_buff_a,ef_Btl_3D_SkillBuff00_00,TARGET,,,ATK_UP_FIXED,SELF,,1,1,1,1,1,1,1,1,1,1,ATK,1,4800000,72000,0,,,,,1,10000,
64000001,player_skill_buff,,pl_buff_a,ef_Btl_3D_SkillBuff00_00,TARGET,,,ATK_UP_FIXED,SELF,,1,1,1,1,1,1,1,1,1,1,ATK,1,4800000,84000,0,,,,,1,10000,
64000002,player_skill_buff,,pl_buff_a,ef_Btl_3D_SkillBuff00_00,TARGET,,,ATK_UP_FIXED,SELF,,1,1,1,1,1,1,1,1,1,1,ATK,1,4800000,96000,0,,,,,1,10000,
64000003,player_skill_buff,,pl_buff_a,ef_Btl_3D_SkillBuff00_00,TARGET,,,ATK_UP_FIXED,SELF,,1,1,1,1,1,1,1,1,1,1,ATK,1,4800000,108000,0,,,,,1,10000,
64000004,player_skill_buff,,pl_buff_a,ef_Btl_3D_SkillBuff00_00,TARGET,,,ATK_UP_FIXED,SELF,,1,1,1,1,1,1,1,1,1,1,ATK,1,4800000,120000,0,,,,,1,10000,
64000010,player_skill_buff,,pl_buff_a,ef_Btl_3D_SkillBuff00_00,TARGET,,,ATK_UP_FIXED,SELF,,1,1,1,1,1,1,1,1,1,1,INT,1,4800000,72000,0,,,,,1,10000,
64000011,player_skill_buff,,pl_buff_a,ef_Btl_3D_SkillBuff00_00,TARGET,,,ATK_UP_FIXED,SELF,,1,1,1,1,1,1,1,1,1,1,INT,1,4800000,84000,0,,,,,1,10000,
64000012,player_skill_buff,,pl_buff_a,ef_Btl_3D_SkillBuff00_00,TARGET,,,ATK_UP_FIXED,SELF,,1,1,1,1,1,1,1,1,1,1,INT,1,4800000,96000,0,,,,,1,10000,
64000013,player_skill_buff,,pl_buff_a,ef_Btl_3D_SkillBuff00_00,TARGET,,,ATK_UP_FIXED,SELF,,1,1,1,1,1,1,1,1,1,1,INT,1,4800000,108000,0,,,,,1,10000,
64000014,player_skill_buff,,pl_buff_a,ef_Btl_3D_SkillBuff00_00,TARGET,,,ATK_UP_FIXED,SELF,,1,1,1,1,1,1,1,1,1,1,INT,1,4800000,120000,0,,,,,1,10000,
64000030,player_skill_buff,,pl_buff_a,ef_Btl_3D_SkillBuff00_00,TARGET,,,DEF_UP_FIXED,SELF,,1,1,1,1,1,1,1,1,1,1,DEF,1,3360000,50400,0,,,,,1,10000,
64000031,player_skill_buff,,pl_buff_a,ef_Btl_3D_SkillBuff00_00,TARGET,,,DEF_UP_FIXED,SELF,,1,1,1,1,1,1,1,1,1,1,DEF,1,3360000,58800,0,,,,,1,10000,
64000032,player_skill_buff,,pl_buff_a,ef_Btl_3D_SkillBuff00_00,TARGET,,,DEF_UP_FIXED,SELF,,1,1,1,1,1,1,1,1,1,1,DEF,1,3360000,67200,0,,,,,1,10000,
64000033,player_skill_buff,,pl_buff_a,ef_Btl_3D_SkillBuff00_00,TARGET,,,DEF_UP_FIXED,SELF,,1,1,1,1,1,1,1,1,1,1,DEF,1,3360000,75600,0,,,,,1,10000,
64000034,player_skill_buff,,pl_buff_a,ef_Btl_3D_SkillBuff00_00,TARGET,,,DEF_UP_FIXED,SELF,,1,1,1,1,1,1,1,1,1,1,DEF,1,3360000,84000,0,,,,,1,10000,
64000040,player_skill_buff,,pl_buff_a,ef_Btl_3D_SkillBuff00_00,TARGET,,,DEF_UP_FIXED,SELF,,1,1,1,1,1,1,1,1,1,1,MDEF,1,3360000,50400,0,,,,,1,10000,
64000041,player_skill_buff,,pl_buff_a,ef_Btl_3D_SkillBuff00_00,TARGET,,,DEF_UP_FIXED,SELF,,1,1,1,1,1,1,1,1,1,1,MDEF,1,3360000,58800,0,,,,,1,10000,
64000042,player_skill_buff,,pl_buff_a,ef_Btl_3D_SkillBuff00_00,TARGET,,,DEF_UP_FIXED,SELF,,1,1,1,1,1,1,1,1,1,1,MDEF,1,3360000,67200,0,,,,,1,10000,
64000043,player_skill_buff,,pl_buff_a,ef_Btl_3D_SkillBuff00_00,TARGET,,,DEF_UP_FIXED,SELF,,1,1,1,1,1,1,1,1,1,1,MDEF,1,3360000,75600,0,,,,,1,10000,
64000044,player_skill_buff,,pl_buff_a,ef_Btl_3D_SkillBuff00_00,TARGET,,,DEF_UP_FIXED,SELF,,1,1,1,1,1,1,1,1,1,1,MDEF,1,3360000,84000,0,,,,,1,10000,
64000050,player_skill_buff,,pl_buff_a,ef_Btl_3D_SkillBuff00_00,TARGET,,,DEF_UP_FIXED,SELF,,1,1,1,1,1,1,1,1,1,1,DEF,1,2720000,40800,0,,,,,1,10000,
64000050,,,,,,,,DEF_UP_FIXED,SELF,,1,1,1,1,1,1,1,1,1,1,MDEF,1,2720000,40800,0,,,,,1,10000,
64000051,player_skill_buff,,pl_buff_a,ef_Btl_3D_SkillBuff00_00,TARGET,,,DEF_UP_FIXED,SELF,,1,1,1,1,1,1,1,1,1,1,DEF,1,2720000,47600,0,,,,,1,10000,
64000051,,,,,,,,DEF_UP_FIXED,SELF,,1,1,1,1,1,1,1,1,1,1,MDEF,1,2720000,47600,0,,,,,1,10000,
64000052,player_skill_buff,,pl_buff_a,ef_Btl_3D_SkillBuff00_00,TARGET,,,DEF_UP_FIXED,SELF,,1,1,1,1,1,1,1,1,1,1,DEF,1,2720000,54400,0,,,,,1,10000,
64000052,,,,,,,,DEF_UP_FIXED,SELF,,1,1,1,1,1,1,1,1,1,1,MDEF,1,2720000,54400,0,,,,,1,10000,
64000053,player_skill_buff,,pl_buff_a,ef_Btl_3D_SkillBuff00_00,TARGET,,,DEF_UP_FIXED,SELF,,1,1,1,1,1,1,1,1,1,1,DEF,1,2720000,61200,0,,,,,1,10000,
64000053,,,,,,,,DEF_UP_FIXED,SELF,,1,1,1,1,1,1,1,1,1,1,MDEF,1,2720000,61200,0,,,,,1,10000,
64000054,player_skill_buff,,pl_buff_a,ef_Btl_3D_SkillBuff00_00,TARGET,,,DEF_UP_FIXED,SELF,,1,1,1,1,1,1,1,1,1,1,DEF,1,2720000,68000,0,,,,,1,10000,
64000054,,,,,,,,DEF_UP_FIXED,SELF,,1,1,1,1,1,1,1,1,1,1,MDEF,1,2720000,68000,0,,,,,1,10000,
64000060,player_skill_buff,,pl_buff_a,ef_Btl_3D_SkillBuff00_00,TARGET,,,ATK_UP_FIXED,SELF,,1,1,1,1,1,1,1,1,1,1,MAX_HP,1,2720000,40800,0,,,,,1,10000,
64000061,player_skill_buff,,pl_buff_a,ef_Btl_3D_SkillBuff00_00,TARGET,,,ATK_UP_FIXED,SELF,,1,1,1,1,1,1,1,1,1,1,MAX_HP,1,2720000,47600,0,,,,,1,10000,
64000062,player_skill_buff,,pl_buff_a,ef_Btl_3D_SkillBuff00_00,TARGET,,,ATK_UP_FIXED,SELF,,1,1,1,1,1,1,1,1,1,1,MAX_HP,1,2720000,54400,0,,,,,1,10000,
64000063,player_skill_buff,,pl_buff_a,ef_Btl_3D_SkillBuff00_00,TARGET,,,ATK_UP_FIXED,SELF,,1,1,1,1,1,1,1,1,1,1,MAX_HP,1,2720000,61200,0,,,,,1,10000,
64000064,player_skill_buff,,pl_buff_a,ef_Btl_3D_SkillBuff00_00,TARGET,,,ATK_UP_FIXED,SELF,,1,1,1,1,1,1,1,1,1,1,MAX_HP,1,2720000,68000,0,,,,,1,10000,
64000070,player_skill_buff,,pl_buff_a,ef_Btl_3D_SkillBuff00_00,TARGET,,,PARAM_LIMIT_BREAK_FIXED,SELF,,1,1,1,1,1,1,1,1,1,1,ATK,1,2720000,40800,0,,,,,1,10000,
64000071,player_skill_buff,,pl_buff_a,ef_Btl_3D_SkillBuff00_00,TARGET,,,PARAM_LIMIT_BREAK_FIXED,SELF,,1,1,1,1,1,1,1,1,1,1,ATK,1,2720000,47600,0,,,,,1,10000,
64000072,player_skill_buff,,pl_buff_a,ef_Btl_3D_SkillBuff00_00,TARGET,,,PARAM_LIMIT_BREAK_FIXED,SELF,,1,1,1,1,1,1,1,1,1,1,ATK,1,2720000,54400,0,,,,,1,10000,
64000073,player_skill_buff,,pl_buff_a,ef_Btl_3D_SkillBuff00_00,TARGET,,,PARAM_LIMIT_BREAK_FIXED,SELF,,1,1,1,1,1,1,1,1,1,1,ATK,1,2720000,61200,0,,,,,1,10000,
64000074,player_skill_buff,,pl_buff_a,ef_Btl_3D_SkillBuff00_00,TARGET,,,PARAM_LIMIT_BREAK_FIXED,SELF,,1,1,1,1,1,1,1,1,1,1,ATK,1,2720000,68000,0,,,,,1,10000,
64000080,player_skill_buff,,pl_buff_a,ef_Btl_3D_SkillBuff00_00,TARGET,,,PARAM_LIMIT_BREAK_FIXED,SELF,,1,1,1,1,1,1,1,1,1,1,INT,1,2720000,40800,0,,,,,1,10000,
64000081,player_skill_buff,,pl_buff_a,ef_Btl_3D_SkillBuff00_00,TARGET,,,PARAM_LIMIT_BREAK_FIXED,SELF,,1,1,1,1,1,1,1,1,1,1,INT,1,2720000,47600,0,,,,,1,10000,
64000082,player_skill_buff,,pl_buff_a,ef_Btl_3D_SkillBuff00_00,TARGET,,,PARAM_LIMIT_BREAK_FIXED,SELF,,1,1,1,1,1,1,1,1,1,1,INT,1,2720000,54400,0,,,,,1,10000,
64000083,player_skill_buff,,pl_buff_a,ef_Btl_3D_SkillBuff00_00,TARGET,,,PARAM_LIMIT_BREAK_FIXED,SELF,,1,1,1,1,1,1,1,1,1,1,INT,1,2720000,61200,0,,,,,1,10000,
64000084,player_skill_buff,,pl_buff_a,ef_Btl_3D_SkillBuff00_00,TARGET,,,PARAM_LIMIT_BREAK_FIXED,SELF,,1,1,1,1,1,1,1,1,1,1,INT,1,2720000,68000,0,,,,,1,10000,
64100060,player_skill_buff,,pl_buff_a,ef_Btl_3D_SkillBuff00_00,TARGET,,,ATK_UP_FIXED,SELF,,1,1,1,1,1,1,1,1,1,1,MAX_HP,1,3060000,88400,0,,,,,1,10000,
64100061,player_skill_buff,,pl_buff_a,ef_Btl_3D_SkillBuff00_00,TARGET,,,ATK_UP_FIXED,SELF,,1,1,1,1,1,1,1,1,1,1,MAX_HP,1,3060000,108800,0,,,,,1,10000,
64100062,player_skill_buff,,pl_buff_a,ef_Btl_3D_SkillBuff00_00,TARGET,,,ATK_UP_FIXED,SELF,,1,1,1,1,1,1,1,1,1,1,MAX_HP,1,3060000,129200,0,,,,,1,10000,
64100063,player_skill_buff,,pl_buff_a,ef_Btl_3D_SkillBuff00_00,TARGET,,,ATK_UP_FIXED,SELF,,1,1,1,1,1,1,1,1,1,1,MAX_HP,1,3060000,149600,0,,,,,1,10000,
64100064,player_skill_buff,,pl_buff_a,ef_Btl_3D_SkillBuff00_00,TARGET,,,ATK_UP_FIXED,SELF,,1,1,1,1,1,1,1,1,1,1,MAX_HP,1,3060000,170000,0,,,,,1,10000,
64100070,player_skill_buff,,pl_buff_a,ef_Btl_3D_SkillBuff00_00,TARGET,,,PARAM_LIMIT_BREAK_FIXED,SELF,,1,1,1,1,1,1,1,1,1,1,ATK,1,3060000,88400,0,,,,,1,10000,
64100071,player_skill_buff,,pl_buff_a,ef_Btl_3D_SkillBuff00_00,TARGET,,,PARAM_LIMIT_BREAK_FIXED,SELF,,1,1,1,1,1,1,1,1,1,1,ATK,1,3060000,108800,0,,,,,1,10000,
64100072,player_skill_buff,,pl_buff_a,ef_Btl_3D_SkillBuff00_00,TARGET,,,PARAM_LIMIT_BREAK_FIXED,SELF,,1,1,1,1,1,1,1,1,1,1,ATK,1,3060000,129200,0,,,,,1,10000,
64100073,player_skill_buff,,pl_buff_a,ef_Btl_3D_SkillBuff00_00,TARGET,,,PARAM_LIMIT_BREAK_FIXED,SELF,,1,1,1,1,1,1,1,1,1,1,ATK,1,3060000,149600,0,,,,,1,10000,
64100074,player_skill_buff,,pl_buff_a,ef_Btl_3D_SkillBuff00_00,TARGET,,,PARAM_LIMIT_BREAK_FIXED,SELF,,1,1,1,1,1,1,1,1,1,1,ATK,1,3060000,170000,0,,,,,1,10000,
64100080,player_skill_buff,,pl_buff_a,ef_Btl_3D_SkillBuff00_00,TARGET,,,PARAM_LIMIT_BREAK_FIXED,SELF,,1,1,1,1,1,1,1,1,1,1,INT,1,3060000,88400,0,,,,,1,10000,
64100081,player_skill_buff,,pl_buff_a,ef_Btl_3D_SkillBuff00_00,TARGET,,,PARAM_LIMIT_BREAK_FIXED,SELF,,1,1,1,1,1,1,1,1,1,1,INT,1,3060000,108800,0,,,,,1,10000,
64100082,player_skill_buff,,pl_buff_a,ef_Btl_3D_SkillBuff00_00,TARGET,,,PARAM_LIMIT_BREAK_FIXED,SELF,,1,1,1,1,1,1,1,1,1,1,INT,1,3060000,129200,0,,,,,1,10000,
64100083,player_skill_buff,,pl_buff_a,ef_Btl_3D_SkillBuff00_00,TARGET,,,PARAM_LIMIT_BREAK_FIXED,SELF,,1,1,1,1,1,1,1,1,1,1,INT,1,3060000,149600,0,,,,,1,10000,
64100084,player_skill_buff,,pl_buff_a,ef_Btl_3D_SkillBuff00_00,TARGET,,,PARAM_LIMIT_BREAK_FIXED,SELF,,1,1,1,1,1,1,1,1,1,1,INT,1,3060000,170000,0,,,,,1,10000,
64100100,player_skill_buff,,pl_buff_a,ef_Btl_3D_SkillBuff00_00,TARGET,,,BURST_GAUGE_QUICK_UP,SELF,,1,1,1,1,1,1,1,1,1,30,0,,,,,,,,,1,10000,
64100101,player_skill_buff,,pl_buff_a,ef_Btl_3D_SkillBuff00_00,TARGET,,,BURST_GAUGE_QUICK_UP,SELF,,1,1,1,1,1,1,1,1,1,33,0,,,,,,,,,1,10000,
64100102,player_skill_buff,,pl_buff_a,ef_Btl_3D_SkillBuff00_00,TARGET,,,BURST_GAUGE_QUICK_UP,SELF,,1,1,1,1,1,1,1,1,1,36,0,,,,,,,,,1,10000,
64100103,player_skill_buff,,pl_buff_a,ef_Btl_3D_SkillBuff00_00,TARGET,,,BURST_GAUGE_QUICK_UP,SELF,,1,1,1,1,1,1,1,1,1,38,0,,,,,,,,,1,10000,
64100104,player_skill_buff,,pl_buff_a,ef_Btl_3D_SkillBuff00_00,TARGET,,,BURST_GAUGE_QUICK_UP,SELF,,1,1,1,1,1,1,1,1,1,40,0,,,,,,,,,1,10000,
64100270,player_skill_buff,,pl_buff_a,ef_Btl_3D_SkillBuff00_00,TARGET,,,PARAM_UP_SKILL_BONUS,SELF,,1,1,1,1,1,1,1,1,1,DEF,5,0,0,WIND,0,,,,,1,10000,
64100270,,,,,,,,DEF_UP_FIXED,SELF,,1,1,1,1,1,1,1,1,1,1,DEF,1,3402000,98280,0,,,,,1,10000,
64100271,player_skill_buff,,pl_buff_a,ef_Btl_3D_SkillBuff00_00,TARGET,,,PARAM_UP_SKILL_BONUS,SELF,,1,1,1,1,1,1,1,1,1,DEF,5,0,0,WIND,0,,,,,1,10000,
64100271,,,,,,,,DEF_UP_FIXED,SELF,,1,1,1,1,1,1,1,1,1,1,DEF,1,3402000,120960,0,,,,,1,10000,
64100272,player_skill_buff,,pl_buff_a,ef_Btl_3D_SkillBuff00_00,TARGET,,,PARAM_UP_SKILL_BONUS,SELF,,1,1,1,1,1,1,1,1,1,DEF,5,0,0,WIND,0,,,,,1,10000,
64100272,,,,,,,,DEF_UP_FIXED,SELF,,1,1,1,1,1,1,1,1,1,1,DEF,1,3402000,143640,0,,,,,1,10000,
64100273,player_skill_buff,,pl_buff_a,ef_Btl_3D_SkillBuff00_00,TARGET,,,PARAM_UP_SKILL_BONUS,SELF,,1,1,1,1,1,1,1,1,1,DEF,5,0,0,WIND,0,,,,,1,10000,
64100273,,,,,,,,DEF_UP_FIXED,SELF,,1,1,1,1,1,1,1,1,1,1,DEF,1,3402000,166320,0,,,,,1,10000,
64100274,player_skill_buff,,pl_buff_a,ef_Btl_3D_SkillBuff00_00,TARGET,,,PARAM_UP_SKILL_BONUS,SELF,,1,1,1,1,1,1,1,1,1,DEF,5,0,0,WIND,0,,,,,1,10000,
64100274,,,,,,,,DEF_UP_FIXED,SELF,,1,1,1,1,1,1,1,1,1,1,DEF,1,3402000,189000,0,,,,,1,10000,
64100330,player_skill_buff,,pl_buff_a,ef_Btl_3D_SkillBuff00_00,TARGET,,,PARAM_UP_SKILL_BONUS,SELF,,1,1,1,1,1,1,1,1,1,MDEF,5,0,0,ICE,0,,,,,1,10000,
64100330,,,,,,,,DEF_UP_FIXED,SELF,,1,1,1,1,1,1,1,1,1,1,MDEF,1,3402000,98280,0,,,,,1,10000,
64100331,player_skill_buff,,pl_buff_a,ef_Btl_3D_SkillBuff00_00,TARGET,,,PARAM_UP_SKILL_BONUS,SELF,,1,1,1,1,1,1,1,1,1,MDEF,5,0,0,ICE,0,,,,,1,10000,
64100331,,,,,,,,DEF_UP_FIXED,SELF,,1,1,1,1,1,1,1,1,1,1,MDEF,1,3402000,120960,0,,,,,1,10000,
64100332,player_skill_buff,,pl_buff_a,ef_Btl_3D_SkillBuff00_00,TARGET,,,PARAM_UP_SKILL_BONUS,SELF,,1,1,1,1,1,1,1,1,1,MDEF,5,0,0,ICE,0,,,,,1,10000,
64100332,,,,,,,,DEF_UP_FIXED,SELF,,1,1,1,1,1,1,1,1,1,1,MDEF,1,3402000,143640,0,,,,,1,10000,
64100333,player_skill_buff,,pl_buff_a,ef_Btl_3D_SkillBuff00_00,TARGET,,,PARAM_UP_SKILL_BONUS,SELF,,1,1,1,1,1,1,1,1,1,MDEF,5,0,0,ICE,0,,,,,1,10000,
64100333,,,,,,,,DEF_UP_FIXED,SELF,,1,1,1,1,1,1,1,1,1,1,MDEF,1,3402000,166320,0,,,,,1,10000,
64100334,player_skill_buff,,pl_buff_a,ef_Btl_3D_SkillBuff00_00,TARGET,,,PARAM_UP_SKILL_BONUS,SELF,,1,1,1,1,1,1,1,1,1,MDEF,5,0,0,ICE,0,,,,,1,10000,
64100334,,,,,,,,DEF_UP_FIXED,SELF,,1,1,1,1,1,1,1,1,1,1,MDEF,1,3402000,189000,0,,,,,1,10000,
64100410,player_skill_buff,,pl_buff_a,ef_Btl_3D_SkillBuff00_00,TARGET,,,PARAM_UP_SKILL_BONUS,SELF,,1,1,1,1,1,1,1,1,1,MAX_HP,5,0,0,FIRE,0,,,,,1,10000,
64100410,,,,,,,,ATK_UP_FIXED,SELF,,1,1,1,1,1,1,1,1,1,1,MAX_HP,1,2754000,79560,0,,,,,1,10000,
64100411,player_skill_buff,,pl_buff_a,ef_Btl_3D_SkillBuff00_00,TARGET,,,PARAM_UP_SKILL_BONUS,SELF,,1,1,1,1,1,1,1,1,1,MAX_HP,5,0,0,FIRE,0,,,,,1,10000,
64100411,,,,,,,,ATK_UP_FIXED,SELF,,1,1,1,1,1,1,1,1,1,1,MAX_HP,1,2754000,97920,0,,,,,1,10000,
64100412,player_skill_buff,,pl_buff_a,ef_Btl_3D_SkillBuff00_00,TARGET,,,PARAM_UP_SKILL_BONUS,SELF,,1,1,1,1,1,1,1,1,1,MAX_HP,5,0,0,FIRE,0,,,,,1,10000,
64100412,,,,,,,,ATK_UP_FIXED,SELF,,1,1,1,1,1,1,1,1,1,1,MAX_HP,1,2754000,116280,0,,,,,1,10000,
64100413,player_skill_buff,,pl_buff_a,ef_Btl_3D_SkillBuff00_00,TARGET,,,PARAM_UP_SKILL_BONUS,SELF,,1,1,1,1,1,1,1,1,1,MAX_HP,5,0,0,FIRE,0,,,,,1,10000,
64100413,,,,,,,,ATK_UP_FIXED,SELF,,1,1,1,1,1,1,1,1,1,1,MAX_HP,1,2754000,134640,0,,,,,1,10000,
64100414,player_skill_buff,,pl_buff_a,ef_Btl_3D_SkillBuff00_00,TARGET,,,PARAM_UP_SKILL_BONUS,SELF,,1,1,1,1,1,1,1,1,1,MAX_HP,5,0,0,FIRE,0,,,,,1,10000,
64100414,,,,,,,,ATK_UP_FIXED,SELF,,1,1,1,1,1,1,1,1,1,1,MAX_HP,1,2754000,153000,0,,,,,1,10000,
64100420,player_skill_buff,,pl_buff_a,ef_Btl_3D_SkillBuff00_00,TARGET,,,PARAM_UP_SKILL_BONUS,SELF,,1,1,1,1,1,1,1,1,1,MAX_HP,5,0,0,WIND,0,,,,,1,10000,
64100420,,,,,,,,ATK_UP_FIXED,SELF,,1,1,1,1,1,1,1,1,1,1,MAX_HP,1,2754000,79560,0,,,,,1,10000,
64100421,player_skill_buff,,pl_buff_a,ef_Btl_3D_SkillBuff00_00,TARGET,,,PARAM_UP_SKILL_BONUS,SELF,,1,1,1,1,1,1,1,1,1,MAX_HP,5,0,0,WIND,0,,,,,1,10000,
64100421,,,,,,,,ATK_UP_FIXED,SELF,,1,1,1,1,1,1,1,1,1,1,MAX_HP,1,2754000,97920,0,,,,,1,10000,
64100422,player_skill_buff,,pl_buff_a,ef_Btl_3D_SkillBuff00_00,TARGET,,,PARAM_UP_SKILL_BONUS,SELF,,1,1,1,1,1,1,1,1,1,MAX_HP,5,0,0,WIND,0,,,,,1,10000,
64100422,,,,,,,,ATK_UP_FIXED,SELF,,1,1,1,1,1,1,1,1,1,1,MAX_HP,1,2754000,116280,0,,,,,1,10000,
64100423,player_skill_buff,,pl_buff_a,ef_Btl_3D_SkillBuff00_00,TARGET,,,PARAM_UP_SKILL_BONUS,SELF,,1,1,1,1,1,1,1,1,1,MAX_HP,5,0,0,WIND,0,,,,,1,10000,
64100423,,,,,,,,ATK_UP_FIXED,SELF,,1,1,1,1,1,1,1,1,1,1,MAX_HP,1,2754000,134640,0,,,,,1,10000,
64100424,player_skill_buff,,pl_buff_a,ef_Btl_3D_SkillBuff00_00,TARGET,,,PARAM_UP_SKILL_BONUS,SELF,,1,1,1,1,1,1,1,1,1,MAX_HP,5,0,0,WIND,0,,,,,1,10000,
64100424,,,,,,,,ATK_UP_FIXED,SELF,,1,1,1,1,1,1,1,1,1,1,MAX_HP,1,2754000,153000,0,,,,,1,10000,
64100440,player_skill_buff,,pl_buff_a,ef_Btl_3D_SkillBuff00_00,TARGET,,,PARAM_UP_SKILL_BONUS,SELF,,1,1,1,1,1,1,1,1,1,MAX_HP,5,0,0,LIGHT,0,,,,,1,10000,
64100440,,,,,,,,ATK_UP_FIXED,SELF,,1,1,1,1,1,1,1,1,1,1,MAX_HP,1,2754000,79560,0,,,,,1,10000,
64100441,player_skill_buff,,pl_buff_a,ef_Btl_3D_SkillBuff00_00,TARGET,,,PARAM_UP_SKILL_BONUS,SELF,,1,1,1,1,1,1,1,1,1,MAX_HP,5,0,0,LIGHT,0,,,,,1,10000,
64100441,,,,,,,,ATK_UP_FIXED,SELF,,1,1,1,1,1,1,1,1,1,1,MAX_HP,1,2754000,97920,0,,,,,1,10000,
64100442,player_skill_buff,,pl_buff_a,ef_Btl_3D_SkillBuff00_00,TARGET,,,PARAM_UP_SKILL_BONUS,SELF,,1,1,1,1,1,1,1,1,1,MAX_HP,5,0,0,LIGHT,0,,,,,1,10000,
64100442,,,,,,,,ATK_UP_FIXED,SELF,,1,1,1,1,1,1,1,1,1,1,MAX_HP,1,2754000,116280,0,,,,,1,10000,
64100443,player_skill_buff,,pl_buff_a,ef_Btl_3D_SkillBuff00_00,TARGET,,,PARAM_UP_SKILL_BONUS,SELF,,1,1,1,1,1,1,1,1,1,MAX_HP,5,0,0,LIGHT,0,,,,,1,10000,
64100443,,,,,,,,ATK_UP_FIXED,SELF,,1,1,1,1,1,1,1,1,1,1,MAX_HP,1,2754000,134640,0,,,,,1,10000,
64100444,player_skill_buff,,pl_buff_a,ef_Btl_3D_SkillBuff00_00,TARGET,,,PARAM_UP_SKILL_BONUS,SELF,,1,1,1,1,1,1,1,1,1,MAX_HP,5,0,0,LIGHT,0,,,,,1,10000,
64100444,,,,,,,,ATK_UP_FIXED,SELF,,1,1,1,1,1,1,1,1,1,1,MAX_HP,1,2754000,153000,0,,,,,1,10000,
64100480,player_skill_buff,,pl_buff_a,ef_Btl_3D_SkillBuff00_00,TARGET,,,LIMIT_BREAK_BONUS,SELF,,1,1,1,1,1,1,1,1,1,ATK,5,0,0,ICE,0,,,,,1,10000,
64100480,,,,,,,,PARAM_LIMIT_BREAK_FIXED,SELF,,1,1,1,1,1,1,1,1,1,1,ATK,1,2754000,79560,0,,,,,1,10000,
64100481,player_skill_buff,,pl_buff_a,ef_Btl_3D_SkillBuff00_00,TARGET,,,LIMIT_BREAK_BONUS,SELF,,1,1,1,1,1,1,1,1,1,ATK,5,0,0,ICE,0,,,,,1,10000,
64100481,,,,,,,,PARAM_LIMIT_BREAK_FIXED,SELF,,1,1,1,1,1,1,1,1,1,1,ATK,1,2754000,97920,0,,,,,1,10000,
64100482,player_skill_buff,,pl_buff_a,ef_Btl_3D_SkillBuff00_00,TARGET,,,LIMIT_BREAK_BONUS,SELF,,1,1,1,1,1,1,1,1,1,ATK,5,0,0,ICE,0,,,,,1,10000,
64100482,,,,,,,,PARAM_LIMIT_BREAK_FIXED,SELF,,1,1,1,1,1,1,1,1,1,1,ATK,1,2754000,116280,0,,,,,1,10000,
64100483,player_skill_buff,,pl_buff_a,ef_Btl_3D_SkillBuff00_00,TARGET,,,LIMIT_BREAK_BONUS,SELF,,1,1,1,1,1,1,1,1,1,ATK,5,0,0,ICE,0,,,,,1,10000,
64100483,,,,,,,,PARAM_LIMIT_BREAK_FIXED,SELF,,1,1,1,1,1,1,1,1,1,1,ATK,1,2754000,134640,0,,,,,1,10000,
64100484,player_skill_buff,,pl_buff_a,ef_Btl_3D_SkillBuff00_00,TARGET,,,LIMIT_BREAK_BONUS,SELF,,1,1,1,1,1,1,1,1,1,ATK,5,0,0,ICE,0,,,,,1,10000,
64100484,,,,,,,,PARAM_LIMIT_BREAK_FIXED,SELF,,1,1,1,1,1,1,1,1,1,1,ATK,1,2754000,153000,0,,,,,1,10000,
64100500,player_skill_buff,,pl_buff_a,ef_Btl_3D_SkillBuff00_00,TARGET,,,LIMIT_BREAK_BONUS,SELF,,1,1,1,1,1,1,1,1,1,ATK,5,0,0,DARK,0,,,,,1,10000,
64100500,,,,,,,,PARAM_LIMIT_BREAK_FIXED,SELF,,1,1,1,1,1,1,1,1,1,1,ATK,1,2754000,79560,0,,,,,1,10000,
64100501,player_skill_buff,,pl_buff_a,ef_Btl_3D_SkillBuff00_00,TARGET,,,LIMIT_BREAK_BONUS,SELF,,1,1,1,1,1,1,1,1,1,ATK,5,0,0,DARK,0,,,,,1,10000,
64100501,,,,,,,,PARAM_LIMIT_BREAK_FIXED,SELF,,1,1,1,1,1,1,1,1,1,1,ATK,1,2754000,97920,0,,,,,1,10000,
64100502,player_skill_buff,,pl_buff_a,ef_Btl_3D_SkillBuff00_00,TARGET,,,LIMIT_BREAK_BONUS,SELF,,1,1,1,1,1,1,1,1,1,ATK,5,0,0,DARK,0,,,,,1,10000,
64100502,,,,,,,,PARAM_LIMIT_BREAK_FIXED,SELF,,1,1,1,1,1,1,1,1,1,1,ATK,1,2754000,116280,0,,,,,1,10000,
64100503,player_skill_buff,,pl_buff_a,ef_Btl_3D_SkillBuff00_00,TARGET,,,LIMIT_BREAK_BONUS,SELF,,1,1,1,1,1,1,1,1,1,ATK,5,0,0,DARK,0,,,,,1,10000,
64100503,,,,,,,,PARAM_LIMIT_BREAK_FIXED,SELF,,1,1,1,1,1,1,1,1,1,1,ATK,1,2754000,134640,0,,,,,1,10000,
64100504,player_skill_buff,,pl_buff_a,ef_Btl_3D_SkillBuff00_00,TARGET,,,LIMIT_BREAK_BONUS,SELF,,1,1,1,1,1,1,1,1,1,ATK,5,0,0,DARK,0,,,,,1,10000,
64100504,,,,,,,,PARAM_LIMIT_BREAK_FIXED,SELF,,1,1,1,1,1,1,1,1,1,1,ATK,1,2754000,153000,0,,,,,1,10000,
64100510,player_skill_buff,,pl_buff_a,ef_Btl_3D_SkillBuff00_00,TARGET,,,LIMIT_BREAK_BONUS,SELF,,1,1,1,1,1,1,1,1,1,INT,5,0,0,FIRE,0,,,,,1,10000,
64100510,,,,,,,,PARAM_LIMIT_BREAK_FIXED,SELF,,1,1,1,1,1,1,1,1,1,1,INT,1,2754000,79560,0,,,,,1,10000,
64100511,player_skill_buff,,pl_buff_a,ef_Btl_3D_SkillBuff00_00,TARGET,,,LIMIT_BREAK_BONUS,SELF,,1,1,1,1,1,1,1,1,1,INT,5,0,0,FIRE,0,,,,,1,10000,
64100511,,,,,,,,PARAM_LIMIT_BREAK_FIXED,SELF,,1,1,1,1,1,1,1,1,1,1,INT,1,2754000,97920,0,,,,,1,10000,
64100512,player_skill_buff,,pl_buff_a,ef_Btl_3D_SkillBuff00_00,TARGET,,,LIMIT_BREAK_BONUS,SELF,,1,1,1,1,1,1,1,1,1,INT,5,0,0,FIRE,0,,,,,1,10000,
64100512,,,,,,,,PARAM_LIMIT_BREAK_FIXED,SELF,,1,1,1,1,1,1,1,1,1,1,INT,1,2754000,116280,0,,,,,1,10000,
64100513,player_skill_buff,,pl_buff_a,ef_Btl_3D_SkillBuff00_00,TARGET,,,LIMIT_BREAK_BONUS,SELF,,1,1,1,1,1,1,1,1,1,INT,5,0,0,FIRE,0,,,,,1,10000,
64100513,,,,,,,,PARAM_LIMIT_BREAK_FIXED,SELF,,1,1,1,1,1,1,1,1,1,1,INT,1,2754000,134640,0,,,,,1,10000,
64100514,player_skill_buff,,pl_buff_a,ef_Btl_3D_SkillBuff00_00,TARGET,,,LIMIT_BREAK_BONUS,SELF,,1,1,1,1,1,1,1,1,1,INT,5,0,0,FIRE,0,,,,,1,10000,
64100514,,,,,,,,PARAM_LIMIT_BREAK_FIXED,SELF,,1,1,1,1,1,1,1,1,1,1,INT,1,2754000,153000,0,,,,,1,10000,
64100520,player_skill_buff,,pl_buff_a,ef_Btl_3D_SkillBuff00_00,TARGET,,,LIMIT_BREAK_BONUS,SELF,,1,1,1,1,1,1,1,1,1,INT,5,0,0,WIND,0,,,,,1,10000,
64100520,,,,,,,,PARAM_LIMIT_BREAK_FIXED,SELF,,1,1,1,1,1,1,1,1,1,1,INT,1,2754000,79560,0,,,,,1,10000,
64100521,player_skill_buff,,pl_buff_a,ef_Btl_3D_SkillBuff00_00,TARGET,,,LIMIT_BREAK_BONUS,SELF,,1,1,1,1,1,1,1,1,1,INT,5,0,0,WIND,0,,,,,1,10000,
64100521,,,,,,,,PARAM_LIMIT_BREAK_FIXED,SELF,,1,1,1,1,1,1,1,1,1,1,INT,1,2754000,97920,0,,,,,1,10000,
64100522,player_skill_buff,,pl_buff_a,ef_Btl_3D_SkillBuff00_00,TARGET,,,LIMIT_BREAK_BONUS,SELF,,1,1,1,1,1,1,1,1,1,INT,5,0,0,WIND,0,,,,,1,10000,
64100522,,,,,,,,PARAM_LIMIT_BREAK_FIXED,SELF,,1,1,1,1,1,1,1,1,1,1,INT,1,2754000,116280,0,,,,,1,10000,
64100523,player_skill_buff,,pl_buff_a,ef_Btl_3D_SkillBuff00_00,TARGET,,,LIMIT_BREAK_BONUS,SELF,,1,1,1,1,1,1,1,1,1,INT,5,0,0,WIND,0,,,,,1,10000,
64100523,,,,,,,,PARAM_LIMIT_BREAK_FIXED,SELF,,1,1,1,1,1,1,1,1,1,1,INT,1,2754000,134640,0,,,,,1,10000,
64100524,player_skill_buff,,pl_buff_a,ef_Btl_3D_SkillBuff00_00,TARGET,,,LIMIT_BREAK_BONUS,SELF,,1,1,1,1,1,1,1,1,1,INT,5,0,0,WIND,0,,,,,1,10000,
64100524,,,,,,,,PARAM_LIMIT_BREAK_FIXED,SELF,,1,1,1,1,1,1,1,1,1,1,INT,1,2754000,153000,0,,,,,1,10000,
64100540,player_skill_buff,,pl_buff_a,ef_Btl_3D_SkillBuff00_00,TARGET,,,LIMIT_BREAK_BONUS,SELF,,1,1,1,1,1,1,1,1,1,INT,5,0,0,LIGHT,0,,,,,1,10000,
64100540,,,,,,,,PARAM_LIMIT_BREAK_FIXED,SELF,,1,1,1,1,1,1,1,1,1,1,INT,1,2754000,79560,0,,,,,1,10000,
64100541,player_skill_buff,,pl_buff_a,ef_Btl_3D_SkillBuff00_00,TARGET,,,LIMIT_BREAK_BONUS,SELF,,1,1,1,1,1,1,1,1,1,INT,5,0,0,LIGHT,0,,,,,1,10000,
64100541,,,,,,,,PARAM_LIMIT_BREAK_FIXED,SELF,,1,1,1,1,1,1,1,1,1,1,INT,1,2754000,97920,0,,,,,1,10000,
64100542,player_skill_buff,,pl_buff_a,ef_Btl_3D_SkillBuff00_00,TARGET,,,LIMIT_BREAK_BONUS,SELF,,1,1,1,1,1,1,1,1,1,INT,5,0,0,LIGHT,0,,,,,1,10000,
64100542,,,,,,,,PARAM_LIMIT_BREAK_FIXED,SELF,,1,1,1,1,1,1,1,1,1,1,INT,1,2754000,116280,0,,,,,1,10000,
64100543,player_skill_buff,,pl_buff_a,ef_Btl_3D_SkillBuff00_00,TARGET,,,LIMIT_BREAK_BONUS,SELF,,1,1,1,1,1,1,1,1,1,INT,5,0,0,LIGHT,0,,,,,1,10000,
64100543,,,,,,,,PARAM_LIMIT_BREAK_FIXED,SELF,,1,1,1,1,1,1,1,1,1,1,INT,1,2754000,134640,0,,,,,1,10000,
64100544,player_skill_buff,,pl_buff_a,ef_Btl_3D_SkillBuff00_00,TARGET,,,LIMIT_BREAK_BONUS,SELF,,1,1,1,1,1,1,1,1,1,INT,5,0,0,LIGHT,0,,,,,1,10000,
64100544,,,,,,,,PARAM_LIMIT_BREAK_FIXED,SELF,,1,1,1,1,1,1,1,1,1,1,INT,1,2754000,153000,0,,,,,1,10000,
64100550,player_skill_buff,,pl_buff_a,ef_Btl_3D_SkillBuff00_00,TARGET,,,LIMIT_BREAK_BONUS,SELF,,1,1,1,1,1,1,1,1,1,INT,5,0,0,DARK,0,,,,,1,10000,
64100550,,,,,,,,PARAM_LIMIT_BREAK_FIXED,SELF,,1,1,1,1,1,1,1,1,1,1,INT,1,2754000,79560,0,,,,,1,10000,
64100551,player_skill_buff,,pl_buff_a,ef_Btl_3D_SkillBuff00_00,TARGET,,,LIMIT_BREAK_BONUS,SELF,,1,1,1,1,1,1,1,1,1,INT,5,0,0,DARK,0,,,,,1,10000,
64100551,,,,,,,,PARAM_LIMIT_BREAK_FIXED,SELF,,1,1,1,1,1,1,1,1,1,1,INT,1,2754000,97920,0,,,,,1,10000,
64100552,player_skill_buff,,pl_buff_a,ef_Btl_3D_SkillBuff00_00,TARGET,,,LIMIT_BREAK_BONUS,SELF,,1,1,1,1,1,1,1,1,1,INT,5,0,0,DARK,0,,,,,1,10000,
64100552,,,,,,,,PARAM_LIMIT_BREAK_FIXED,SELF,,1,1,1,1,1,1,1,1,1,1,INT,1,2754000,116280,0,,,,,1,10000,
64100553,player_skill_buff,,pl_buff_a,ef_Btl_3D_SkillBuff00_00,TARGET,,,LIMIT_BREAK_BONUS,SELF,,1,1,1,1,1,1,1,1,1,INT,5,0,0,DARK,0,,,,,1,10000,
64100553,,,,,,,,PARAM_LIMIT_BREAK_FIXED,SELF,,1,1,1,1,1,1,1,1,1,1,INT,1,2754000,134640,0,,,,,1,10000,
64100554,player_skill_buff,,pl_buff_a,ef_Btl_3D_SkillBuff00_00,TARGET,,,LIMIT_BREAK_BONUS,SELF,,1,1,1,1,1,1,1,1,1,INT,5,0,0,DARK,0,,,,,1,10000,
64100554,,,,,,,,PARAM_LIMIT_BREAK_FIXED,SELF,,1,1,1,1,1,1,1,1,1,1,INT,1,2754000,153000,0,,,,,1,10000,
64100590,player_skill_buff,,pl_buff_a,ef_Btl_3D_SkillBuff00_00,TARGET,,,BURST_GAUGE_QUICK_UP,SELF,,1,1,1,1,1,1,1,1,1,40,0,,,,,,,,,1,10000,
64100591,player_skill_buff,,pl_buff_a,ef_Btl_3D_SkillBuff00_00,TARGET,,,BURST_GAUGE_QUICK_UP,SELF,,1,1,1,1,1,1,1,1,1,43,0,,,,,,,,,1,10000,
64100592,player_skill_buff,,pl_buff_a,ef_Btl_3D_SkillBuff00_00,TARGET,,,BURST_GAUGE_QUICK_UP,SELF,,1,1,1,1,1,1,1,1,1,46,0,,,,,,,,,1,10000,
64100593,player_skill_buff,,pl_buff_a,ef_Btl_3D_SkillBuff00_00,TARGET,,,BURST_GAUGE_QUICK_UP,SELF,,1,1,1,1,1,1,1,1,1,48,0,,,,,,,,,1,10000,
64100594,player_skill_buff,,pl_buff_a,ef_Btl_3D_SkillBuff00_00,TARGET,,,BURST_GAUGE_QUICK_UP,SELF,,1,1,1,1,1,1,1,1,1,50,0,,,,,,,,,1,10000,
64100595,player_skill_buff,,pl_buff_a,ef_Btl_3D_SkillBuff00_00,TARGET,,,ATK_UP_FIXED,SELF,,1,1,1,1,1,1,1,1,1,1,MAX_HP,1,6120000,176800,0,,,,,1,10000,
64100596,player_skill_buff,,pl_buff_a,ef_Btl_3D_SkillBuff00_00,TARGET,,,ATK_UP_FIXED,SELF,,1,1,1,1,1,1,1,1,1,1,MAX_HP,1,6120000,217600,0,,,,,1,10000,
64100597,player_skill_buff,,pl_buff_a,ef_Btl_3D_SkillBuff00_00,TARGET,,,ATK_UP_FIXED,SELF,,1,1,1,1,1,1,1,1,1,1,MAX_HP,1,6120000,258400,0,,,,,1,10000,
64100598,player_skill_buff,,pl_buff_a,ef_Btl_3D_SkillBuff00_00,TARGET,,,ATK_UP_FIXED,SELF,,1,1,1,1,1,1,1,1,1,1,MAX_HP,1,6120000,299200,0,,,,,1,10000,
64100599,player_skill_buff,,pl_buff_a,ef_Btl_3D_SkillBuff00_00,TARGET,,,ATK_UP_FIXED,SELF,,1,1,1,1,1,1,1,1,1,1,MAX_HP,1,6120000,340000,0,,,,,1,10000,
65000001,player_skill_buff,,pl_buff_a,ef_Btl_3D_SkillBuff00_00,TARGET,,,NEED_COST_DOWN_BURST,SELECT,,1,1,1,1,1,1,1,1,1,1,1,NULL,NULL,0,0,0,9,,,1,10000,
65000012,player_skill_buff,,pl_buff_a,ef_Btl_3D_SkillBuff00_00,TARGET,,,NEED_COST_DOWN_BURST,SELECT,,1,1,1,1,1,1,1,1,1,1,2,NULL,NULL,0,0,3,9,,,1,10000,
65000051,player_skill_buff,,pl_buff_a,ef_Btl_3D_SkillBuff00_00,TARGET,,,NEED_COST_DOWN_BURST,SELECT,,1,1,1,1,1,1,1,1,1,1,1,WIND,NULL,0,0,0,9,,,1,10000,
65000076,player_skill_buff,,pl_buff_a,ef_Btl_3D_SkillBuff00_00,TARGET,,,NEED_COST_DOWN_BURST,SELECT,,1,1,1,1,1,1,1,1,1,1,1,ICE,NULL,0,0,0,9,,,1,10000,
65000102,player_skill_buff,,pl_buff_a,ef_Btl_3D_SkillBuff00_00,TARGET,,,NEED_COST_DOWN_BURST,SELECT,,1,1,1,1,1,1,1,1,1,1,2,LIGHT,NULL,0,0,0,9,,,1,10000,
65000126,player_skill_buff,,pl_buff_a,ef_Btl_3D_SkillBuff00_00,TARGET,,,NEED_COST_DOWN_BURST,SELECT,,1,1,1,1,1,1,1,1,1,1,1,DARK,NULL,0,0,0,9,,,1,10000,
65000127,player_skill_buff,,pl_buff_a,ef_Btl_3D_SkillBuff00_00,TARGET,,,NEED_COST_DOWN_BURST,SELECT,,1,1,1,1,1,1,1,1,1,1,2,DARK,NULL,0,0,0,9,,,1,10000,
65000151,player_skill_buff,,pl_buff_a,ef_Btl_3D_SkillBuff00_00,TARGET,,,NEED_COST_DOWN_BURST,SELECT,,1,1,1,1,1,1,1,1,1,1,1,NULL,ATTACK,0,0,0,9,,,1,10000,
65000156,player_skill_buff,,pl_buff_a,ef_Btl_3D_SkillBuff00_00,TARGET,,,NEED_COST_DOWN_BURST,SELECT,,1,1,1,1,1,1,1,1,1,1,1,NULL,SORCERY,0,0,0,9,,,1,10000,
65000161,player_skill_buff,,pl_buff_a,ef_Btl_3D_SkillBuff00_00,TARGET,,,NEED_COST_DOWN_BURST,SELECT,,1,1,1,1,1,1,1,1,1,1,1,NULL,SUPPORT,0,0,0,9,,,1,10000,
65000166,player_skill_buff,,pl_buff_a,ef_Btl_3D_SkillBuff00_00,TARGET,,,NEED_COST_DOWN_BURST,SELECT,,1,1,1,1,1,1,1,1,1,1,1,NULL,JAMMING,0,0,0,9,,,1,10000,
65000171,player_skill_buff,,pl_buff_a,ef_Btl_3D_SkillBuff00_00,TARGET,,,NEED_COST_DOWN_BURST,SELECT,,1,1,1,1,1,1,1,1,1,1,1,NULL,DEFENSE,0,0,0,9,,,1,10000,
65000180,player_skill_buff,,pl_buff_a,ef_Btl_3D_SkillBuff00_00,TARGET,,,DISCARD_DRAW,SELECT,,1,1,1,1,1,1,1,1,1,5,,,,,,,,,,1,10000,
65000182,player_skill_buff,,pl_buff_a,ef_Btl_3D_SkillBuff00_00,TARGET,,,ADD_ATK_OP_PIERCING,SELECT,,1,1,1,1,1,1,1,1,1,1,60,,,,,,,,,1,10000,
65000183,player_skill_buff,,pl_buff_a,ef_Btl_3D_SkillBuff00_00,TARGET,,,ADD_ATK_OP_PIERCING,SELECT,,1,1,1,1,1,1,1,1,1,1,70,,,,,,,,,1,10000,
65000184,player_skill_buff,,pl_buff_a,ef_Btl_3D_SkillBuff00_00,TARGET,,,ADD_ATK_OP_PIERCING,SELECT,,1,1,1,1,1,1,1,1,1,1,80,,,,,,,,,1,10000,
65000203,player_skill_buff,,pl_buff_a,ef_Btl_3D_SkillBuff00_00,TARGET,,,ATTACK_MULTISTAGE,SELECT,,1,1,1,1,1,1,1,1,1,1,PHYSICS,2,,,,,,,,1,10000,
65000206,player_skill_buff,,pl_buff_a,ef_Btl_3D_SkillBuff00_00,TARGET,,,ATTACK_MULTISTAGE,SELECT,,1,1,1,1,1,1,1,1,1,1,MAGIC,2,,,,,,,,1,10000,
65000214,player_skill_buff,,pl_buff_a,ef_Btl_3D_SkillBuff00_00,TARGET,,,BURST_GAUGE_QUICK_UP,SELECT,,1,1,1,1,1,1,1,1,1,40,,,,,,,,,,1,10000,
65000216,player_skill_buff,,pl_buff_a,ef_Btl_3D_SkillBuff00_00,TARGET,,,BURST_GAUGE_QUICK_UP,SELECT,,1,1,1,1,1,1,1,1,1,60,,,,,,,,,,1,10000,
65000218,player_skill_buff,,pl_buff_a,ef_Btl_3D_SkillBuff00_00,TARGET,,,BURST_GAUGE_QUICK_UP,SELECT,,1,1,1,1,1,1,1,1,1,80,,,,,,,,,,1,10000,
65000223,player_skill_buff,,pl_buff_a,ef_Btl_3D_SkillBuff00_00,TARGET,,,BURST_GAUGE_QUICK_UP,FRIEND_ALL,,1,1,1,1,1,1,1,1,1,30,,,,,,,,,,1,10000,
65000231,player_skill_buff,,pl_buff_a,ef_Btl_3D_SkillBuff00_00,TARGET,,,NEED_COST_DOWN_BURST,SELECT,,1,1,1,1,1,1,1,1,1,1,1,NULL,RECOVERY,0,0,0,9,,,1,10000,
65000232,player_skill_buff,,pl_buff_a,ef_Btl_3D_SkillBuff00_00,TARGET,,,NEED_COST_DOWN_BURST,SELECT,,1,1,1,1,1,1,1,1,1,1,1,FIRE,NULL,0,0,2,2,,,1,10000,
65000233,player_skill_buff,,pl_buff_a,ef_Btl_3D_SkillBuff00_00,TARGET,,,NEED_COST_DOWN_BURST,SELECT,,1,1,1,1,1,1,1,1,1,1,3,LIGHT,NULL,0,0,4,9,,,1,10000,
65000234,player_skill_buff,,pl_buff_a,ef_Btl_3D_SkillBuff00_00,TARGET,,,NEED_COST_DOWN_BURST,SELECT,,1,1,1,1,1,1,1,1,1,1,3,NULL,NULL,20020003,0,0,9,,,1,10000,
65100001,player_skill_buff,,pl_buff_a,ef_Btl_3D_SkillBuff00_00,TARGET,,,PARAM_LIMIT_BREAK_FIXED,SELF,,1,1,1,1,1,1,1,1,1,1,ATK,1,13600000,238000,0,,,,,1,10000,
65100002,player_skill_buff,,pl_buff_a,ef_Btl_3D_SkillBuff00_00,TARGET,,,PARAM_LIMIT_BREAK_FIXED,SELF,,1,1,1,1,1,1,1,1,1,1,ATK,1,13600000,272000,0,,,,,1,10000,
65100003,player_skill_buff,,pl_buff_a,ef_Btl_3D_SkillBuff00_00,TARGET,,,PARAM_LIMIT_BREAK_FIXED,SELF,,1,1,1,1,1,1,1,1,1,1,ATK,1,13600000,306000,0,,,,,1,10000,
65100004,player_skill_buff,,pl_buff_a,ef_Btl_3D_SkillBuff00_00,TARGET,,,PARAM_LIMIT_BREAK_FIXED,SELF,,1,1,1,1,1,1,1,1,1,1,ATK,1,13600000,340000,0,,,,,1,10000,
65100005,player_skill_buff,,pl_buff_a,ef_Btl_3D_SkillBuff00_00,TARGET,,,DEF_UP_FIXED,FRIEND_ALL,,1,1,1,1,1,1,1,1,1,1,DEF,1,7200000,126000,0,,,,,1,10000,
65100006,player_skill_buff,,pl_buff_a,ef_Btl_3D_SkillBuff00_00,TARGET,,,DEF_UP_FIXED,FRIEND_ALL,,1,1,1,1,1,1,1,1,1,1,DEF,1,7200000,144000,0,,,,,1,10000,
65100007,player_skill_buff,,pl_buff_a,ef_Btl_3D_SkillBuff00_00,TARGET,,,DEF_UP_FIXED,FRIEND_ALL,,1,1,1,1,1,1,1,1,1,1,DEF,1,7200000,162000,0,,,,,1,10000,
65100008,player_skill_buff,,pl_buff_a,ef_Btl_3D_SkillBuff00_00,TARGET,,,DEF_UP_FIXED,FRIEND_ALL,,1,1,1,1,1,1,1,1,1,1,DEF,1,7200000,180000,0,,,,,1,10000,
65100009,player_skill_buff,,pl_buff_a,ef_Btl_3D_SkillBuff00_00,TARGET,,,ATK_UP_FIXED,SELECT,,1,1,1,1,1,1,1,1,1,1,INT,1,20160000,352800,0,,,,,1,10000,
65100010,player_skill_buff,,pl_buff_a,ef_Btl_3D_SkillBuff00_00,TARGET,,,ATK_UP_FIXED,SELECT,,1,1,1,1,1,1,1,1,1,1,INT,1,20160000,403200,0,,,,,1,10000,
65100011,player_skill_buff,,pl_buff_a,ef_Btl_3D_SkillBuff00_00,TARGET,,,ATK_UP_FIXED,SELECT,,1,1,1,1,1,1,1,1,1,1,INT,1,20160000,453600,0,,,,,1,10000,
65100012,player_skill_buff,,pl_buff_a,ef_Btl_3D_SkillBuff00_00,TARGET,,,ATK_UP_FIXED,SELECT,,1,1,1,1,1,1,1,1,1,1,INT,1,20160000,504000,0,,,,,1,10000,
65100013,player_skill_buff,,pl_buff_a,ef_Btl_3D_SkillBuff00_00,TARGET,,,ATK_UP_FIXED,FRIEND_ALL,,1,1,1,1,1,1,1,1,1,1,INT,1,16128000,282240,0,,,,,1,10000,
65100014,player_skill_buff,,pl_buff_a,ef_Btl_3D_SkillBuff00_00,TARGET,,,ATK_UP_FIXED,FRIEND_ALL,,1,1,1,1,1,1,1,1,1,1,INT,1,16128000,322560,0,,,,,1,10000,
65100015,player_skill_buff,,pl_buff_a,ef_Btl_3D_SkillBuff00_00,TARGET,,,ATK_UP_FIXED,FRIEND_ALL,,1,1,1,1,1,1,1,1,1,1,INT,1,16128000,362880,0,,,,,1,10000,
65100016,player_skill_buff,,pl_buff_a,ef_Btl_3D_SkillBuff00_00,TARGET,,,ATK_UP_FIXED,FRIEND_ALL,,1,1,1,1,1,1,1,1,1,1,INT,1,16128000,403200,0,,,,,1,10000,
65100018,player_skill_buff,,pl_buff_a,ef_Btl_3D_SkillBuff00_00,TARGET,,,ATK_UP_FIXED,FRIEND_ALL,,1,1,1,1,1,1,1,1,1,1,ATK,1,5400000,156000,0,,,,,1,10000,
65100018,,,,,,,,ATK_UP_FIXED,FRIEND_ALL,,1,1,1,1,1,1,1,1,1,1,INT,1,5400000,156000,0,,,,,1,10000,
65100019,player_skill_buff,,pl_buff_a,ef_Btl_3D_SkillBuff00_00,TARGET,,,ATK_UP_FIXED,FRIEND_ALL,,1,1,1,1,1,1,1,1,1,1,ATK,1,5400000,192000,0,,,,,1,10000,
65100019,,,,,,,,ATK_UP_FIXED,FRIEND_ALL,,1,1,1,1,1,1,1,1,1,1,INT,1,5400000,192000,0,,,,,1,10000,
65100020,player_skill_buff,,pl_buff_a,ef_Btl_3D_SkillBuff00_00,TARGET,,,ATK_UP_FIXED,FRIEND_ALL,,1,1,1,1,1,1,1,1,1,1,ATK,1,5400000,228000,0,,,,,1,10000,
65100020,,,,,,,,ATK_UP_FIXED,FRIEND_ALL,,1,1,1,1,1,1,1,1,1,1,INT,1,5400000,228000,0,,,,,1,10000,
65100021,player_skill_buff,,pl_buff_a,ef_Btl_3D_SkillBuff00_00,TARGET,,,ATK_UP_FIXED,FRIEND_ALL,,1,1,1,1,1,1,1,1,1,1,ATK,1,5400000,264000,0,,,,,1,10000,
65100021,,,,,,,,ATK_UP_FIXED,FRIEND_ALL,,1,1,1,1,1,1,1,1,1,1,INT,1,5400000,264000,0,,,,,1,10000,
65100022,player_skill_buff,,pl_buff_a,ef_Btl_3D_SkillBuff00_00,TARGET,,,ATK_UP_FIXED,FRIEND_ALL,,1,1,1,1,1,1,1,1,1,1,ATK,1,5400000,300000,0,,,,,1,10000,
65100022,,,,,,,,ATK_UP_FIXED,FRIEND_ALL,,1,1,1,1,1,1,1,1,1,1,INT,1,5400000,300000,0,,,,,1,10000,
65100023,player_skill_buff,,pl_buff_a,ef_Btl_3D_SkillBuff00_00,TARGET,,,ATK_UP_FIXED,FRIEND_ALL,,1,1,1,1,1,1,1,1,1,1,ATK,1,9072000,262080,0,,,,,1,10000,
65100024,player_skill_buff,,pl_buff_a,ef_Btl_3D_SkillBuff00_00,TARGET,,,ATK_UP_FIXED,FRIEND_ALL,,1,1,1,1,1,1,1,1,1,1,ATK,1,9072000,322560,0,,,,,1,10000,
65100025,player_skill_buff,,pl_buff_a,ef_Btl_3D_SkillBuff00_00,TARGET,,,ATK_UP_FIXED,FRIEND_ALL,,1,1,1,1,1,1,1,1,1,1,ATK,1,9072000,383040,0,,,,,1,10000,
65100026,player_skill_buff,,pl_buff_a,ef_Btl_3D_SkillBuff00_00,TARGET,,,ATK_UP_FIXED,FRIEND_ALL,,1,1,1,1,1,1,1,1,1,1,ATK,1,9072000,443520,0,,,,,1,10000,
65100027,player_skill_buff,,pl_buff_a,ef_Btl_3D_SkillBuff00_00,TARGET,,,ATK_UP_FIXED,FRIEND_ALL,,1,1,1,1,1,1,1,1,1,1,ATK,1,9072000,504000,0,,,,,1,10000,
65100028,player_skill_buff,,pl_buff_a,ef_Btl_3D_SkillBuff00_00,TARGET,,,DEF_UP_FIXED,FRIEND_ALL,,1,1,1,1,1,1,1,1,1,1,MDEF,1,8100000,234000,0,,,,,1,10000,
65100029,player_skill_buff,,pl_buff_a,ef_Btl_3D_SkillBuff00_00,TARGET,,,DEF_UP_FIXED,FRIEND_ALL,,1,1,1,1,1,1,1,1,1,1,MDEF,1,8100000,288000,0,,,,,1,10000,
65100030,player_skill_buff,,pl_buff_a,ef_Btl_3D_SkillBuff00_00,TARGET,,,DEF_UP_FIXED,FRIEND_ALL,,1,1,1,1,1,1,1,1,1,1,MDEF,1,8100000,342000,0,,,,,1,10000,
65100031,player_skill_buff,,pl_buff_a,ef_Btl_3D_SkillBuff00_00,TARGET,,,DEF_UP_FIXED,FRIEND_ALL,,1,1,1,1,1,1,1,1,1,1,MDEF,1,8100000,396000,0,,,,,1,10000,
65100032,player_skill_buff,,pl_buff_a,ef_Btl_3D_SkillBuff00_00,TARGET,,,DEF_UP_FIXED,FRIEND_ALL,,1,1,1,1,1,1,1,1,1,1,MDEF,1,8100000,450000,0,,,,,1,10000,
65100033,player_skill_buff,,pl_buff_a,ef_Btl_3D_SkillBuff00_00,TARGET,,,ENCHANT,FRIEND_ALL,,1,1,1,1,1,1,1,1,1,1,1,7344000,212160,0,WIND,,,,,1,10000,
65100034,player_skill_buff,,pl_buff_a,ef_Btl_3D_SkillBuff00_00,TARGET,,,ENCHANT,FRIEND_ALL,,1,1,1,1,1,1,1,1,1,1,1,7344000,261120,0,WIND,,,,,1,10000,
65100035,player_skill_buff,,pl_buff_a,ef_Btl_3D_SkillBuff00_00,TARGET,,,ENCHANT,FRIEND_ALL,,1,1,1,1,1,1,1,1,1,1,1,7344000,310080,0,WIND,,,,,1,10000,
65100036,player_skill_buff,,pl_buff_a,ef_Btl_3D_SkillBuff00_00,TARGET,,,ENCHANT,FRIEND_ALL,,1,1,1,1,1,1,1,1,1,1,1,7344000,359040,0,WIND,,,,,1,10000,
65100037,player_skill_buff,,pl_buff_a,ef_Btl_3D_SkillBuff00_00,TARGET,,,ENCHANT,FRIEND_ALL,,1,1,1,1,1,1,1,1,1,1,1,7344000,408000,0,WIND,,,,,1,10000,
65100038,player_skill_buff,,pl_buff_a,ef_Btl_3D_SkillBuff00_00,TARGET,,,PARAM_LIMIT_BREAK_FIXED,FRIEND_ALL,,1,1,1,1,1,1,1,1,1,1,INT,1,5508000,159120,0,,,,,1,10000,
65100038,,,,,,,,ATK_UP_FIXED,FRIEND_ALL,,1,1,1,1,1,1,1,1,1,1,INT,1,5508000,159120,0,,,,,1,10000,
65100039,player_skill_buff,,pl_buff_a,ef_Btl_3D_SkillBuff00_00,TARGET,,,PARAM_LIMIT_BREAK_FIXED,FRIEND_ALL,,1,1,1,1,1,1,1,1,1,1,INT,1,5508000,195840,0,,,,,1,10000,
65100039,,,,,,,,ATK_UP_FIXED,FRIEND_ALL,,1,1,1,1,1,1,1,1,1,1,INT,1,5508000,195840,0,,,,,1,10000,
65100040,player_skill_buff,,pl_buff_a,ef_Btl_3D_SkillBuff00_00,TARGET,,,PARAM_LIMIT_BREAK_FIXED,FRIEND_ALL,,1,1,1,1,1,1,1,1,1,1,INT,1,5508000,232560,0,,,,,1,10000,
65100040,,,,,,,,ATK_UP_FIXED,FRIEND_ALL,,1,1,1,1,1,1,1,1,1,1,INT,1,5508000,232560,0,,,,,1,10000,
65100041,player_skill_buff,,pl_buff_a,ef_Btl_3D_SkillBuff00_00,TARGET,,,PARAM_LIMIT_BREAK_FIXED,FRIEND_ALL,,1,1,1,1,1,1,1,1,1,1,INT,1,5508000,269280,0,,,,,1,10000,
65100041,,,,,,,,ATK_UP_FIXED,FRIEND_ALL,,1,1,1,1,1,1,1,1,1,1,INT,1,5508000,269280,0,,,,,1,10000,
65100042,player_skill_buff,,pl_buff_a,ef_Btl_3D_SkillBuff00_00,TARGET,,,PARAM_LIMIT_BREAK_FIXED,FRIEND_ALL,,1,1,1,1,1,1,1,1,1,1,INT,1,5508000,306000,0,,,,,1,10000,
65100042,,,,,,,,ATK_UP_FIXED,FRIEND_ALL,,1,1,1,1,1,1,1,1,1,1,INT,1,5508000,306000,0,,,,,1,10000,
65100043,player_skill_buff,,pl_buff_a,ef_Btl_3D_SkillBuff00_00,TARGET,,,DEF_UP_FIXED,FRIEND_ALL,,1,1,1,1,1,1,1,1,1,1,DEF,1,12852000,371280,0,,,,,1,10000,
65100043,,,,,,,,DEF_UP_FIXED,FRIEND_ALL,,1,1,1,1,1,1,1,1,1,1,MDEF,1,12852000,371280,0,,,,,1,10000,
65100044,player_skill_buff,,pl_buff_a,ef_Btl_3D_SkillBuff00_00,TARGET,,,DEF_UP_FIXED,FRIEND_ALL,,1,1,1,1,1,1,1,1,1,1,DEF,1,12852000,456960,0,,,,,1,10000,
65100044,,,,,,,,DEF_UP_FIXED,FRIEND_ALL,,1,1,1,1,1,1,1,1,1,1,MDEF,1,12852000,456960,0,,,,,1,10000,
65100045,player_skill_buff,,pl_buff_a,ef_Btl_3D_SkillBuff00_00,TARGET,,,DEF_UP_FIXED,FRIEND_ALL,,1,1,1,1,1,1,1,1,1,1,DEF,1,12852000,542640,0,,,,,1,10000,
65100045,,,,,,,,DEF_UP_FIXED,FRIEND_ALL,,1,1,1,1,1,1,1,1,1,1,MDEF,1,12852000,542640,0,,,,,1,10000,
65100046,player_skill_buff,,pl_buff_a,ef_Btl_3D_SkillBuff00_00,TARGET,,,DEF_UP_FIXED,FRIEND_ALL,,1,1,1,1,1,1,1,1,1,1,DEF,1,12852000,628320,0,,,,,1,10000,
65100046,,,,,,,,DEF_UP_FIXED,FRIEND_ALL,,1,1,1,1,1,1,1,1,1,1,MDEF,1,12852000,628320,0,,,,,1,10000,
65100047,player_skill_buff,,pl_buff_a,ef_Btl_3D_SkillBuff00_00,TARGET,,,DEF_UP_FIXED,FRIEND_ALL,,1,1,1,1,1,1,1,1,1,1,DEF,1,12852000,714000,0,,,,,1,10000,
65100047,,,,,,,,DEF_UP_FIXED,FRIEND_ALL,,1,1,1,1,1,1,1,1,1,1,MDEF,1,12852000,714000,0,,,,,1,10000,
65100048,player_skill_buff,,pl_buff_a,ef_Btl_3D_SkillBuff00_00,TARGET,,,PARAM_LIMIT_BREAK_FIXED,SELECT,,1,1,1,1,1,1,1,1,1,1,ATK,1,11250000,325000,0,,,,,1,10000,
65100048,,,,,,,,PARAM_LIMIT_BREAK_FIXED,SELECT,,1,1,1,1,1,1,1,1,1,1,INT,1,11250000,325000,0,,,,,1,10000,
65100049,player_skill_buff,,pl_buff_a,ef_Btl_3D_SkillBuff00_00,TARGET,,,PARAM_LIMIT_BREAK_FIXED,SELECT,,1,1,1,1,1,1,1,1,1,1,ATK,1,11250000,400000,0,,,,,1,10000,
65100049,,,,,,,,PARAM_LIMIT_BREAK_FIXED,SELECT,,1,1,1,1,1,1,1,1,1,1,INT,1,11250000,400000,0,,,,,1,10000,
65100050,player_skill_buff,,pl_buff_a,ef_Btl_3D_SkillBuff00_00,TARGET,,,PARAM_LIMIT_BREAK_FIXED,SELECT,,1,1,1,1,1,1,1,1,1,1,ATK,1,11250000,475000,0,,,,,1,10000,
65100050,,,,,,,,PARAM_LIMIT_BREAK_FIXED,SELECT,,1,1,1,1,1,1,1,1,1,1,INT,1,11250000,475000,0,,,,,1,10000,
65100051,player_skill_buff,,pl_buff_a,ef_Btl_3D_SkillBuff00_00,TARGET,,,PARAM_LIMIT_BREAK_FIXED,SELECT,,1,1,1,1,1,1,1,1,1,1,ATK,1,11250000,550000,0,,,,,1,10000,
65100051,,,,,,,,PARAM_LIMIT_BREAK_FIXED,SELECT,,1,1,1,1,1,1,1,1,1,1,INT,1,11250000,550000,0,,,,,1,10000,
65100052,player_skill_buff,,pl_buff_a,ef_Btl_3D_SkillBuff00_00,TARGET,,,PARAM_LIMIT_BREAK_FIXED,SELECT,,1,1,1,1,1,1,1,1,1,1,ATK,1,11250000,625000,0,,,,,1,10000,
65100052,,,,,,,,PARAM_LIMIT_BREAK_FIXED,SELECT,,1,1,1,1,1,1,1,1,1,1,INT,1,11250000,625000,0,,,,,1,10000,
65100053,player_skill_buff,,pl_buff_a,ef_Btl_3D_SkillBuff00_00,TARGET,,,PARAM_LIMIT_BREAK_FIXED,FRIEND_ALL,,1,1,1,1,1,1,1,1,1,1,ATK,1,9828000,283920,0,,,,,1,10000,
65100053,,,,,,,,PARAM_LIMIT_BREAK_FIXED,FRIEND_ALL,,1,1,1,1,1,1,1,1,1,1,INT,1,9828000,283920,0,,,,,1,10000,
65100053,,,,,,,,ATK_UP_FIXED,FRIEND_ALL,,1,1,1,1,1,1,1,1,1,1,ATK,1,9828000,283920,0,,,,,1,10000,
65100053,,,,,,,,ATK_UP_FIXED,FRIEND_ALL,,1,1,1,1,1,1,1,1,1,1,INT,1,9828000,283920,0,,,,,1,10000,
65100054,player_skill_buff,,pl_buff_a,ef_Btl_3D_SkillBuff00_00,TARGET,,,PARAM_LIMIT_BREAK_FIXED,FRIEND_ALL,,1,1,1,1,1,1,1,1,1,1,ATK,1,9828000,349440,0,,,,,1,10000,
65100054,,,,,,,,PARAM_LIMIT_BREAK_FIXED,FRIEND_ALL,,1,1,1,1,1,1,1,1,1,1,INT,1,9828000,349440,0,,,,,1,10000,
65100054,,,,,,,,ATK_UP_FIXED,FRIEND_ALL,,1,1,1,1,1,1,1,1,1,1,ATK,1,9828000,349440,0,,,,,1,10000,
65100054,,,,,,,,ATK_UP_FIXED,FRIEND_ALL,,1,1,1,1,1,1,1,1,1,1,INT,1,9828000,349440,0,,,,,1,10000,
65100055,player_skill_buff,,pl_buff_a,ef_Btl_3D_SkillBuff00_00,TARGET,,,PARAM_LIMIT_BREAK_FIXED,FRIEND_ALL,,1,1,1,1,1,1,1,1,1,1,ATK,1,9828000,414960,0,,,,,1,10000,
65100055,,,,,,,,PARAM_LIMIT_BREAK_FIXED,FRIEND_ALL,,1,1,1,1,1,1,1,1,1,1,INT,1,9828000,414960,0,,,,,1,10000,
65100055,,,,,,,,ATK_UP_FIXED,FRIEND_ALL,,1,1,1,1,1,1,1,1,1,1,ATK,1,9828000,414960,0,,,,,1,10000,
65100055,,,,,,,,ATK_UP_FIXED,FRIEND_ALL,,1,1,1,1,1,1,1,1,1,1,INT,1,9828000,414960,0,,,,,1,10000,
65100056,player_skill_buff,,pl_buff_a,ef_Btl_3D_SkillBuff00_00,TARGET,,,PARAM_LIMIT_BREAK_FIXED,FRIEND_ALL,,1,1,1,1,1,1,1,1,1,1,ATK,1,9828000,480480,0,,,,,1,10000,
65100056,,,,,,,,PARAM_LIMIT_BREAK_FIXED,FRIEND_ALL,,1,1,1,1,1,1,1,1,1,1,INT,1,9828000,480480,0,,,,,1,10000,
65100056,,,,,,,,ATK_UP_FIXED,FRIEND_ALL,,1,1,1,1,1,1,1,1,1,1,ATK,1,9828000,480480,0,,,,,1,10000,
65100056,,,,,,,,ATK_UP_FIXED,FRIEND_ALL,,1,1,1,1,1,1,1,1,1,1,INT,1,9828000,480480,0,,,,,1,10000,
65100057,player_skill_buff,,pl_buff_a,ef_Btl_3D_SkillBuff00_00,TARGET,,,PARAM_LIMIT_BREAK_FIXED,FRIEND_ALL,,1,1,1,1,1,1,1,1,1,1,ATK,1,9828000,546000,0,,,,,1,10000,
65100057,,,,,,,,PARAM_LIMIT_BREAK_FIXED,FRIEND_ALL,,1,1,1,1,1,1,1,1,1,1,INT,1,9828000,546000,0,,,,,1,10000,
65100057,,,,,,,,ATK_UP_FIXED,FRIEND_ALL,,1,1,1,1,1,1,1,1,1,1,ATK,1,9828000,546000,0,,,,,1,10000,
65100057,,,,,,,,ATK_UP_FIXED,FRIEND_ALL,,1,1,1,1,1,1,1,1,1,1,INT,1,9828000,546000,0,,,,,1,10000,
65100058,player_skill_buff,,pl_buff_a,ef_Btl_3D_SkillBuff00_00,TARGET,,,ATK_UP_FIXED,FRIEND_ALL,,1,1,1,1,1,1,1,1,1,1,INT,1,13608000,393120,0,,,,,1,10000,
65100059,player_skill_buff,,pl_buff_a,ef_Btl_3D_SkillBuff00_00,TARGET,,,ATK_UP_FIXED,FRIEND_ALL,,1,1,1,1,1,1,1,1,1,1,INT,1,13608000,483840,0,,,,,1,10000,
65100060,player_skill_buff,,pl_buff_a,ef_Btl_3D_SkillBuff00_00,TARGET,,,ATK_UP_FIXED,FRIEND_ALL,,1,1,1,1,1,1,1,1,1,1,INT,1,13608000,574560,0,,,,,1,10000,
65100061,player_skill_buff,,pl_buff_a,ef_Btl_3D_SkillBuff00_00,TARGET,,,ATK_UP_FIXED,FRIEND_ALL,,1,1,1,1,1,1,1,1,1,1,INT,1,13608000,665280,0,,,,,1,10000,
65100062,player_skill_buff,,pl_buff_a,ef_Btl_3D_SkillBuff00_00,TARGET,,,ATK_UP_FIXED,FRIEND_ALL,,1,1,1,1,1,1,1,1,1,1,INT,1,13608000,756000,0,,,,,1,10000,
65100063,player_skill_buff,,pl_buff_a,ef_Btl_3D_SkillBuff00_00,TARGET,,,PARAM_LIMIT_BREAK_FIXED,SELECT,,1,1,1,1,1,1,1,1,1,1,ATK,1,9000000,260000,0,,,,,1,10000,
65100063,,,,,,,,PARAM_LIMIT_BREAK_FIXED,SELECT,,1,1,1,1,1,1,1,1,1,1,INT,1,9000000,260000,0,,,,,1,10000,
65100064,player_skill_buff,,pl_buff_a,ef_Btl_3D_SkillBuff00_00,TARGET,,,PARAM_LIMIT_BREAK_FIXED,SELECT,,1,1,1,1,1,1,1,1,1,1,ATK,1,9000000,320000,0,,,,,1,10000,
65100064,,,,,,,,PARAM_LIMIT_BREAK_FIXED,SELECT,,1,1,1,1,1,1,1,1,1,1,INT,1,9000000,320000,0,,,,,1,10000,
65100065,player_skill_buff,,pl_buff_a,ef_Btl_3D_SkillBuff00_00,TARGET,,,PARAM_LIMIT_BREAK_FIXED,SELECT,,1,1,1,1,1,1,1,1,1,1,ATK,1,9000000,380000,0,,,,,1,10000,
65100065,,,,,,,,PARAM_LIMIT_BREAK_FIXED,SELECT,,1,1,1,1,1,1,1,1,1,1,INT,1,9000000,380000,0,,,,,1,10000,
65100066,player_skill_buff,,pl_buff_a,ef_Btl_3D_SkillBuff00_00,TARGET,,,PARAM_LIMIT_BREAK_FIXED,SELECT,,1,1,1,1,1,1,1,1,1,1,ATK,1,9000000,440000,0,,,,,1,10000,
65100066,,,,,,,,PARAM_LIMIT_BREAK_FIXED,SELECT,,1,1,1,1,1,1,1,1,1,1,INT,1,9000000,440000,0,,,,,1,10000,
65100067,player_skill_buff,,pl_buff_a,ef_Btl_3D_SkillBuff00_00,TARGET,,,PARAM_LIMIT_BREAK_FIXED,SELECT,,1,1,1,1,1,1,1,1,1,1,ATK,1,9000000,500000,0,,,,,1,10000,
65100067,,,,,,,,PARAM_LIMIT_BREAK_FIXED,SELECT,,1,1,1,1,1,1,1,1,1,1,INT,1,9000000,500000,0,,,,,1,10000,
65100068,player_skill_buff,,pl_buff_a,ef_Btl_3D_SkillBuff00_00,TARGET,,,DAMAGE_BOOST_ORDER_TRIBAL,SELECT,,1,1,1,1,1,1,1,1,1,1,1200,,,,NULL,MAGIC,0,0,1,1,10000,
65100069,player_skill_buff,,pl_buff_a,ef_Btl_3D_SkillBuff00_00,TARGET,,,ATK_UP_BOOST_ORDER_TRIBAL,SELECT,,1,1,1,1,1,1,1,1,1,1,,,1000,,NULL,ATK,0,0,2,1,10000,
65100070,player_skill_buff,,pl_buff_a,ef_Btl_3D_SkillBuff00_00,TARGET,,,DEF_UP_BOOST_ORDER_TRIBAL,SELECT,,1,1,1,1,1,1,1,1,1,1,,,1200,,NULL,MDEF,0,0,3,1,10000,
65100071,player_skill_buff,,pl_buff_a,ef_Btl_3D_SkillBuff00_00,TARGET,,,DAMAGE_BOOST_ORDER_TRIBAL,SELECT,,1,1,1,1,1,1,1,1,1,1,1200,,,,NULL,PHYSICS,0,0,5,1,10000,
65100100,player_skill_buff,,pl_buff_a,ef_Btl_3D_SkillBuff00_00,TARGET,,,ATK_UP_FIXED,SELECT,,1,1,1,1,1,1,1,1,1,1,ATK,1,13440000,201600,0,,,,,1,10000,
65100101,player_skill_buff,,pl_buff_a,ef_Btl_3D_SkillBuff00_00,TARGET,,,ATK_UP_FIXED,SELECT,,1,1,1,1,1,1,1,1,1,1,ATK,1,13440000,235200,0,,,,,1,10000,
65100102,player_skill_buff,,pl_buff_a,ef_Btl_3D_SkillBuff00_00,TARGET,,,ATK_UP_FIXED,SELECT,,1,1,1,1,1,1,1,1,1,1,ATK,1,13440000,268800,0,,,,,1,10000,
65100103,player_skill_buff,,pl_buff_a,ef_Btl_3D_SkillBuff00_00,TARGET,,,ATK_UP_FIXED,SELECT,,1,1,1,1,1,1,1,1,1,1,ATK,1,13440000,302400,0,,,,,1,10000,
65100104,player_skill_buff,,pl_buff_a,ef_Btl_3D_SkillBuff00_00,TARGET,,,ATK_UP_FIXED,SELECT,,1,1,1,1,1,1,1,1,1,1,ATK,1,13440000,336000,0,,,,,1,10000,
65100111,player_skill_buff,,pl_buff_a,ef_Btl_3D_SkillBuff00_00,TARGET,,,DEF_UP_FIXED,FRIEND_ALL,,1,1,1,1,1,1,1,1,1,1,MDEF,1,9600000,168000,0,,,,,1,10000,
65100112,player_skill_buff,,pl_buff_a,ef_Btl_3D_SkillBuff00_00,TARGET,,,DEF_UP_FIXED,FRIEND_ALL,,1,1,1,1,1,1,1,1,1,1,MDEF,1,9600000,192000,0,,,,,1,10000,
65100113,player_skill_buff,,pl_buff_a,ef_Btl_3D_SkillBuff00_00,TARGET,,,DEF_UP_FIXED,FRIEND_ALL,,1,1,1,1,1,1,1,1,1,1,MDEF,1,9600000,216000,0,,,,,1,10000,
65100114,player_skill_buff,,pl_buff_a,ef_Btl_3D_SkillBuff00_00,TARGET,,,DEF_UP_FIXED,FRIEND_ALL,,1,1,1,1,1,1,1,1,1,1,MDEF,1,9600000,240000,0,,,,,1,10000,
65100120,player_skill_buff,,pl_buff_a,ef_Btl_3D_SkillBuff00_00,TARGET,,,NEED_COST_DOWN_BURST,SELECT,,1,1,1,1,1,1,1,1,1,1,3,ICE,ATTACK,NULL,,0,9,,NULL,1,10000,
65100130,player_skill_buff,,pl_buff_a,ef_Btl_3D_SkillBuff00_00,TARGET,,,PARAM_LIMIT_BREAK_FIXED,FRIEND_ALL,,1,1,1,1,1,1,1,1,1,1,INT,1,6528000,97920,0,,,,,1,10000,
65100131,player_skill_buff,,pl_buff_a,ef_Btl_3D_SkillBuff00_00,TARGET,,,PARAM_LIMIT_BREAK_FIXED,FRIEND_ALL,,1,1,1,1,1,1,1,1,1,1,INT,1,6528000,114240,0,,,,,1,10000,
65100132,player_skill_buff,,pl_buff_a,ef_Btl_3D_SkillBuff00_00,TARGET,,,PARAM_LIMIT_BREAK_FIXED,FRIEND_ALL,,1,1,1,1,1,1,1,1,1,1,INT,1,6528000,130560,0,,,,,1,10000,
65100133,player_skill_buff,,pl_buff_a,ef_Btl_3D_SkillBuff00_00,TARGET,,,PARAM_LIMIT_BREAK_FIXED,FRIEND_ALL,,1,1,1,1,1,1,1,1,1,1,INT,1,6528000,146880,0,,,,,1,10000,
65100134,player_skill_buff,,pl_buff_a,ef_Btl_3D_SkillBuff00_00,TARGET,,,PARAM_LIMIT_BREAK_FIXED,FRIEND_ALL,,1,1,1,1,1,1,1,1,1,1,INT,1,6528000,163200,0,,,,,1,10000,
65100141,player_skill_buff,,pl_buff_a,ef_Btl_3D_SkillBuff00_00,TARGET,,,ATK_UP_FIXED,FRIEND_ALL,,1,1,1,1,1,1,1,1,1,1,MAX_HP,1,7200000,126000,0,,,,,1,10000,
65100142,player_skill_buff,,pl_buff_a,ef_Btl_3D_SkillBuff00_00,TARGET,,,ATK_UP_FIXED,FRIEND_ALL,,1,1,1,1,1,1,1,1,1,1,MAX_HP,1,7200000,144000,0,,,,,1,10000,
65100143,player_skill_buff,,pl_buff_a,ef_Btl_3D_SkillBuff00_00,TARGET,,,ATK_UP_FIXED,FRIEND_ALL,,1,1,1,1,1,1,1,1,1,1,MAX_HP,1,7200000,162000,0,,,,,1,10000,
65100144,player_skill_buff,,pl_buff_a,ef_Btl_3D_SkillBuff00_00,TARGET,,,ATK_UP_FIXED,FRIEND_ALL,,1,1,1,1,1,1,1,1,1,1,MAX_HP,1,7200000,180000,0,,,,,1,10000,
65100150,player_skill_buff,,pl_buff_a,ef_Btl_3D_SkillBuff00_00,TARGET,,,NEED_COST_DOWN_BURST,SELECT,,1,1,1,1,1,1,1,1,1,2,1,NULL,NULL,NULL,,0,9,,NULL,1,10000,
65100170,player_skill_buff,,pl_buff_a,ef_Btl_3D_SkillBuff00_00,TARGET,,,NEED_COST_DOWN_BURST,SELECT,,1,1,1,1,1,1,1,1,1,1,3,NULL,NULL,NULL,,4,9,,NULL,1,10000,
65100180,player_skill_buff,,pl_buff_a,ef_Btl_3D_SkillBuff00_00,TARGET,,,PARAM_LIMIT_BREAK_FIXED,FRIEND_ALL,,1,1,1,1,1,1,1,1,1,1,ATK,1,9180000,265200,0,,,,,1,10000,
65100180,,,,,,,,ATK_UP_FIXED,FRIEND_ALL,,1,1,1,1,1,1,1,1,1,1,ATK,1,9180000,265200,0,,,,,1,10000,
65100181,player_skill_buff,,pl_buff_a,ef_Btl_3D_SkillBuff00_00,TARGET,,,PARAM_LIMIT_BREAK_FIXED,FRIEND_ALL,,1,1,1,1,1,1,1,1,1,1,ATK,1,9180000,326400,0,,,,,1,10000,
65100181,,,,,,,,ATK_UP_FIXED,FRIEND_ALL,,1,1,1,1,1,1,1,1,1,1,ATK,1,9180000,326400,0,,,,,1,10000,
65100182,player_skill_buff,,pl_buff_a,ef_Btl_3D_SkillBuff00_00,TARGET,,,PARAM_LIMIT_BREAK_FIXED,FRIEND_ALL,,1,1,1,1,1,1,1,1,1,1,ATK,1,9180000,387600,0,,,,,1,10000,
65100182,,,,,,,,ATK_UP_FIXED,FRIEND_ALL,,1,1,1,1,1,1,1,1,1,1,ATK,1,9180000,387600,0,,,,,1,10000,
65100183,player_skill_buff,,pl_buff_a,ef_Btl_3D_SkillBuff00_00,TARGET,,,PARAM_LIMIT_BREAK_FIXED,FRIEND_ALL,,1,1,1,1,1,1,1,1,1,1,ATK,1,9180000,448800,0,,,,,1,10000,
65100183,,,,,,,,ATK_UP_FIXED,FRIEND_ALL,,1,1,1,1,1,1,1,1,1,1,ATK,1,9180000,448800,0,,,,,1,10000,
65100184,player_skill_buff,,pl_buff_a,ef_Btl_3D_SkillBuff00_00,TARGET,,,PARAM_LIMIT_BREAK_FIXED,FRIEND_ALL,,1,1,1,1,1,1,1,1,1,1,ATK,1,9180000,510000,0,,,,,1,10000,
65100184,,,,,,,,ATK_UP_FIXED,FRIEND_ALL,,1,1,1,1,1,1,1,1,1,1,ATK,1,9180000,510000,0,,,,,1,10000,
65100190,player_skill_buff,,pl_buff_a,ef_Btl_3D_SkillBuff00_00,TARGET,,,ATK_UP_FIXED,SELECT,,1,1,1,1,1,1,1,1,1,1,ATK,1,13500000,390000,0,,,,,1,10000,
65100190,,,,,,,,ATK_UP_FIXED,SELECT,,1,1,1,1,1,1,1,1,1,1,INT,1,13500000,390000,0,,,,,1,10000,
65100191,player_skill_buff,,pl_buff_a,ef_Btl_3D_SkillBuff00_00,TARGET,,,ATK_UP_FIXED,SELECT,,1,1,1,1,1,1,1,1,1,1,ATK,1,13500000,480000,0,,,,,1,10000,
65100191,,,,,,,,ATK_UP_FIXED,SELECT,,1,1,1,1,1,1,1,1,1,1,INT,1,13500000,480000,0,,,,,1,10000,
65100192,player_skill_buff,,pl_buff_a,ef_Btl_3D_SkillBuff00_00,TARGET,,,ATK_UP_FIXED,SELECT,,1,1,1,1,1,1,1,1,1,1,ATK,1,13500000,570000,0,,,,,1,10000,
65100192,,,,,,,,ATK_UP_FIXED,SELECT,,1,1,1,1,1,1,1,1,1,1,INT,1,13500000,570000,0,,,,,1,10000,
65100193,player_skill_buff,,pl_buff_a,ef_Btl_3D_SkillBuff00_00,TARGET,,,ATK_UP_FIXED,SELECT,,1,1,1,1,1,1,1,1,1,1,ATK,1,13500000,660000,0,,,,,1,10000,
65100193,,,,,,,,ATK_UP_FIXED,SELECT,,1,1,1,1,1,1,1,1,1,1,INT,1,13500000,660000,0,,,,,1,10000,
65100194,player_skill_buff,,pl_buff_a,ef_Btl_3D_SkillBuff00_00,TARGET,,,ATK_UP_FIXED,SELECT,,1,1,1,1,1,1,1,1,1,1,ATK,1,13500000,750000,0,,,,,1,10000,
65100194,,,,,,,,ATK_UP_FIXED,SELECT,,1,1,1,1,1,1,1,1,1,1,INT,1,13500000,750000,0,,,,,1,10000,
65100200,player_skill_buff,,pl_buff_a,ef_Btl_3D_SkillBuff00_00,TARGET,,,DEF_UP_BOOST_ORDER_TRIBAL,SELECT,,1,1,1,1,1,1,1,1,1,1,,,1000,,NULL,DEF,0,0,5,1,10000,
65100200,,,,,,,,DEF_UP_BOOST_ORDER_TRIBAL,SELECT,,1,1,1,1,1,1,1,1,1,1,,,1000,,NULL,MDEF,0,0,5,1,10000,
65100220,player_skill_buff,,pl_buff_a,ef_Btl_3D_SkillBuff00_00,TARGET,,,DEF_UP_FIXED,SELECT,,1,1,1,1,1,1,1,1,1,1,MDEF,1,12000000,180000,0,,,,,1,10000,
65100221,player_skill_buff,,pl_buff_a,ef_Btl_3D_SkillBuff00_00,TARGET,,,DEF_UP_FIXED,SELECT,,1,1,1,1,1,1,1,1,1,1,MDEF,1,12000000,210000,0,,,,,1,10000,
65100222,player_skill_buff,,pl_buff_a,ef_Btl_3D_SkillBuff00_00,TARGET,,,DEF_UP_FIXED,SELECT,,1,1,1,1,1,1,1,1,1,1,MDEF,1,12000000,240000,0,,,,,1,10000,
65100223,player_skill_buff,,pl_buff_a,ef_Btl_3D_SkillBuff00_00,TARGET,,,DEF_UP_FIXED,SELECT,,1,1,1,1,1,1,1,1,1,1,MDEF,1,12000000,270000,0,,,,,1,10000,
65100224,player_skill_buff,,pl_buff_a,ef_Btl_3D_SkillBuff00_00,TARGET,,,DEF_UP_FIXED,SELECT,,1,1,1,1,1,1,1,1,1,1,MDEF,1,12000000,300000,0,,,,,1,10000,
65100231,player_skill_buff,,pl_buff_a,ef_Btl_3D_SkillBuff00_00,TARGET,,,PARAM_LIMIT_BREAK_FIXED,SELF,,1,1,1,1,1,1,1,1,1,1,ATK,1,8160000,142800,0,,,,,1,10000,
65100232,player_skill_buff,,pl_buff_a,ef_Btl_3D_SkillBuff00_00,TARGET,,,PARAM_LIMIT_BREAK_FIXED,SELF,,1,1,1,1,1,1,1,1,1,1,ATK,1,8160000,163200,0,,,,,1,10000,
65100233,player_skill_buff,,pl_buff_a,ef_Btl_3D_SkillBuff00_00,TARGET,,,PARAM_LIMIT_BREAK_FIXED,SELF,,1,1,1,1,1,1,1,1,1,1,ATK,1,8160000,183600,0,,,,,1,10000,
65100234,player_skill_buff,,pl_buff_a,ef_Btl_3D_SkillBuff00_00,TARGET,,,PARAM_LIMIT_BREAK_FIXED,SELF,,1,1,1,1,1,1,1,1,1,1,ATK,1,8160000,204000,0,,,,,1,10000,
65100250,player_skill_buff,,pl_buff_a,ef_Btl_3D_SkillBuff00_00,TARGET,,,PARAM_LIMIT_BREAK_FIXED,FRIEND_ALL,,1,1,1,1,1,1,1,1,1,1,INT,1,4896000,73440,0,,,,,1,10000,
65100251,player_skill_buff,,pl_buff_a,ef_Btl_3D_SkillBuff00_00,TARGET,,,PARAM_LIMIT_BREAK_FIXED,FRIEND_ALL,,1,1,1,1,1,1,1,1,1,1,INT,1,4896000,85680,0,,,,,1,10000,
65100252,player_skill_buff,,pl_buff_a,ef_Btl_3D_SkillBuff00_00,TARGET,,,PARAM_LIMIT_BREAK_FIXED,FRIEND_ALL,,1,1,1,1,1,1,1,1,1,1,INT,1,4896000,97920,0,,,,,1,10000,
65100253,player_skill_buff,,pl_buff_a,ef_Btl_3D_SkillBuff00_00,TARGET,,,PARAM_LIMIT_BREAK_FIXED,FRIEND_ALL,,1,1,1,1,1,1,1,1,1,1,INT,1,4896000,110160,0,,,,,1,10000,
65100254,player_skill_buff,,pl_buff_a,ef_Btl_3D_SkillBuff00_00,TARGET,,,PARAM_LIMIT_BREAK_FIXED,FRIEND_ALL,,1,1,1,1,1,1,1,1,1,1,INT,1,4896000,122400,0,,,,,1,10000,
65100261,player_skill_buff,,pl_buff_a,ef_Btl_3D_SkillBuff00_00,TARGET,,,DEF_UP_FIXED,FRIEND_ALL,,1,1,1,1,1,1,1,1,1,1,DEF,1,8160000,142800,0,,,,,1,10000,
65100261,,,,,,,,DEF_UP_FIXED,FRIEND_ALL,,1,1,1,1,1,1,1,1,1,1,MDEF,1,8160000,142800,0,,,,,1,10000,
65100262,player_skill_buff,,pl_buff_a,ef_Btl_3D_SkillBuff00_00,TARGET,,,DEF_UP_FIXED,FRIEND_ALL,,1,1,1,1,1,1,1,1,1,1,DEF,1,8160000,163200,0,,,,,1,10000,
65100262,,,,,,,,DEF_UP_FIXED,FRIEND_ALL,,1,1,1,1,1,1,1,1,1,1,MDEF,1,8160000,163200,0,,,,,1,10000,
65100263,player_skill_buff,,pl_buff_a,ef_Btl_3D_SkillBuff00_00,TARGET,,,DEF_UP_FIXED,FRIEND_ALL,,1,1,1,1,1,1,1,1,1,1,DEF,1,8160000,183600,0,,,,,1,10000,
65100263,,,,,,,,DEF_UP_FIXED,FRIEND_ALL,,1,1,1,1,1,1,1,1,1,1,MDEF,1,8160000,183600,0,,,,,1,10000,
65100264,player_skill_buff,,pl_buff_a,ef_Btl_3D_SkillBuff00_00,TARGET,,,DEF_UP_FIXED,FRIEND_ALL,,1,1,1,1,1,1,1,1,1,1,DEF,1,8160000,204000,0,,,,,1,10000,
65100264,,,,,,,,DEF_UP_FIXED,FRIEND_ALL,,1,1,1,1,1,1,1,1,1,1,MDEF,1,8160000,204000,0,,,,,1,10000,
65100291,player_skill_buff,,pl_buff_a,ef_Btl_3D_SkillBuff00_00,TARGET,,,PARAM_LIMIT_BREAK_FIXED,SELF,,1,1,1,1,1,1,1,1,1,1,INT,1,13600000,238000,0,,,,,1,10000,
65100292,player_skill_buff,,pl_buff_a,ef_Btl_3D_SkillBuff00_00,TARGET,,,PARAM_LIMIT_BREAK_FIXED,SELF,,1,1,1,1,1,1,1,1,1,1,INT,1,13600000,272000,0,,,,,1,10000,
65100293,player_skill_buff,,pl_buff_a,ef_Btl_3D_SkillBuff00_00,TARGET,,,PARAM_LIMIT_BREAK_FIXED,SELF,,1,1,1,1,1,1,1,1,1,1,INT,1,13600000,306000,0,,,,,1,10000,
65100294,player_skill_buff,,pl_buff_a,ef_Btl_3D_SkillBuff00_00,TARGET,,,PARAM_LIMIT_BREAK_FIXED,SELF,,1,1,1,1,1,1,1,1,1,1,INT,1,13600000,340000,0,,,,,1,10000,
65100300,player_skill_buff,,pl_buff_a,ef_Btl_3D_SkillBuff00_00,TARGET,,,NEED_COST_DOWN_BURST,SELECT,,1,1,1,1,1,1,1,1,1,1,3,DARK,SUPPORT,NULL,,0,9,,NULL,1,10000,
65100310,player_skill_buff,,pl_buff_a,ef_Btl_3D_SkillBuff00_00,TARGET,,,DEF_UP_FIXED,FRIEND_ALL,,1,1,1,1,1,1,1,1,1,1,DEF,1,3672000,106080,0,,,,,1,10000,
65100310,,,,,,,,DEF_UP_FIXED,FRIEND_ALL,,1,1,1,1,1,1,1,1,1,1,MDEF,1,3672000,106080,0,,,,,1,10000,
65100311,player_skill_buff,,pl_buff_a,ef_Btl_3D_SkillBuff00_00,TARGET,,,DEF_UP_FIXED,FRIEND_ALL,,1,1,1,1,1,1,1,1,1,1,DEF,1,3672000,130560,0,,,,,1,10000,
65100311,,,,,,,,DEF_UP_FIXED,FRIEND_ALL,,1,1,1,1,1,1,1,1,1,1,MDEF,1,3672000,130560,0,,,,,1,10000,
65100312,player_skill_buff,,pl_buff_a,ef_Btl_3D_SkillBuff00_00,TARGET,,,DEF_UP_FIXED,FRIEND_ALL,,1,1,1,1,1,1,1,1,1,1,DEF,1,3672000,155040,0,,,,,1,10000,
65100312,,,,,,,,DEF_UP_FIXED,FRIEND_ALL,,1,1,1,1,1,1,1,1,1,1,MDEF,1,3672000,155040,0,,,,,1,10000,
65100313,player_skill_buff,,pl_buff_a,ef_Btl_3D_SkillBuff00_00,TARGET,,,DEF_UP_FIXED,FRIEND_ALL,,1,1,1,1,1,1,1,1,1,1,DEF,1,3672000,179520,0,,,,,1,10000,
65100313,,,,,,,,DEF_UP_FIXED,FRIEND_ALL,,1,1,1,1,1,1,1,1,1,1,MDEF,1,3672000,179520,0,,,,,1,10000,
65100314,player_skill_buff,,pl_buff_a,ef_Btl_3D_SkillBuff00_00,TARGET,,,DEF_UP_FIXED,FRIEND_ALL,,1,1,1,1,1,1,1,1,1,1,DEF,1,3672000,204000,0,,,,,1,10000,
65100314,,,,,,,,DEF_UP_FIXED,FRIEND_ALL,,1,1,1,1,1,1,1,1,1,1,MDEF,1,3672000,204000,0,,,,,1,10000,
65100320,player_skill_buff,,pl_buff_a,ef_Btl_3D_SkillBuff00_00,TARGET,,,ENCHANT,FRIEND_ALL,,1,1,1,1,1,1,1,1,1,1,1,10098000,291720,0,DARK,,,,,1,10000,
65100321,player_skill_buff,,pl_buff_a,ef_Btl_3D_SkillBuff00_00,TARGET,,,ENCHANT,FRIEND_ALL,,1,1,1,1,1,1,1,1,1,1,1,10098000,359040,0,DARK,,,,,1,10000,
65100322,player_skill_buff,,pl_buff_a,ef_Btl_3D_SkillBuff00_00,TARGET,,,ENCHANT,FRIEND_ALL,,1,1,1,1,1,1,1,1,1,1,1,10098000,426360,0,DARK,,,,,1,10000,
65100323,player_skill_buff,,pl_buff_a,ef_Btl_3D_SkillBuff00_00,TARGET,,,ENCHANT,FRIEND_ALL,,1,1,1,1,1,1,1,1,1,1,1,10098000,493680,0,DARK,,,,,1,10000,
65100324,player_skill_buff,,pl_buff_a,ef_Btl_3D_SkillBuff00_00,TARGET,,,ENCHANT,FRIEND_ALL,,1,1,1,1,1,1,1,1,1,1,1,10098000,561000,0,DARK,,,,,1,10000,
65100330,player_skill_buff,,pl_buff_a,ef_Btl_3D_SkillBuff00_00,TARGET,,,CRITICAL_DAMAGE_BOOST,SELECT,,1,1,1,1,1,1,1,1,1,1,50,,,,,,,,,1,10000,
65100350,player_skill_buff,,pl_buff_a,ef_Btl_3D_SkillBuff00_00,TARGET,,,ATK_UP_FIXED,FRIEND_ALL,,1,1,1,1,1,1,1,1,1,1,MAX_HP,1,8100000,234000,0,,,,,1,10000,
65100351,player_skill_buff,,pl_buff_a,ef_Btl_3D_SkillBuff00_00,TARGET,,,ATK_UP_FIXED,FRIEND_ALL,,1,1,1,1,1,1,1,1,1,1,MAX_HP,1,8100000,288000,0,,,,,1,10000,
65100352,player_skill_buff,,pl_buff_a,ef_Btl_3D_SkillBuff00_00,TARGET,,,ATK_UP_FIXED,FRIEND_ALL,,1,1,1,1,1,1,1,1,1,1,MAX_HP,1,8100000,342000,0,,,,,1,10000,
65100353,player_skill_buff,,pl_buff_a,ef_Btl_3D_SkillBuff00_00,TARGET,,,ATK_UP_FIXED,FRIEND_ALL,,1,1,1,1,1,1,1,1,1,1,MAX_HP,1,8100000,396000,0,,,,,1,10000,
65100354,player_skill_buff,,pl_buff_a,ef_Btl_3D_SkillBuff00_00,TARGET,,,ATK_UP_FIXED,FRIEND_ALL,,1,1,1,1,1,1,1,1,1,1,MAX_HP,1,8100000,450000,0,,,,,1,10000,
65100360,player_skill_buff,,pl_buff_a,ef_Btl_3D_SkillBuff00_00,TARGET,,,PARAM_LIMIT_BREAK_FIXED,SELECT,,1,1,1,1,1,1,1,1,1,1,ATK,1,15750000,455000,0,,,,,1,10000,
65100360,,,,,,,,PARAM_LIMIT_BREAK_FIXED,SELECT,,1,1,1,1,1,1,1,1,1,1,INT,1,15750000,455000,0,,,,,1,10000,
65100361,player_skill_buff,,pl_buff_a,ef_Btl_3D_SkillBuff00_00,TARGET,,,PARAM_LIMIT_BREAK_FIXED,SELECT,,1,1,1,1,1,1,1,1,1,1,ATK,1,15750000,560000,0,,,,,1,10000,
65100361,,,,,,,,PARAM_LIMIT_BREAK_FIXED,SELECT,,1,1,1,1,1,1,1,1,1,1,INT,1,15750000,560000,0,,,,,1,10000,
65100362,player_skill_buff,,pl_buff_a,ef_Btl_3D_SkillBuff00_00,TARGET,,,PARAM_LIMIT_BREAK_FIXED,SELECT,,1,1,1,1,1,1,1,1,1,1,ATK,1,15750000,665000,0,,,,,1,10000,
65100362,,,,,,,,PARAM_LIMIT_BREAK_FIXED,SELECT,,1,1,1,1,1,1,1,1,1,1,INT,1,15750000,665000,0,,,,,1,10000,
65100363,player_skill_buff,,pl_buff_a,ef_Btl_3D_SkillBuff00_00,TARGET,,,PARAM_LIMIT_BREAK_FIXED,SELECT,,1,1,1,1,1,1,1,1,1,1,ATK,1,15750000,770000,0,,,,,1,10000,
65100363,,,,,,,,PARAM_LIMIT_BREAK_FIXED,SELECT,,1,1,1,1,1,1,1,1,1,1,INT,1,15750000,770000,0,,,,,1,10000,
65100364,player_skill_buff,,pl_buff_a,ef_Btl_3D_SkillBuff00_00,TARGET,,,PARAM_LIMIT_BREAK_FIXED,SELECT,,1,1,1,1,1,1,1,1,1,1,ATK,1,15750000,875000,0,,,,,1,10000,
65100364,,,,,,,,PARAM_LIMIT_BREAK_FIXED,SELECT,,1,1,1,1,1,1,1,1,1,1,INT,1,15750000,875000,0,,,,,1,10000,
65100390,player_skill_buff,,pl_buff_a,ef_Btl_3D_SkillBuff00_00,TARGET,,,PARAM_LIMIT_BREAK_FIXED,FRIEND_ALL,,1,1,1,1,1,1,1,1,1,1,INT,1,9180000,265200,0,,,,,1,10000,
65100390,,,,,,,,ATK_UP_FIXED,FRIEND_ALL,,1,1,1,1,1,1,1,1,1,1,INT,1,9180000,265200,0,,,,,1,10000,
65100391,player_skill_buff,,pl_buff_a,ef_Btl_3D_SkillBuff00_00,TARGET,,,PARAM_LIMIT_BREAK_FIXED,FRIEND_ALL,,1,1,1,1,1,1,1,1,1,1,INT,1,9180000,326400,0,,,,,1,10000,
65100391,,,,,,,,ATK_UP_FIXED,FRIEND_ALL,,1,1,1,1,1,1,1,1,1,1,INT,1,9180000,326400,0,,,,,1,10000,
65100392,player_skill_buff,,pl_buff_a,ef_Btl_3D_SkillBuff00_00,TARGET,,,PARAM_LIMIT_BREAK_FIXED,FRIEND_ALL,,1,1,1,1,1,1,1,1,1,1,INT,1,9180000,387600,0,,,,,1,10000,
65100392,,,,,,,,ATK_UP_FIXED,FRIEND_ALL,,1,1,1,1,1,1,1,1,1,1,INT,1,9180000,387600,0,,,,,1,10000,
65100393,player_skill_buff,,pl_buff_a,ef_Btl_3D_SkillBuff00_00,TARGET,,,PARAM_LIMIT_BREAK_FIXED,FRIEND_ALL,,1,1,1,1,1,1,1,1,1,1,INT,1,9180000,448800,0,,,,,1,10000,
65100393,,,,,,,,ATK_UP_FIXED,FRIEND_ALL,,1,1,1,1,1,1,1,1,1,1,INT,1,9180000,448800,0,,,,,1,10000,
65100394,player_skill_buff,,pl_buff_a,ef_Btl_3D_SkillBuff00_00,TARGET,,,PARAM_LIMIT_BREAK_FIXED,FRIEND_ALL,,1,1,1,1,1,1,1,1,1,1,INT,1,9180000,510000,0,,,,,1,10000,
65100394,,,,,,,,ATK_UP_FIXED,FRIEND_ALL,,1,1,1,1,1,1,1,1,1,1,INT,1,9180000,510000,0,,,,,1,10000,
65100400,player_skill_buff,,pl_buff_a,ef_Btl_3D_SkillBuff00_00,TARGET,,,DEF_UP_FIXED,FRIEND_ALL,,1,1,1,1,1,1,1,1,1,1,MDEF,1,18900000,546000,0,,,,,1,10000,
65100401,player_skill_buff,,pl_buff_a,ef_Btl_3D_SkillBuff00_00,TARGET,,,DEF_UP_FIXED,FRIEND_ALL,,1,1,1,1,1,1,1,1,1,1,MDEF,1,18900000,672000,0,,,,,1,10000,
65100402,player_skill_buff,,pl_buff_a,ef_Btl_3D_SkillBuff00_00,TARGET,,,DEF_UP_FIXED,FRIEND_ALL,,1,1,1,1,1,1,1,1,1,1,MDEF,1,18900000,798000,0,,,,,1,10000,
65100403,player_skill_buff,,pl_buff_a,ef_Btl_3D_SkillBuff00_00,TARGET,,,DEF_UP_FIXED,FRIEND_ALL,,1,1,1,1,1,1,1,1,1,1,MDEF,1,18900000,924000,0,,,,,1,10000,
65100404,player_skill_buff,,pl_buff_a,ef_Btl_3D_SkillBuff00_00,TARGET,,,DEF_UP_FIXED,FRIEND_ALL,,1,1,1,1,1,1,1,1,1,1,MDEF,1,18900000,1050000,0,,,,,1,10000,
65100430,player_skill_buff,,pl_buff_a,ef_Btl_3D_SkillBuff00_00,TARGET,,,ATK_UP_FIXED,SELF,,1,1,1,1,1,1,1,1,1,1,MAX_HP,1,6000000,90000,0,,,,,1,10000,
65100431,player_skill_buff,,pl_buff_a,ef_Btl_3D_SkillBuff00_00,TARGET,,,ATK_UP_FIXED,SELF,,1,1,1,1,1,1,1,1,1,1,MAX_HP,1,6000000,105000,0,,,,,1,10000,
65100432,player_skill_buff,,pl_buff_a,ef_Btl_3D_SkillBuff00_00,TARGET,,,ATK_UP_FIXED,SELF,,1,1,1,1,1,1,1,1,1,1,MAX_HP,1,6000000,120000,0,,,,,1,10000,
65100433,player_skill_buff,,pl_buff_a,ef_Btl_3D_SkillBuff00_00,TARGET,,,ATK_UP_FIXED,SELF,,1,1,1,1,1,1,1,1,1,1,MAX_HP,1,6000000,135000,0,,,,,1,10000,
65100434,player_skill_buff,,pl_buff_a,ef_Btl_3D_SkillBuff00_00,TARGET,,,ATK_UP_FIXED,SELF,,1,1,1,1,1,1,1,1,1,1,MAX_HP,1,6000000,150000,0,,,,,1,10000,
65100441,player_skill_buff,,pl_buff_a,ef_Btl_3D_SkillBuff00_00,TARGET,,,DEF_UP_FIXED,FRIEND_ALL,,1,1,1,1,1,1,1,1,1,1,MDEF,1,7200000,126000,0,,,,,1,10000,
65100442,player_skill_buff,,pl_buff_a,ef_Btl_3D_SkillBuff00_00,TARGET,,,DEF_UP_FIXED,FRIEND_ALL,,1,1,1,1,1,1,1,1,1,1,MDEF,1,7200000,144000,0,,,,,1,10000,
65100443,player_skill_buff,,pl_buff_a,ef_Btl_3D_SkillBuff00_00,TARGET,,,DEF_UP_FIXED,FRIEND_ALL,,1,1,1,1,1,1,1,1,1,1,MDEF,1,7200000,162000,0,,,,,1,10000,
65100444,player_skill_buff,,pl_buff_a,ef_Btl_3D_SkillBuff00_00,TARGET,,,DEF_UP_FIXED,FRIEND_ALL,,1,1,1,1,1,1,1,1,1,1,MDEF,1,7200000,180000,0,,,,,1,10000,
65100460,player_skill_buff,,pl_buff_a,ef_Btl_3D_SkillBuff00_00,TARGET,,,ATK_UP_FIXED,FRIEND_ALL,,1,1,1,1,1,1,1,1,1,1,MAX_HP,1,5400000,156000,0,,,,,1,10000,
65100461,player_skill_buff,,pl_buff_a,ef_Btl_3D_SkillBuff00_00,TARGET,,,ATK_UP_FIXED,FRIEND_ALL,,1,1,1,1,1,1,1,1,1,1,MAX_HP,1,5400000,192000,0,,,,,1,10000,
65100462,player_skill_buff,,pl_buff_a,ef_Btl_3D_SkillBuff00_00,TARGET,,,ATK_UP_FIXED,FRIEND_ALL,,1,1,1,1,1,1,1,1,1,1,MAX_HP,1,5400000,228000,0,,,,,1,10000,
65100463,player_skill_buff,,pl_buff_a,ef_Btl_3D_SkillBuff00_00,TARGET,,,ATK_UP_FIXED,FRIEND_ALL,,1,1,1,1,1,1,1,1,1,1,MAX_HP,1,5400000,264000,0,,,,,1,10000,
65100464,player_skill_buff,,pl_buff_a,ef_Btl_3D_SkillBuff00_00,TARGET,,,ATK_UP_FIXED,FRIEND_ALL,,1,1,1,1,1,1,1,1,1,1,MAX_HP,1,5400000,300000,0,,,,,1,10000,
65100470,player_skill_buff,,pl_buff_a,ef_Btl_3D_SkillBuff00_00,TARGET,,,ATK_UP_BOOST_ORDER_TRIBAL,SELECT,,1,1,1,1,1,1,1,1,1,1,,,1000,,NULL,INT,0,0,3,1,10000,
65100490,player_skill_buff,,pl_buff_a,ef_Btl_3D_SkillBuff00_00,TARGET,,,DEF_UP_FIXED,FRIEND_ALL,,1,1,1,1,1,1,1,1,1,1,DEF,1,3264000,48960,0,,,,,1,10000,
65100490,,,,,,,,DEF_UP_FIXED,FRIEND_ALL,,1,1,1,1,1,1,1,1,1,1,MDEF,1,3264000,48960,0,,,,,1,10000,
65100491,player_skill_buff,,pl_buff_a,ef_Btl_3D_SkillBuff00_00,TARGET,,,DEF_UP_FIXED,FRIEND_ALL,,1,1,1,1,1,1,1,1,1,1,DEF,1,3264000,57120,0,,,,,1,10000,
65100491,,,,,,,,DEF_UP_FIXED,FRIEND_ALL,,1,1,1,1,1,1,1,1,1,1,MDEF,1,3264000,57120,0,,,,,1,10000,
65100492,player_skill_buff,,pl_buff_a,ef_Btl_3D_SkillBuff00_00,TARGET,,,DEF_UP_FIXED,FRIEND_ALL,,1,1,1,1,1,1,1,1,1,1,DEF,1,3264000,65280,0,,,,,1,10000,
65100492,,,,,,,,DEF_UP_FIXED,FRIEND_ALL,,1,1,1,1,1,1,1,1,1,1,MDEF,1,3264000,65280,0,,,,,1,10000,
65100493,player_skill_buff,,pl_buff_a,ef_Btl_3D_SkillBuff00_00,TARGET,,,DEF_UP_FIXED,FRIEND_ALL,,1,1,1,1,1,1,1,1,1,1,DEF,1,3264000,73440,0,,,,,1,10000,
65100493,,,,,,,,DEF_UP_FIXED,FRIEND_ALL,,1,1,1,1,1,1,1,1,1,1,MDEF,1,3264000,73440,0,,,,,1,10000,
65100494,player_skill_buff,,pl_buff_a,ef_Btl_3D_SkillBuff00_00,TARGET,,,DEF_UP_FIXED,FRIEND_ALL,,1,1,1,1,1,1,1,1,1,1,DEF,1,3264000,81600,0,,,,,1,10000,
65100494,,,,,,,,DEF_UP_FIXED,FRIEND_ALL,,1,1,1,1,1,1,1,1,1,1,MDEF,1,3264000,81600,0,,,,,1,10000,
65100500,player_skill_buff,,pl_buff_a,ef_Btl_3D_SkillBuff00_00,TARGET,,,ATK_UP_FIXED,FRIEND_ALL,,1,1,1,1,1,1,1,1,1,1,ATK,1,9600000,144000,0,,,,,1,10000,
65100500,,,,,,,,ATK_UP_FIXED,FRIEND_ALL,,1,1,1,1,1,1,1,1,1,1,INT,1,9600000,144000,0,,,,,1,10000,
65100501,player_skill_buff,,pl_buff_a,ef_Btl_3D_SkillBuff00_00,TARGET,,,ATK_UP_FIXED,FRIEND_ALL,,1,1,1,1,1,1,1,1,1,1,ATK,1,9600000,168000,0,,,,,1,10000,
65100501,,,,,,,,ATK_UP_FIXED,FRIEND_ALL,,1,1,1,1,1,1,1,1,1,1,INT,1,9600000,168000,0,,,,,1,10000,
65100502,player_skill_buff,,pl_buff_a,ef_Btl_3D_SkillBuff00_00,TARGET,,,ATK_UP_FIXED,FRIEND_ALL,,1,1,1,1,1,1,1,1,1,1,ATK,1,9600000,192000,0,,,,,1,10000,
65100502,,,,,,,,ATK_UP_FIXED,FRIEND_ALL,,1,1,1,1,1,1,1,1,1,1,INT,1,9600000,192000,0,,,,,1,10000,
65100503,player_skill_buff,,pl_buff_a,ef_Btl_3D_SkillBuff00_00,TARGET,,,ATK_UP_FIXED,FRIEND_ALL,,1,1,1,1,1,1,1,1,1,1,ATK,1,9600000,216000,0,,,,,1,10000,
65100503,,,,,,,,ATK_UP_FIXED,FRIEND_ALL,,1,1,1,1,1,1,1,1,1,1,INT,1,9600000,216000,0,,,,,1,10000,
65100504,player_skill_buff,,pl_buff_a,ef_Btl_3D_SkillBuff00_00,TARGET,,,ATK_UP_FIXED,FRIEND_ALL,,1,1,1,1,1,1,1,1,1,1,ATK,1,9600000,240000,0,,,,,1,10000,
65100504,,,,,,,,ATK_UP_FIXED,FRIEND_ALL,,1,1,1,1,1,1,1,1,1,1,INT,1,9600000,240000,0,,,,,1,10000,
65100520,player_skill_buff,,pl_buff_a,ef_Btl_3D_SkillBuff00_00,TARGET,,,PARAM_LIMIT_BREAK_FIXED,SELECT,,1,1,1,1,1,1,1,1,1,1,ATK,1,6120000,176800,0,,,,,1,10000,
65100521,player_skill_buff,,pl_buff_a,ef_Btl_3D_SkillBuff00_00,TARGET,,,PARAM_LIMIT_BREAK_FIXED,SELECT,,1,1,1,1,1,1,1,1,1,1,ATK,1,6120000,217600,0,,,,,1,10000,
65100522,player_skill_buff,,pl_buff_a,ef_Btl_3D_SkillBuff00_00,TARGET,,,PARAM_LIMIT_BREAK_FIXED,SELECT,,1,1,1,1,1,1,1,1,1,1,ATK,1,6120000,258400,0,,,,,1,10000,
65100523,player_skill_buff,,pl_buff_a,ef_Btl_3D_SkillBuff00_00,TARGET,,,PARAM_LIMIT_BREAK_FIXED,SELECT,,1,1,1,1,1,1,1,1,1,1,ATK,1,6120000,299200,0,,,,,1,10000,
65100524,player_skill_buff,,pl_buff_a,ef_Btl_3D_SkillBuff00_00,TARGET,,,PARAM_LIMIT_BREAK_FIXED,SELECT,,1,1,1,1,1,1,1,1,1,1,ATK,1,6120000,340000,0,,,,,1,10000,
65100530,player_skill_buff,,pl_buff_a,ef_Btl_3D_SkillBuff00_00,TARGET,,,PARAM_LIMIT_BREAK_FIXED,SELECT,,1,1,1,1,1,1,1,1,1,1,INT,1,6120000,176800,0,,,,,1,10000,
65100531,player_skill_buff,,pl_buff_a,ef_Btl_3D_SkillBuff00_00,TARGET,,,PARAM_LIMIT_BREAK_FIXED,SELECT,,1,1,1,1,1,1,1,1,1,1,INT,1,6120000,217600,0,,,,,1,10000,
65100532,player_skill_buff,,pl_buff_a,ef_Btl_3D_SkillBuff00_00,TARGET,,,PARAM_LIMIT_BREAK_FIXED,SELECT,,1,1,1,1,1,1,1,1,1,1,INT,1,6120000,258400,0,,,,,1,10000,
65100533,player_skill_buff,,pl_buff_a,ef_Btl_3D_SkillBuff00_00,TARGET,,,PARAM_LIMIT_BREAK_FIXED,SELECT,,1,1,1,1,1,1,1,1,1,1,INT,1,6120000,299200,0,,,,,1,10000,
65100534,player_skill_buff,,pl_buff_a,ef_Btl_3D_SkillBuff00_00,TARGET,,,PARAM_LIMIT_BREAK_FIXED,SELECT,,1,1,1,1,1,1,1,1,1,1,INT,1,6120000,340000,0,,,,,1,10000,
65100540,player_skill_buff,,pl_buff_a,ef_Btl_3D_SkillBuff00_00,TARGET,,,ATK_UP_FIXED,FRIEND_ALL,,1,1,1,1,1,1,1,1,1,1,MAX_HP,1,5400000,156000,0,,,,,1,10000,
65100541,player_skill_buff,,pl_buff_a,ef_Btl_3D_SkillBuff00_00,TARGET,,,ATK_UP_FIXED,FRIEND_ALL,,1,1,1,1,1,1,1,1,1,1,MAX_HP,1,5400000,192000,0,,,,,1,10000,
65100542,player_skill_buff,,pl_buff_a,ef_Btl_3D_SkillBuff00_00,TARGET,,,ATK_UP_FIXED,FRIEND_ALL,,1,1,1,1,1,1,1,1,1,1,MAX_HP,1,5400000,228000,0,,,,,1,10000,
65100543,player_skill_buff,,pl_buff_a,ef_Btl_3D_SkillBuff00_00,TARGET,,,ATK_UP_FIXED,FRIEND_ALL,,1,1,1,1,1,1,1,1,1,1,MAX_HP,1,5400000,264000,0,,,,,1,10000,
65100544,player_skill_buff,,pl_buff_a,ef_Btl_3D_SkillBuff00_00,TARGET,,,ATK_UP_FIXED,FRIEND_ALL,,1,1,1,1,1,1,1,1,1,1,MAX_HP,1,5400000,300000,0,,,,,1,10000,
65100580,player_skill_buff,,pl_buff_a,ef_Btl_3D_SkillBuff00_00,TARGET,,,ATK_UP_FIXED,SELECT,,1,1,1,1,1,1,1,1,1,1,INT,1,15120000,436800,0,,,,,1,10000,
65100581,player_skill_buff,,pl_buff_a,ef_Btl_3D_SkillBuff00_00,TARGET,,,ATK_UP_FIXED,SELECT,,1,1,1,1,1,1,1,1,1,1,INT,1,15120000,537600,0,,,,,1,10000,
65100582,player_skill_buff,,pl_buff_a,ef_Btl_3D_SkillBuff00_00,TARGET,,,ATK_UP_FIXED,SELECT,,1,1,1,1,1,1,1,1,1,1,INT,1,15120000,638400,0,,,,,1,10000,
65100583,player_skill_buff,,pl_buff_a,ef_Btl_3D_SkillBuff00_00,TARGET,,,ATK_UP_FIXED,SELECT,,1,1,1,1,1,1,1,1,1,1,INT,1,15120000,739200,0,,,,,1,10000,
65100584,player_skill_buff,,pl_buff_a,ef_Btl_3D_SkillBuff00_00,TARGET,,,ATK_UP_FIXED,SELECT,,1,1,1,1,1,1,1,1,1,1,INT,1,15120000,840000,0,,,,,1,10000,
65100590,player_skill_buff,,pl_buff_a,ef_Btl_3D_SkillBuff00_00,TARGET,,,ATK_UP_FIXED,FRIEND_ALL,,1,1,1,1,1,1,1,1,1,1,MAX_HP,1,5400000,156000,0,,,,,1,10000,
65100591,player_skill_buff,,pl_buff_a,ef_Btl_3D_SkillBuff00_00,TARGET,,,ATK_UP_FIXED,FRIEND_ALL,,1,1,1,1,1,1,1,1,1,1,MAX_HP,1,5400000,192000,0,,,,,1,10000,
65100592,player_skill_buff,,pl_buff_a,ef_Btl_3D_SkillBuff00_00,TARGET,,,ATK_UP_FIXED,FRIEND_ALL,,1,1,1,1,1,1,1,1,1,1,MAX_HP,1,5400000,228000,0,,,,,1,10000,
65100593,player_skill_buff,,pl_buff_a,ef_Btl_3D_SkillBuff00_00,TARGET,,,ATK_UP_FIXED,FRIEND_ALL,,1,1,1,1,1,1,1,1,1,1,MAX_HP,1,5400000,264000,0,,,,,1,10000,
65100594,player_skill_buff,,pl_buff_a,ef_Btl_3D_SkillBuff00_00,TARGET,,,ATK_UP_FIXED,FRIEND_ALL,,1,1,1,1,1,1,1,1,1,1,MAX_HP,1,5400000,300000,0,,,,,1,10000,
65100600,player_skill_buff,,pl_buff_a,ef_Btl_3D_SkillBuff00_00,TARGET,,,NEED_COST_DOWN_BURST,SELECT,,1,1,1,1,1,1,1,1,1,1,2,LIGHT,SORCERY,NULL,,0,9,,NULL,1,10000,
65100610,player_skill_buff,,pl_buff_a,ef_Btl_3D_SkillBuff00_00,TARGET,,,ATK_UP_FIXED,FRIEND_ALL,,1,1,1,1,1,1,1,1,1,1,MAX_HP,1,1800000,52000,0,,,,,1,10000,
65100611,player_skill_buff,,pl_buff_a,ef_Btl_3D_SkillBuff00_00,TARGET,,,ATK_UP_FIXED,FRIEND_ALL,,1,1,1,1,1,1,1,1,1,1,MAX_HP,1,1800000,64000,0,,,,,1,10000,
65100612,player_skill_buff,,pl_buff_a,ef_Btl_3D_SkillBuff00_00,TARGET,,,ATK_UP_FIXED,FRIEND_ALL,,1,1,1,1,1,1,1,1,1,1,MAX_HP,1,1800000,76000,0,,,,,1,10000,
65100613,player_skill_buff,,pl_buff_a,ef_Btl_3D_SkillBuff00_00,TARGET,,,ATK_UP_FIXED,FRIEND_ALL,,1,1,1,1,1,1,1,1,1,1,MAX_HP,1,1800000,88000,0,,,,,1,10000,
65100614,player_skill_buff,,pl_buff_a,ef_Btl_3D_SkillBuff00_00,TARGET,,,ATK_UP_FIXED,FRIEND_ALL,,1,1,1,1,1,1,1,1,1,1,MAX_HP,1,1800000,100000,0,,,,,1,10000,
65100630,player_skill_buff,,pl_buff_a,ef_Btl_3D_SkillBuff00_00,TARGET,,,CRITICAL_DAMAGE_BOOST,FRIEND_ALL,,1,1,1,1,1,1,1,1,1,1,50,,,,,,,,,1,10000,
65100640,player_skill_buff,,pl_buff_a,ef_Btl_3D_SkillBuff00_00,TARGET,,,PARAM_LIMIT_BREAK_FIXED,SELECT,,1,1,1,1,1,1,1,1,1,1,ATK,1,18900000,546000,0,,,,,1,10000,
65100640,,,,,,,,PARAM_LIMIT_BREAK_FIXED,SELECT,,1,1,1,1,1,1,1,1,1,1,INT,1,18900000,546000,0,,,,,1,10000,
65100641,player_skill_buff,,pl_buff_a,ef_Btl_3D_SkillBuff00_00,TARGET,,,PARAM_LIMIT_BREAK_FIXED,SELECT,,1,1,1,1,1,1,1,1,1,1,ATK,1,18900000,672000,0,,,,,1,10000,
65100641,,,,,,,,PARAM_LIMIT_BREAK_FIXED,SELECT,,1,1,1,1,1,1,1,1,1,1,INT,1,18900000,672000,0,,,,,1,10000,
65100642,player_skill_buff,,pl_buff_a,ef_Btl_3D_SkillBuff00_00,TARGET,,,PARAM_LIMIT_BREAK_FIXED,SELECT,,1,1,1,1,1,1,1,1,1,1,ATK,1,18900000,798000,0,,,,,1,10000,
65100642,,,,,,,,PARAM_LIMIT_BREAK_FIXED,SELECT,,1,1,1,1,1,1,1,1,1,1,INT,1,18900000,798000,0,,,,,1,10000,
65100643,player_skill_buff,,pl_buff_a,ef_Btl_3D_SkillBuff00_00,TARGET,,,PARAM_LIMIT_BREAK_FIXED,SELECT,,1,1,1,1,1,1,1,1,1,1,ATK,1,18900000,924000,0,,,,,1,10000,
65100643,,,,,,,,PARAM_LIMIT_BREAK_FIXED,SELECT,,1,1,1,1,1,1,1,1,1,1,INT,1,18900000,924000,0,,,,,1,10000,
65100644,player_skill_buff,,pl_buff_a,ef_Btl_3D_SkillBuff00_00,TARGET,,,PARAM_LIMIT_BREAK_FIXED,SELECT,,1,1,1,1,1,1,1,1,1,1,ATK,1,18900000,1050000,0,,,,,1,10000,
65100644,,,,,,,,PARAM_LIMIT_BREAK_FIXED,SELECT,,1,1,1,1,1,1,1,1,1,1,INT,1,18900000,1050000,0,,,,,1,10000,
65100680,player_skill_buff,,pl_buff_a,ef_Btl_3D_SkillBuff00_00,TARGET,,,ATK_UP_FIXED,FRIEND_ALL,,1,1,1,1,1,1,1,1,1,1,MAX_HP,1,5400000,156000,0,,,,,1,10000,
65100681,player_skill_buff,,pl_buff_a,ef_Btl_3D_SkillBuff00_00,TARGET,,,ATK_UP_FIXED,FRIEND_ALL,,1,1,1,1,1,1,1,1,1,1,MAX_HP,1,5400000,192000,0,,,,,1,10000,
65100682,player_skill_buff,,pl_buff_a,ef_Btl_3D_SkillBuff00_00,TARGET,,,ATK_UP_FIXED,FRIEND_ALL,,1,1,1,1,1,1,1,1,1,1,MAX_HP,1,5400000,228000,0,,,,,1,10000,
65100683,player_skill_buff,,pl_buff_a,ef_Btl_3D_SkillBuff00_00,TARGET,,,ATK_UP_FIXED,FRIEND_ALL,,1,1,1,1,1,1,1,1,1,1,MAX_HP,1,5400000,264000,0,,,,,1,10000,
65100684,player_skill_buff,,pl_buff_a,ef_Btl_3D_SkillBuff00_00,TARGET,,,ATK_UP_FIXED,FRIEND_ALL,,1,1,1,1,1,1,1,1,1,1,MAX_HP,1,5400000,300000,0,,,,,1,10000,
65100690,player_skill_buff,,pl_buff_a,ef_Btl_3D_SkillBuff00_00,TARGET,,,DAMAGE_BOOST_ORDER_TRIBAL,SELECT,,1,1,1,1,1,1,1,1,1,1,1200,,,,NULL,PHYSICS,0,0,4,1,10000,
