1000010,1000010,紅蓮姫 イテール,LEGEND,0,80,64000070,65000001,,,12,45,3,,,,,,,,,,,,,10000010,401,100000,1000011,,,真紅の炎を纏いし赤き鎧に隠されたその身が放つ力は、<br>万物を焼き払う業火である。,だんちょ,喜多村 英梨,607340010,607340040,607340060,,
1000011,1000010,紅蓮姫 イテール,LEGEND,1,80,64000071,65000001,,,12,45,3,65000002,,40,9,65,4,,,,,,,10000010,401,100000,1000012,,,真紅の炎を纏いし赤き鎧に隠されたその身が放つ力は、<br>万物を焼き払う業火である。,だんちょ,喜多村 英梨,607340010,607340040,607340060,,
1000012,1000010,紅蓮姫 イテール,LEGEND,2,80,64000072,65000001,,,12,45,3,65000003,,40,9,65,4,65000006,,60,20,165,4,10000010,401,100000,1000013,,,真紅の炎を纏いし赤き鎧に隠されたその身が放つ力は、<br>万物を焼き払う業火である。,だんちょ,喜多村 英梨,607340010,607340040,607340060,,
1000013,1000010,紅蓮姫 イテール,LEGEND,3,80,64000073,65000001,,,12,40,2,65000004,,40,9,60,3,65000006,,60,20,160,3,10000010,401,100000,1000014,,,真紅の炎を纏いし赤き鎧に隠されたその身が放つ力は、<br>万物を焼き払う業火である。,だんちょ,喜多村 英梨,607340010,607340040,607340060,,
1000014,1000010,紅蓮姫 イテール,LEGEND,4,80,64000074,65000001,,,12,30,2,65000005,,40,9,50,3,65000006,,60,20,150,3,10000010,401,100000,,6191,1,真紅の炎を纏いし赤き鎧に隠されたその身が放つ力は、<br>万物を焼き払う業火である。,だんちょ,喜多村 英梨,607340010,607340040,607340060,,
1000020,1000020,湖の聖剣 アロンダイト,LEGEND,0,80,64000050,65000007,,,12,45,3,,,,,,,,,,,,,10000020,401,100000,1000021,,,たとえ魔剣に堕ちようとも、麗しの王妃のため。,akka,朝井 彩加,605400040,605400060,605400050,,
1000021,1000020,湖の聖剣 アロンダイト,LEGEND,1,80,64000051,65000007,,,12,45,3,65000008,,40,4,45,4,,,,,,,10000020,401,100000,1000022,,,たとえ魔剣に堕ちようとも、麗しの王妃のため。,akka,朝井 彩加,605400040,605400060,605400050,,
1000022,1000020,湖の聖剣 アロンダイト,LEGEND,2,80,64000052,65000007,,,12,45,3,65000009,,40,4,45,4,65000012,,60,13,135,4,10000020,401,100000,1000023,,,たとえ魔剣に堕ちようとも、麗しの王妃のため。,akka,朝井 彩加,605400040,605400060,605400050,,
1000023,1000020,湖の聖剣 アロンダイト,LEGEND,3,80,64000053,65000007,,,12,40,2,65000010,,40,4,40,3,65000012,,60,13,130,3,10000020,401,100000,1000024,,,たとえ魔剣に堕ちようとも、麗しの王妃のため。,akka,朝井 彩加,605400040,605400060,605400050,,
1000024,1000020,湖の聖剣 アロンダイト,LEGEND,4,80,64000054,65000007,,,12,30,2,65000011,,40,4,30,3,65000012,,60,13,120,3,10000020,401,100000,,6191,1,たとえ魔剣に堕ちようとも、麗しの王妃のため。,akka,朝井 彩加,605400040,605400060,605400050,,
1000030,1000030,スケアリーラボ ガネイダ,LEGEND,0,80,64000080,65000013,,,12,45,3,,,,,,,,,,,,,10000030,401,100000,1000031,,,偉大なる魔法使いの因子を用いて造られた、<br>究極の出来損ない。<br>失敗作でもできることを、自分なりに探している。,フルーツパンチ,喜多村 英梨,607330090,607330040,607330060,,
1000031,1000030,スケアリーラボ ガネイダ,LEGEND,1,80,64000081,65000013,,,12,45,3,65000014,,40,3,45,4,,,,,,,10000030,401,100000,1000032,,,偉大なる魔法使いの因子を用いて造られた、<br>究極の出来損ない。<br>失敗作でもできることを、自分なりに探している。,フルーツパンチ,喜多村 英梨,607330090,607330040,607330060,,
1000032,1000030,スケアリーラボ ガネイダ,LEGEND,2,80,64000082,65000013,,,12,45,3,65000015,,40,3,45,4,65000018,,60,12,135,3,10000030,401,100000,1000033,,,偉大なる魔法使いの因子を用いて造られた、<br>究極の出来損ない。<br>失敗作でもできることを、自分なりに探している。,フルーツパンチ,喜多村 英梨,607330090,607330040,607330060,,
1000033,1000030,スケアリーラボ ガネイダ,LEGEND,3,80,64000083,65000013,,,12,40,2,65000016,,40,3,40,3,65000018,,60,12,130,2,10000030,401,100000,1000034,,,偉大なる魔法使いの因子を用いて造られた、<br>究極の出来損ない。<br>失敗作でもできることを、自分なりに探している。,フルーツパンチ,喜多村 英梨,607330090,607330040,607330060,,
1000034,1000030,スケアリーラボ ガネイダ,LEGEND,4,80,64000084,65000013,,,12,30,2,65000017,,40,3,30,3,65000018,,60,12,120,2,10000030,401,100000,,6191,1,偉大なる魔法使いの因子を用いて造られた、<br>究極の出来損ない。<br>失敗作でもできることを、自分なりに探している。,フルーツパンチ,喜多村 英梨,607330090,607330040,607330060,,
1000040,1000040,極大光芒魔導 エヴェイン,LEGEND,0,80,64000060,65000019,,,12,45,3,,,,,,,,,,,,,10000040,401,100000,1000041,,,天に響くは神の雷鳴、闇を裂くは我が魔導。<br>王に背きしかの者に、慈悲なき神罰を与えたまえ。,モフ,悠木 碧,609400060,603780040,603780060,,
1000041,1000040,極大光芒魔導 エヴェイン,LEGEND,1,80,64000061,65000019,,,12,45,3,65000020,,40,3,55,4,,,,,,,10000040,401,100000,1000042,,,天に響くは神の雷鳴、闇を裂くは我が魔導。<br>王に背きしかの者に、慈悲なき神罰を与えたまえ。,モフ,悠木 碧,609400060,603780040,603780060,,
1000042,1000040,極大光芒魔導 エヴェイン,LEGEND,2,80,64000062,65000019,,,12,45,3,65000021,,40,3,55,4,65000024,,60,1,105,4,10000040,401,100000,1000043,,,天に響くは神の雷鳴、闇を裂くは我が魔導。<br>王に背きしかの者に、慈悲なき神罰を与えたまえ。,モフ,悠木 碧,609400060,603780040,603780060,,
1000043,1000040,極大光芒魔導 エヴェイン,LEGEND,3,80,64000063,65000019,,,12,40,2,65000022,,40,3,50,3,65000024,,60,1,100,3,10000040,401,100000,1000044,,,天に響くは神の雷鳴、闇を裂くは我が魔導。<br>王に背きしかの者に、慈悲なき神罰を与えたまえ。,モフ,悠木 碧,609400060,603780040,603780060,,
1000044,1000040,極大光芒魔導 エヴェイン,LEGEND,4,80,64000064,65000019,,,12,30,2,65000023,,40,3,40,3,65000024,,60,1,90,3,10000040,401,100000,,6191,1,天に響くは神の雷鳴、闇を裂くは我が魔導。<br>王に背きしかの者に、慈悲なき神罰を与えたまえ。,モフ,悠木 碧,609400060,603780040,603780060,,
1000050,1000050,宿命に抗う者 モードレッド,LEGEND,0,80,64100330,65000088,,,9,55,4,65000093,,40,12,75,3,65000094,,60,20,135,4,10000050,401,100000,1000051,,,運命は闇の審判者に委ねられた。<br>彼が求めるは恒久なる平和と、聖剣王の命。,牛木義隆,福山 潤,700050010,700050020,700050030,,
1000051,1000050,宿命に抗う者 モードレッド,LEGEND,1,80,64100331,65000089,,,9,50,3,65000093,,40,12,70,2,65000094,,60,20,130,3,10000050,401,100000,1000052,,,運命は闇の審判者に委ねられた。<br>彼が求めるは恒久なる平和と、聖剣王の命。,牛木義隆,福山 潤,700050010,700050020,700050030,,
1000052,1000050,宿命に抗う者 モードレッド,LEGEND,2,80,64100332,65000090,,,9,45,3,65000093,,40,12,65,2,65000094,,60,20,125,3,10000050,401,100000,1000053,,,運命は闇の審判者に委ねられた。<br>彼が求めるは恒久なる平和と、聖剣王の命。,牛木義隆,福山 潤,700050010,700050020,700050030,,
1000053,1000050,宿命に抗う者 モードレッド,LEGEND,3,80,64100333,65000091,,,9,40,3,65000093,,40,12,60,2,65000094,,60,20,120,3,10000050,401,100000,1000054,,,運命は闇の審判者に委ねられた。<br>彼が求めるは恒久なる平和と、聖剣王の命。,牛木義隆,福山 潤,700050010,700050020,700050030,,
1000054,1000050,宿命に抗う者 モードレッド,LEGEND,4,80,64100334,65000092,,,9,40,3,65000093,,40,12,60,2,65000094,,60,20,120,3,10000050,401,100000,,6186,2,運命は闇の審判者に委ねられた。<br>彼が求めるは恒久なる平和と、聖剣王の命。,牛木義隆,福山 潤,700050010,700050020,700050030,,
1000060,1000060,だいすきビスクラ,LEGEND,0,80,64100440,65000039,,,4,45,4,65000044,,40,1,95,4,65000045,,60,19,195,4,10000060,401,100000,1000061,,,アーサーと私は家族だよね？<br>家族を大事にするのが人狼の掟なんだよ！,akka,井澤 詩織,700060010,700060020,700060030,,
1000061,1000060,だいすきビスクラ,LEGEND,1,80,64100441,65000040,,,4,40,3,65000044,,40,1,90,3,65000045,,60,19,190,3,10000060,401,100000,1000062,,,アーサーと私は家族だよね？<br>家族を大事にするのが人狼の掟なんだよ！,akka,井澤 詩織,700060010,700060020,700060030,,
1000062,1000060,だいすきビスクラ,LEGEND,2,80,64100442,65000041,,,4,35,3,65000044,,40,1,85,3,65000045,,60,19,185,3,10000060,401,100000,1000063,,,アーサーと私は家族だよね？<br>家族を大事にするのが人狼の掟なんだよ！,akka,井澤 詩織,700060010,700060020,700060030,,
1000063,1000060,だいすきビスクラ,LEGEND,3,80,64100443,65000042,,,4,30,3,65000044,,40,1,80,3,65000045,,60,19,180,3,10000060,401,100000,1000064,,,アーサーと私は家族だよね？<br>家族を大事にするのが人狼の掟なんだよ！,akka,井澤 詩織,700060010,700060020,700060030,,
1000064,1000060,だいすきビスクラ,LEGEND,4,80,64100444,65000043,,,4,30,3,65000044,,40,1,80,3,65000045,,60,19,180,3,10000060,401,100000,,6186,2,アーサーと私は家族だよね？<br>家族を大事にするのが人狼の掟なんだよ！,akka,井澤 詩織,700060010,700060020,700060030,,
1000070,1000070,ヴァルハラの道 シグルーン,LEGEND,0,80,64100100,65000032,,,3,35,4,65000037,,40,12,75,3,65000038,,60,12,225,3,10000070,401,100000,1000071,,,死者の魂が辿りつき、新たなる命の生まれる天上の宮殿。<br>死してなお新たなる戦場へと送り出される魂達を導くは、<br>麗しき女神ヴァルキュリア。,VOFAN,佐倉 綾音,602000060,601030040,602000090,,
1000071,1000070,ヴァルハラの道 シグルーン,LEGEND,1,80,64100101,65000033,,,3,30,3,65000037,,40,12,70,2,65000038,,60,12,220,2,10000070,401,100000,1000072,,,死者の魂が辿りつき、新たなる命の生まれる天上の宮殿。<br>死してなお新たなる戦場へと送り出される魂達を導くは、<br>麗しき女神ヴァルキュリア。,VOFAN,佐倉 綾音,602000060,601030040,602000090,,
1000072,1000070,ヴァルハラの道 シグルーン,LEGEND,2,80,64100102,65000034,,,3,25,3,65000037,,40,12,65,2,65000038,,60,12,215,2,10000070,401,100000,1000073,,,死者の魂が辿りつき、新たなる命の生まれる天上の宮殿。<br>死してなお新たなる戦場へと送り出される魂達を導くは、<br>麗しき女神ヴァルキュリア。,VOFAN,佐倉 綾音,602000060,601030040,602000090,,
1000073,1000070,ヴァルハラの道 シグルーン,LEGEND,3,80,64100103,65000035,,,3,20,3,65000037,,40,12,60,2,65000038,,60,12,210,2,10000070,401,100000,1000074,,,死者の魂が辿りつき、新たなる命の生まれる天上の宮殿。<br>死してなお新たなる戦場へと送り出される魂達を導くは、<br>麗しき女神ヴァルキュリア。,VOFAN,佐倉 綾音,602000060,601030040,602000090,,
1000074,1000070,ヴァルハラの道 シグルーン,LEGEND,4,80,64100104,65000036,,,3,20,3,65000037,,40,12,60,2,65000038,,60,12,210,2,10000070,401,100000,,6186,2,死者の魂が辿りつき、新たなる命の生まれる天上の宮殿。<br>死してなお新たなる戦場へと送り出される魂達を導くは、<br>麗しき女神ヴァルキュリア。,VOFAN,佐倉 綾音,602000060,601030040,602000090,,
1000080,1000080,幸せの予感 ドモヴォーイ,LEGEND,0,80,64100080,65000071,,,1,65,4,65000072,,40,16,95,4,65000073,,60,9,155,4,10000080,401,100000,1000081,,,彼女の身体に触れ、暖かければ幸運が、<br>冷たければ不運が訪れるという。<br>さあ、暖炉とパンを用意して彼女を迎えよう。,やみや,芹澤 優,609520040,609870010,609520030,,
1000081,1000080,幸せの予感 ドモヴォーイ,LEGEND,1,80,64100081,65000071,,,1,60,3,65000072,,40,16,90,3,65000074,,60,9,150,3,10000080,401,100000,1000082,,,彼女の身体に触れ、暖かければ幸運が、<br>冷たければ不運が訪れるという。<br>さあ、暖炉とパンを用意して彼女を迎えよう。,やみや,芹澤 優,609520040,609870010,609520030,,
1000082,1000080,幸せの予感 ドモヴォーイ,LEGEND,2,80,64100082,65000071,,,1,55,3,65000072,,40,16,85,3,65000075,,60,9,145,3,10000080,401,100000,1000083,,,彼女の身体に触れ、暖かければ幸運が、<br>冷たければ不運が訪れるという。<br>さあ、暖炉とパンを用意して彼女を迎えよう。,やみや,芹澤 優,609520040,609870010,609520030,,
1000083,1000080,幸せの予感 ドモヴォーイ,LEGEND,3,80,64100083,65000071,,,1,50,3,65000072,,40,16,80,3,65000076,,60,9,140,3,10000080,401,100000,1000084,,,彼女の身体に触れ、暖かければ幸運が、<br>冷たければ不運が訪れるという。<br>さあ、暖炉とパンを用意して彼女を迎えよう。,やみや,芹澤 優,609520040,609870010,609520030,,
1000084,1000080,幸せの予感 ドモヴォーイ,LEGEND,4,80,64100084,65000071,,,1,50,3,65000072,,40,16,80,3,65000077,,60,9,140,3,10000080,401,100000,,6186,2,彼女の身体に触れ、暖かければ幸運が、<br>冷たければ不運が訪れるという。<br>さあ、暖炉とパンを用意して彼女を迎えよう。,やみや,芹澤 優,609520040,609870010,609520030,,
1000090,1000090,偽の王政 コンスタンティン,LEGEND,0,80,64100060,65000081,,,3,45,4,65000086,,40,12,75,3,65000087,,60,19,195,4,10000090,401,100000,1000091,,,影の円卓に集いし13の騎士。<br>聖剣を携えた偽りの王が見据えるは、外敵か、それとも…。,藤ちょこ,雨宮 天,700090010,609250030,700090030,,
1000091,1000090,偽の王政 コンスタンティン,LEGEND,1,80,64100061,65000082,,,3,40,3,65000086,,40,12,70,2,65000087,,60,19,190,3,10000090,401,100000,1000092,,,影の円卓に集いし13の騎士。<br>聖剣を携えた偽りの王が見据えるは、外敵か、それとも…。,藤ちょこ,雨宮 天,700090010,609250030,700090030,,
1000092,1000090,偽の王政 コンスタンティン,LEGEND,2,80,64100062,65000083,,,3,35,3,65000086,,40,12,65,2,65000087,,60,19,185,3,10000090,401,100000,1000093,,,影の円卓に集いし13の騎士。<br>聖剣を携えた偽りの王が見据えるは、外敵か、それとも…。,藤ちょこ,雨宮 天,700090010,609250030,700090030,,
1000093,1000090,偽の王政 コンスタンティン,LEGEND,3,80,64100063,65000084,,,3,30,3,65000086,,40,12,60,2,65000087,,60,19,180,3,10000090,401,100000,1000094,,,影の円卓に集いし13の騎士。<br>聖剣を携えた偽りの王が見据えるは、外敵か、それとも…。,藤ちょこ,雨宮 天,700090010,609250030,700090030,,
1000094,1000090,偽の王政 コンスタンティン,LEGEND,4,80,64100064,65000085,,,3,30,3,65000086,,40,12,60,2,65000087,,60,19,180,3,10000090,401,100000,,6186,2,影の円卓に集いし13の騎士。<br>聖剣を携えた偽りの王が見据えるは、外敵か、それとも…。,藤ちょこ,雨宮 天,700090010,609250030,700090030,,
1000100,1000100,ウアサハ・ハウスワーク,LEGEND,0,80,64100510,65000025,,,3,35,4,65000030,,40,20,75,4,65000031,,60,13,135,4,10000100,401,100000,1000101,,,ウアサハの朝は早い。<br>「今日はスカアハ様のお部屋の掃除と、買い出しと…」<br>王様候補達を影で支える功労者の姿が、そこにはあった。,作々,金元 寿子,601650040,700100020,602240060,,
1000101,1000100,ウアサハ・ハウスワーク,LEGEND,1,80,64100511,65000026,,,3,30,3,65000030,,40,20,70,3,65000031,,60,13,130,3,10000100,401,100000,1000102,,,ウアサハの朝は早い。<br>「今日はスカアハ様のお部屋の掃除と、買い出しと…」<br>王様候補達を影で支える功労者の姿が、そこにはあった。,作々,金元 寿子,601650040,700100020,602240060,,
1000102,1000100,ウアサハ・ハウスワーク,LEGEND,2,80,64100512,65000027,,,3,25,3,65000030,,40,20,65,3,65000031,,60,13,125,3,10000100,401,100000,1000103,,,ウアサハの朝は早い。<br>「今日はスカアハ様のお部屋の掃除と、買い出しと…」<br>王様候補達を影で支える功労者の姿が、そこにはあった。,作々,金元 寿子,601650040,700100020,602240060,,
1000103,1000100,ウアサハ・ハウスワーク,LEGEND,3,80,64100513,65000028,,,3,20,3,65000030,,40,20,60,3,65000031,,60,13,120,3,10000100,401,100000,1000104,,,ウアサハの朝は早い。<br>「今日はスカアハ様のお部屋の掃除と、買い出しと…」<br>王様候補達を影で支える功労者の姿が、そこにはあった。,作々,金元 寿子,601650040,700100020,602240060,,
1000104,1000100,ウアサハ・ハウスワーク,LEGEND,4,80,64100514,65000029,,,3,20,3,65000030,,40,20,60,3,65000031,,60,13,120,3,10000100,401,100000,,6186,2,ウアサハの朝は早い。<br>「今日はスカアハ様のお部屋の掃除と、買い出しと…」<br>王様候補達を影で支える功労者の姿が、そこにはあった。,作々,金元 寿子,601650040,700100020,602240060,,
1000110,1000110,連理の魔法姫 エニード,LEGEND,0,80,64100270,65000046,,,3,55,4,65000051,,40,9,75,4,65000056,,60,13,135,4,10000110,401,100000,1000111,,,問いかけには、頭を振って返事をする。<br>言葉は通じるようだが、聞こえるのは吐息のみ。<br>彼女が頷くたびに、緩い金髪がふわりと揺れた。,きんぎん,井口 裕香,604200040,604200060,602030060,,
1000111,1000110,連理の魔法姫 エニード,LEGEND,1,80,64100271,65000047,,,3,50,3,65000052,,40,9,70,3,65000056,,60,13,130,3,10000110,401,100000,1000112,,,問いかけには、頭を振って返事をする。<br>言葉は通じるようだが、聞こえるのは吐息のみ。<br>彼女が頷くたびに、緩い金髪がふわりと揺れた。,きんぎん,井口 裕香,604200040,604200060,602030060,,
1000112,1000110,連理の魔法姫 エニード,LEGEND,2,80,64100272,65000048,,,3,45,3,65000053,,40,9,65,3,65000056,,60,13,125,3,10000110,401,100000,1000113,,,問いかけには、頭を振って返事をする。<br>言葉は通じるようだが、聞こえるのは吐息のみ。<br>彼女が頷くたびに、緩い金髪がふわりと揺れた。,きんぎん,井口 裕香,604200040,604200060,602030060,,
1000113,1000110,連理の魔法姫 エニード,LEGEND,3,80,64100273,65000049,,,3,40,3,65000054,,40,9,60,3,65000056,,60,13,120,3,10000110,401,100000,1000114,,,問いかけには、頭を振って返事をする。<br>言葉は通じるようだが、聞こえるのは吐息のみ。<br>彼女が頷くたびに、緩い金髪がふわりと揺れた。,きんぎん,井口 裕香,604200040,604200060,602030060,,
1000114,1000110,連理の魔法姫 エニード,LEGEND,4,80,64100274,65000050,,,3,40,3,65000055,,40,9,60,3,65000056,,60,13,120,3,10000110,401,100000,,6186,2,問いかけには、頭を振って返事をする。<br>言葉は通じるようだが、聞こえるのは吐息のみ。<br>彼女が頷くたびに、緩い金髪がふわりと揺れた。,きんぎん,井口 裕香,604200040,604200060,602030060,,
1000120,1000120,白鳥の奇跡 ゴットフリート,LEGEND,0,80,64100070,65000064,,,9,65,4,65000069,,40,15,75,4,65000070,,60,12,115,3,10000120,401,100000,1000121,,,オルトリートの魔法により白鳥に変えられたゴットフリートを助けたのは、聖杯の騎士ローエングリンだった。,兎塚エイジ,佐倉 綾音,610160100,601730040,601730090,,
1000121,1000120,白鳥の奇跡 ゴットフリート,LEGEND,1,80,64100071,65000065,,,9,60,3,65000069,,40,15,70,3,65000070,,60,12,110,2,10000120,401,100000,1000122,,,オルトリートの魔法により白鳥に変えられたゴットフリートを助けたのは、聖杯の騎士ローエングリンだった。,兎塚エイジ,佐倉 綾音,610160100,601730040,601730090,,
1000122,1000120,白鳥の奇跡 ゴットフリート,LEGEND,2,80,64100072,65000066,,,9,55,3,65000069,,40,15,65,3,65000070,,60,12,105,2,10000120,401,100000,1000123,,,オルトリートの魔法により白鳥に変えられたゴットフリートを助けたのは、聖杯の騎士ローエングリンだった。,兎塚エイジ,佐倉 綾音,610160100,601730040,601730090,,
1000123,1000120,白鳥の奇跡 ゴットフリート,LEGEND,3,80,64100073,65000067,,,9,50,3,65000069,,40,15,60,3,65000070,,60,12,100,2,10000120,401,100000,1000124,,,オルトリートの魔法により白鳥に変えられたゴットフリートを助けたのは、聖杯の騎士ローエングリンだった。,兎塚エイジ,佐倉 綾音,610160100,601730040,601730090,,
1000124,1000120,白鳥の奇跡 ゴットフリート,LEGEND,4,80,64100074,65000068,,,9,50,3,65000069,,40,15,60,3,65000070,,60,12,100,2,10000120,401,100000,,6186,2,オルトリートの魔法により白鳥に変えられたゴットフリートを助けたのは、聖杯の騎士ローエングリンだった。,兎塚エイジ,佐倉 綾音,610160100,601730040,601730090,,
1000130,1000130,妖精たちの遊び場,LEGEND,0,80,64100500,65000078,,,12,45,3,65000079,,40,1,75,4,65000080,,60,14,185,4,10000130,401,100000,1000131,,,今度キャメロットの妖精らも集めてゲームパーティでもどない？<br>……その人達、ゲーム上手なの？<br>他の方達はわかりませんが、フェイ様はお上手でしたよ。,osa,阿澄 佳奈　芹澤 優　金元 寿子,602400060,609480060,700130030,,
1000131,1000130,妖精たちの遊び場,LEGEND,1,80,64100501,65000078,,,12,40,2,65000079,,40,1,70,3,65000080,,60,14,180,3,10000130,401,100000,1000132,,,今度キャメロットの妖精らも集めてゲームパーティでもどない？<br>……その人達、ゲーム上手なの？<br>他の方達はわかりませんが、フェイ様はお上手でしたよ。,osa,阿澄 佳奈　芹澤 優　金元 寿子,602400060,609480060,700130030,,
1000132,1000130,妖精たちの遊び場,LEGEND,2,80,64100502,65000078,,,12,35,2,65000079,,40,1,65,3,65000080,,60,14,175,3,10000130,401,100000,1000133,,,今度キャメロットの妖精らも集めてゲームパーティでもどない？<br>……その人達、ゲーム上手なの？<br>他の方達はわかりませんが、フェイ様はお上手でしたよ。,osa,阿澄 佳奈　芹澤 優　金元 寿子,602400060,609480060,700130030,,
1000133,1000130,妖精たちの遊び場,LEGEND,3,80,64100503,65000078,,,12,30,2,65000079,,40,1,60,3,65000080,,60,14,170,3,10000130,401,100000,1000134,,,今度キャメロットの妖精らも集めてゲームパーティでもどない？<br>……その人達、ゲーム上手なの？<br>他の方達はわかりませんが、フェイ様はお上手でしたよ。,osa,阿澄 佳奈　芹澤 優　金元 寿子,602400060,609480060,700130030,,
1000134,1000130,妖精たちの遊び場,LEGEND,4,80,64100504,65000078,,,12,30,2,65000079,,40,1,60,3,65000080,,60,14,170,3,10000130,401,100000,,6186,2,今度キャメロットの妖精らも集めてゲームパーティでもどない？<br>……その人達、ゲーム上手なの？<br>他の方達はわかりませんが、フェイ様はお上手でしたよ。,osa,阿澄 佳奈　芹澤 優　金元 寿子,602400060,609480060,700130030,,
1000140,1000140,マジ☆デコ クラッキー,LEGEND,0,80,64100100,65000057,,,12,60,3,65000058,,40,4,85,4,65000063,,60,14,185,4,10000140,401,100000,1000141,,,魔法少女は女の子の憧れ！おっきなお友達の注目の的！<br>これが究極のロリータ☆コーディネートよ！<br>さあ、クラッキーちゃんに賞賛の嵐を！,kona,五十嵐 裕美,700140010,602500090,700140030,,
1000141,1000140,マジ☆デコ クラッキー,LEGEND,1,80,64100101,65000057,,,12,55,2,65000059,,40,4,80,3,65000063,,60,14,180,3,10000140,401,100000,1000142,,,魔法少女は女の子の憧れ！おっきなお友達の注目の的！<br>これが究極のロリータ☆コーディネートよ！<br>さあ、クラッキーちゃんに賞賛の嵐を！,kona,五十嵐 裕美,700140010,602500090,700140030,,
1000142,1000140,マジ☆デコ クラッキー,LEGEND,2,80,64100102,65000057,,,12,50,2,65000060,,40,4,75,3,65000063,,60,14,175,3,10000140,401,100000,1000143,,,魔法少女は女の子の憧れ！おっきなお友達の注目の的！<br>これが究極のロリータ☆コーディネートよ！<br>さあ、クラッキーちゃんに賞賛の嵐を！,kona,五十嵐 裕美,700140010,602500090,700140030,,
1000143,1000140,マジ☆デコ クラッキー,LEGEND,3,80,64100103,65000057,,,12,45,2,65000061,,40,4,70,3,65000063,,60,14,170,3,10000140,401,100000,1000144,,,魔法少女は女の子の憧れ！おっきなお友達の注目の的！<br>これが究極のロリータ☆コーディネートよ！<br>さあ、クラッキーちゃんに賞賛の嵐を！,kona,五十嵐 裕美,700140010,602500090,700140030,,
1000144,1000140,マジ☆デコ クラッキー,LEGEND,4,80,64100104,65000057,,,12,45,2,65000062,,40,4,70,3,65000063,,60,14,170,3,10000140,401,100000,,6186,2,魔法少女は女の子の憧れ！おっきなお友達の注目の的！<br>これが究極のロリータ☆コーディネートよ！<br>さあ、クラッキーちゃんに賞賛の嵐を！,kona,五十嵐 裕美,700140010,602500090,700140030,,
1000150,1000150,神の歴史書 二刀/居合,LEGEND,0,80,64000030,65000100,,,3,35,3,,,,,,,,,,,,,10000150,401,100000,1000151,,,元の世界に戻るために戦い続ける少年少女。<br>大武道大会に集うブリテンの英雄達。<br>ここに神の歴史書＜アカシックレコード＞に記される<br>決闘が始まる。,富岡二郎,ランズベリー・アーサー　上坂 すみれ,700150010,700150020,700150030,,
1000151,1000150,神の歴史書 二刀/居合,LEGEND,1,80,64000031,65000101,,,3,35,3,65000111,,40,4,55,4,,,,,,,10000150,401,100000,1000152,,,元の世界に戻るために戦い続ける少年少女。<br>大武道大会に集うブリテンの英雄達。<br>ここに神の歴史書＜アカシックレコード＞に記される<br>決闘が始まる。,富岡二郎,ランズベリー・アーサー　上坂 すみれ,700150010,700150020,700150030,,
1000152,1000150,神の歴史書 二刀/居合,LEGEND,2,80,64000032,65000102,,,3,35,3,65000112,,40,4,55,4,65000120,,60,12,125,3,10000150,401,100000,1000153,,,元の世界に戻るために戦い続ける少年少女。<br>大武道大会に集うブリテンの英雄達。<br>ここに神の歴史書＜アカシックレコード＞に記される<br>決闘が始まる。,富岡二郎,ランズベリー・アーサー　上坂 すみれ,700150010,700150020,700150030,,
1000153,1000150,神の歴史書 二刀/居合,LEGEND,3,80,64000033,65000103,,,3,30,2,65000113,,40,4,50,3,65000120,,60,12,120,2,10000150,401,100000,1000154,,,元の世界に戻るために戦い続ける少年少女。<br>大武道大会に集うブリテンの英雄達。<br>ここに神の歴史書＜アカシックレコード＞に記される<br>決闘が始まる。,富岡二郎,ランズベリー・アーサー　上坂 すみれ,700150010,700150020,700150030,,
1000154,1000150,神の歴史書 二刀/居合,LEGEND,4,80,64000034,65000104,,,3,20,2,65000114,,40,4,40,3,65000120,,60,12,110,2,10000150,401,100000,,6191,1,元の世界に戻るために戦い続ける少年少女。<br>大武道大会に集うブリテンの英雄達。<br>ここに神の歴史書＜アカシックレコード＞に記される<br>決闘が始まる。,富岡二郎,ランズベリー・アーサー　上坂 すみれ,700150010,700150020,700150030,,
1000160,1000160,ラビットデコレーション☆,LEGEND,0,80,64000040,65000130,,,9,55,4,,,,,,,,,,,,,10000160,401,100000,1000161,,,星に願いを。<br>うさぎ達には甘いケーキを。<br><br>©Koi・芳文社／ご注文は製作委員会ですか？？,夜ノみつき,-,700160010,700160020,700160030,,
1000161,1000160,ラビットデコレーション☆,LEGEND,1,80,64000041,65000131,,,9,55,4,65000141,,40,10,75,4,,,,,,,10000160,401,100000,1000162,,,星に願いを。<br>うさぎ達には甘いケーキを。<br><br>©Koi・芳文社／ご注文は製作委員会ですか？？,夜ノみつき,-,700160010,700160020,700160030,,
1000162,1000160,ラビットデコレーション☆,LEGEND,2,80,64000042,65000132,,,9,55,4,65000142,,40,10,75,4,65000150,,60,12,95,3,10000160,401,100000,1000163,,,星に願いを。<br>うさぎ達には甘いケーキを。<br><br>©Koi・芳文社／ご注文は製作委員会ですか？？,夜ノみつき,-,700160010,700160020,700160030,,
1000163,1000160,ラビットデコレーション☆,LEGEND,3,80,64000043,65000133,,,9,50,3,65000143,,40,10,70,3,65000150,,60,12,90,2,10000160,401,100000,1000164,,,星に願いを。<br>うさぎ達には甘いケーキを。<br><br>©Koi・芳文社／ご注文は製作委員会ですか？？,夜ノみつき,-,700160010,700160020,700160030,,
1000164,1000160,ラビットデコレーション☆,LEGEND,4,80,64000044,65000134,,,9,40,3,65000144,,40,10,60,3,65000150,,60,12,80,2,10000160,401,100000,,6191,1,星に願いを。<br>うさぎ達には甘いケーキを。<br><br>©Koi・芳文社／ご注文は製作委員会ですか？？,夜ノみつき,-,700160010,700160020,700160030,,
1000170,1000170,ラビットハウスbyブリテン,LEGEND,0,80,64100420,65000160,,,1,45,4,65000170,,40,12,95,3,65000180,,60,9,115,4,10000170,401,100000,1000171,,,ココア「はいっ、ブルーマウンテンお待たせしました♪」<br>チノ「ココアさん…それはコロンビアです」<br><br>©Koi・芳文社／ご注文は製作委員会ですか？？,きんぎん,-,700170010,700170020,700170030,,
1000171,1000170,ラビットハウスbyブリテン,LEGEND,1,80,64100421,65000160,,,1,40,3,65000170,,40,12,90,2,65000181,,60,9,110,3,10000170,401,100000,1000172,,,ココア「はいっ、ブルーマウンテンお待たせしました♪」<br>チノ「ココアさん…それはコロンビアです」<br><br>©Koi・芳文社／ご注文は製作委員会ですか？？,きんぎん,-,700170010,700170020,700170030,,
1000172,1000170,ラビットハウスbyブリテン,LEGEND,2,80,64100422,65000160,,,1,35,3,65000170,,40,12,85,2,65000182,,60,9,105,3,10000170,401,100000,1000173,,,ココア「はいっ、ブルーマウンテンお待たせしました♪」<br>チノ「ココアさん…それはコロンビアです」<br><br>©Koi・芳文社／ご注文は製作委員会ですか？？,きんぎん,-,700170010,700170020,700170030,,
1000173,1000170,ラビットハウスbyブリテン,LEGEND,3,80,64100423,65000160,,,1,30,3,65000170,,40,12,80,2,65000183,,60,9,100,3,10000170,401,100000,1000174,,,ココア「はいっ、ブルーマウンテンお待たせしました♪」<br>チノ「ココアさん…それはコロンビアです」<br><br>©Koi・芳文社／ご注文は製作委員会ですか？？,きんぎん,-,700170010,700170020,700170030,,
1000174,1000170,ラビットハウスbyブリテン,LEGEND,4,80,64100424,65000160,,,1,30,3,65000170,,40,12,80,2,65000184,,60,9,100,3,10000170,401,100000,,6186,2,ココア「はいっ、ブルーマウンテンお待たせしました♪」<br>チノ「ココアさん…それはコロンビアです」<br><br>©Koi・芳文社／ご注文は製作委員会ですか？？,きんぎん,-,700170010,700170020,700170030,,
1000180,1000180,聖姉妹 ユール＆イヴ,LEGEND,0,80,64000000,65000220,,,4,45,4,,,,,,,,,,,,,10000180,401,100000,1000181,,,ユール「みんなに届けてあげなきゃね！」<br>イヴ「幸せいっぱい、プレゼントだよっ！ヴイッ☆」,生煮え,山崎 エリィ　新田 恵海,605200010,605680040,605200070,,
1000181,1000180,聖姉妹 ユール＆イヴ,LEGEND,1,80,64000001,65000221,,,4,45,4,65000232,,40,9,45,4,,,,,,,10000180,401,100000,1000182,,,ユール「みんなに届けてあげなきゃね！」<br>イヴ「幸せいっぱい、プレゼントだよっ！ヴイッ☆」,生煮え,山崎 エリィ　新田 恵海,605200010,605680040,605200070,,
1000182,1000180,聖姉妹 ユール＆イヴ,LEGEND,2,80,64000002,65000222,,,4,45,4,65000233,,40,9,45,4,65000240,,60,12,105,3,10000180,401,100000,1000183,,,ユール「みんなに届けてあげなきゃね！」<br>イヴ「幸せいっぱい、プレゼントだよっ！ヴイッ☆」,生煮え,山崎 エリィ　新田 恵海,605200010,605680040,605200070,,
1000183,1000180,聖姉妹 ユール＆イヴ,LEGEND,3,80,64000003,65000223,,,4,40,3,65000234,,40,9,40,3,65000240,,60,12,100,2,10000180,401,100000,1000184,,,ユール「みんなに届けてあげなきゃね！」<br>イヴ「幸せいっぱい、プレゼントだよっ！ヴイッ☆」,生煮え,山崎 エリィ　新田 恵海,605200010,605680040,605200070,,
1000184,1000180,聖姉妹 ユール＆イヴ,LEGEND,4,80,64000004,65000224,,,4,30,3,65000235,,40,9,30,3,65000240,,60,12,90,2,10000180,401,100000,,6191,1,ユール「みんなに届けてあげなきゃね！」<br>イヴ「幸せいっぱい、プレゼントだよっ！ヴイッ☆」,生煮え,山崎 エリィ　新田 恵海,605200010,605680040,605200070,,
1000190,1000190,サンタクロースの大仕事,LEGEND,0,80,64000010,65000250,,,9,45,4,,,,,,,,,,,,,10000190,401,100000,1000191,,,夜空に鈴の音が鳴り響く。<br>トナカイに乗り、今年も彼女がやってきた。<br>聖夜の星々は『聖なる炎』の煌き。<br><br>一年に一晩だけの大仕事。<br>仕事終わりには妹と同僚の姉妹と共に飲み明かそう。<br><br>「ホーホーホー！待っててね！良い子たち！」,富岡二郎,伊藤 かな恵,605690010,605690020,605690070,,
1000191,1000190,サンタクロースの大仕事,LEGEND,1,80,64000011,65000251,,,9,45,4,65000261,,40,4,65,4,,,,,,,10000190,401,100000,1000192,,,夜空に鈴の音が鳴り響く。<br>トナカイに乗り、今年も彼女がやってきた。<br>聖夜の星々は『聖なる炎』の煌き。<br><br>一年に一晩だけの大仕事。<br>仕事終わりには妹と同僚の姉妹と共に飲み明かそう。<br><br>「ホーホーホー！待っててね！良い子たち！」,富岡二郎,伊藤 かな恵,605690010,605690020,605690070,,
1000192,1000190,サンタクロースの大仕事,LEGEND,2,80,64000012,65000252,,,9,45,4,65000262,,40,4,65,4,65000270,,60,20,165,4,10000190,401,100000,1000193,,,夜空に鈴の音が鳴り響く。<br>トナカイに乗り、今年も彼女がやってきた。<br>聖夜の星々は『聖なる炎』の煌き。<br><br>一年に一晩だけの大仕事。<br>仕事終わりには妹と同僚の姉妹と共に飲み明かそう。<br><br>「ホーホーホー！待っててね！良い子たち！」,富岡二郎,伊藤 かな恵,605690010,605690020,605690070,,
1000193,1000190,サンタクロースの大仕事,LEGEND,3,80,64000013,65000253,,,9,40,3,65000263,,40,4,60,3,65000270,,60,20,160,3,10000190,401,100000,1000194,,,夜空に鈴の音が鳴り響く。<br>トナカイに乗り、今年も彼女がやってきた。<br>聖夜の星々は『聖なる炎』の煌き。<br><br>一年に一晩だけの大仕事。<br>仕事終わりには妹と同僚の姉妹と共に飲み明かそう。<br><br>「ホーホーホー！待っててね！良い子たち！」,富岡二郎,伊藤 かな恵,605690010,605690020,605690070,,
1000194,1000190,サンタクロースの大仕事,LEGEND,4,80,64000014,65000254,,,9,30,3,65000264,,40,4,50,3,65000270,,60,20,150,3,10000190,401,100000,,6191,1,夜空に鈴の音が鳴り響く。<br>トナカイに乗り、今年も彼女がやってきた。<br>聖夜の星々は『聖なる炎』の煌き。<br><br>一年に一晩だけの大仕事。<br>仕事終わりには妹と同僚の姉妹と共に飲み明かそう。<br><br>「ホーホーホー！待っててね！良い子たち！」,富岡二郎,伊藤 かな恵,605690010,605690020,605690070,,
1000200,1000200,アーサーたちのクリスマス,LEGEND,0,80,64100100,65000190,,,3,45,4,65000200,,40,16,105,4,65000210,,60,13,135,4,10000200,401,100000,1000201,,,オルゴール…は歌姫さんですかね。<br>歌姫さんらしいですけど、私の部屋には可愛すぎませんか。<br><br>富豪さんは本ですか。そういえば、読書家だって話をしてましたっけ。<br>私が普段読んでるのと比べると大分お堅い内容ですけど…。<br><br>……これは、武器の手入れセット？<br>実用的で色気も何も無いところが傭兵さんらしいです。<br><br>スカアハからは「1日訓練休み券」って…なんて雑な…。<br>プレゼント用意するのが面倒だっただけじゃないですか！？<br><br>最後はウアサハから…。『あるばむ』…？<br>それに、これは前に断絶の遺物を使って作ったっていう、<br>『写真』ってやつかな…？,閏月戈,佐倉 綾音,608820010,608820040,608820060,,
1000201,1000200,アーサーたちのクリスマス,LEGEND,1,80,64100101,65000191,,,3,40,3,65000200,,40,16,100,3,65000210,,60,13,130,3,10000200,401,100000,1000202,,,オルゴール…は歌姫さんですかね。<br>歌姫さんらしいですけど、私の部屋には可愛すぎませんか。<br><br>富豪さんは本ですか。そういえば、読書家だって話をしてましたっけ。<br>私が普段読んでるのと比べると大分お堅い内容ですけど…。<br><br>……これは、武器の手入れセット？<br>実用的で色気も何も無いところが傭兵さんらしいです。<br><br>スカアハからは「1日訓練休み券」って…なんて雑な…。<br>プレゼント用意するのが面倒だっただけじゃないですか！？<br><br>最後はウアサハから…。『あるばむ』…？<br>それに、これは前に断絶の遺物を使って作ったっていう、<br>『写真』ってやつかな…？,閏月戈,佐倉 綾音,608820010,608820040,608820060,,
1000202,1000200,アーサーたちのクリスマス,LEGEND,2,80,64100102,65000192,,,3,35,3,65000200,,40,16,95,3,65000210,,60,13,125,3,10000200,401,100000,1000203,,,オルゴール…は歌姫さんですかね。<br>歌姫さんらしいですけど、私の部屋には可愛すぎませんか。<br><br>富豪さんは本ですか。そういえば、読書家だって話をしてましたっけ。<br>私が普段読んでるのと比べると大分お堅い内容ですけど…。<br><br>……これは、武器の手入れセット？<br>実用的で色気も何も無いところが傭兵さんらしいです。<br><br>スカアハからは「1日訓練休み券」って…なんて雑な…。<br>プレゼント用意するのが面倒だっただけじゃないですか！？<br><br>最後はウアサハから…。『あるばむ』…？<br>それに、これは前に断絶の遺物を使って作ったっていう、<br>『写真』ってやつかな…？,閏月戈,佐倉 綾音,608820010,608820040,608820060,,
1000203,1000200,アーサーたちのクリスマス,LEGEND,3,80,64100103,65000193,,,3,30,3,65000200,,40,16,90,3,65000210,,60,13,120,3,10000200,401,100000,1000204,,,オルゴール…は歌姫さんですかね。<br>歌姫さんらしいですけど、私の部屋には可愛すぎませんか。<br><br>富豪さんは本ですか。そういえば、読書家だって話をしてましたっけ。<br>私が普段読んでるのと比べると大分お堅い内容ですけど…。<br><br>……これは、武器の手入れセット？<br>実用的で色気も何も無いところが傭兵さんらしいです。<br><br>スカアハからは「1日訓練休み券」って…なんて雑な…。<br>プレゼント用意するのが面倒だっただけじゃないですか！？<br><br>最後はウアサハから…。『あるばむ』…？<br>それに、これは前に断絶の遺物を使って作ったっていう、<br>『写真』ってやつかな…？,閏月戈,佐倉 綾音,608820010,608820040,608820060,,
1000204,1000200,アーサーたちのクリスマス,LEGEND,4,80,64100104,65000194,,,3,30,3,65000200,,40,16,90,3,65000210,,60,13,120,3,10000200,401,100000,,6186,2,オルゴール…は歌姫さんですかね。<br>歌姫さんらしいですけど、私の部屋には可愛すぎませんか。<br><br>富豪さんは本ですか。そういえば、読書家だって話をしてましたっけ。<br>私が普段読んでるのと比べると大分お堅い内容ですけど…。<br><br>……これは、武器の手入れセット？<br>実用的で色気も何も無いところが傭兵さんらしいです。<br><br>スカアハからは「1日訓練休み券」って…なんて雑な…。<br>プレゼント用意するのが面倒だっただけじゃないですか！？<br><br>最後はウアサハから…。『あるばむ』…？<br>それに、これは前に断絶の遺物を使って作ったっていう、<br>『写真』ってやつかな…？,閏月戈,佐倉 綾音,608820010,608820040,608820060,,
1000210,1000210,２人の時間 牛若丸,LEGEND,0,80,64100550,65000310,,,4,35,4,65000320,,40,3,70,4,65000330,,60,21,180,4,10000210,401,100000,1000211,,,「今宵も剣の修行に赴かれるのですか。<br>では、精一杯おめかしして行きましょうね」<br><br>「----静、ボクに化粧をして遊ぶのはやめてくれないか？」<br><br>「はいはい。鞍馬さんにもよろしくどうぞ」,SEAL,芹澤 優,700210010,700210020,700210030,,
1000211,1000210,２人の時間 牛若丸,LEGEND,1,80,64100551,65000311,,,4,30,3,65000321,,40,3,65,3,65000330,,60,21,175,3,10000210,401,100000,1000212,,,「今宵も剣の修行に赴かれるのですか。<br>では、精一杯おめかしして行きましょうね」<br><br>「----静、ボクに化粧をして遊ぶのはやめてくれないか？」<br><br>「はいはい。鞍馬さんにもよろしくどうぞ」,SEAL,芹澤 優,700210010,700210020,700210030,,
1000212,1000210,２人の時間 牛若丸,LEGEND,2,80,64100552,65000312,,,4,25,3,65000322,,40,3,60,3,65000330,,60,21,170,3,10000210,401,100000,1000213,,,「今宵も剣の修行に赴かれるのですか。<br>では、精一杯おめかしして行きましょうね」<br><br>「----静、ボクに化粧をして遊ぶのはやめてくれないか？」<br><br>「はいはい。鞍馬さんにもよろしくどうぞ」,SEAL,芹澤 優,700210010,700210020,700210030,,
1000213,1000210,２人の時間 牛若丸,LEGEND,3,80,64100553,65000313,,,4,20,3,65000323,,40,3,55,3,65000330,,60,21,165,3,10000210,401,100000,1000214,,,「今宵も剣の修行に赴かれるのですか。<br>では、精一杯おめかしして行きましょうね」<br><br>「----静、ボクに化粧をして遊ぶのはやめてくれないか？」<br><br>「はいはい。鞍馬さんにもよろしくどうぞ」,SEAL,芹澤 優,700210010,700210020,700210030,,
1000214,1000210,２人の時間 牛若丸,LEGEND,4,80,64100554,65000314,,,4,20,3,65000324,,40,3,55,3,65000330,,60,21,165,3,10000210,401,100000,,6186,2,「今宵も剣の修行に赴かれるのですか。<br>では、精一杯おめかしして行きましょうね」<br><br>「----静、ボクに化粧をして遊ぶのはやめてくれないか？」<br><br>「はいはい。鞍馬さんにもよろしくどうぞ」,SEAL,芹澤 優,700210010,700210020,700210030,,
1000220,1000220,アーサーズ　ニューイヤー,LEGEND,0,80,64100540,65000340,,,1,45,4,65000350,,40,10,75,4,65000360,,60,9,85,4,10000220,401,100000,1000221,,,「傭兵さんも富豪さんもみっともないですね、顔中墨だらけじゃないですか。これなら私と歌姫さんが組んで戦った方が強かったんじゃ？」<br><br>「応援してただけの奴に文句言われたくないぞ。だいたい富豪があのタイミングで…」<br><br>「いや傭兵、力まかせに羽根を叩くことしかできない君に言われたくないぞ」<br><br>「新年早々喧嘩しないの！さっ、私達の勝利の祝いに記念撮影しましょ♪」<br><br>「撮った写真は私の『あるばむ』にしまっといてあげますよ！はい、チーズ！」,teco_uk,阿部 敦　岡本 信彦　佐倉 綾音　内田 真礼,608930010,606460040,610140060,,
1000221,1000220,アーサーズ　ニューイヤー,LEGEND,1,80,64100541,65000340,,,1,40,3,65000351,,40,10,70,3,65000361,,60,9,80,3,10000220,401,100000,1000222,,,「傭兵さんも富豪さんもみっともないですね、顔中墨だらけじゃないですか。これなら私と歌姫さんが組んで戦った方が強かったんじゃ？」<br><br>「応援してただけの奴に文句言われたくないぞ。だいたい富豪があのタイミングで…」<br><br>「いや傭兵、力まかせに羽根を叩くことしかできない君に言われたくないぞ」<br><br>「新年早々喧嘩しないの！さっ、私達の勝利の祝いに記念撮影しましょ♪」<br><br>「撮った写真は私の『あるばむ』にしまっといてあげますよ！はい、チーズ！」,teco_uk,阿部 敦　岡本 信彦　佐倉 綾音　内田 真礼,608930010,606460040,610140060,,
1000222,1000220,アーサーズ　ニューイヤー,LEGEND,2,80,64100542,65000340,,,1,35,3,65000352,,40,10,65,3,65000362,,60,9,75,3,10000220,401,100000,1000223,,,「傭兵さんも富豪さんもみっともないですね、顔中墨だらけじゃないですか。これなら私と歌姫さんが組んで戦った方が強かったんじゃ？」<br><br>「応援してただけの奴に文句言われたくないぞ。だいたい富豪があのタイミングで…」<br><br>「いや傭兵、力まかせに羽根を叩くことしかできない君に言われたくないぞ」<br><br>「新年早々喧嘩しないの！さっ、私達の勝利の祝いに記念撮影しましょ♪」<br><br>「撮った写真は私の『あるばむ』にしまっといてあげますよ！はい、チーズ！」,teco_uk,阿部 敦　岡本 信彦　佐倉 綾音　内田 真礼,608930010,606460040,610140060,,
1000223,1000220,アーサーズ　ニューイヤー,LEGEND,3,80,64100543,65000340,,,1,30,3,65000353,,40,10,60,3,65000363,,60,9,70,3,10000220,401,100000,1000224,,,「傭兵さんも富豪さんもみっともないですね、顔中墨だらけじゃないですか。これなら私と歌姫さんが組んで戦った方が強かったんじゃ？」<br><br>「応援してただけの奴に文句言われたくないぞ。だいたい富豪があのタイミングで…」<br><br>「いや傭兵、力まかせに羽根を叩くことしかできない君に言われたくないぞ」<br><br>「新年早々喧嘩しないの！さっ、私達の勝利の祝いに記念撮影しましょ♪」<br><br>「撮った写真は私の『あるばむ』にしまっといてあげますよ！はい、チーズ！」,teco_uk,阿部 敦　岡本 信彦　佐倉 綾音　内田 真礼,608930010,606460040,610140060,,
1000224,1000220,アーサーズ　ニューイヤー,LEGEND,4,80,64100544,65000340,,,1,30,3,65000354,,40,10,60,3,65000364,,60,9,70,3,10000220,401,100000,,6186,2,「傭兵さんも富豪さんもみっともないですね、顔中墨だらけじゃないですか。これなら私と歌姫さんが組んで戦った方が強かったんじゃ？」<br><br>「応援してただけの奴に文句言われたくないぞ。だいたい富豪があのタイミングで…」<br><br>「いや傭兵、力まかせに羽根を叩くことしかできない君に言われたくないぞ」<br><br>「新年早々喧嘩しないの！さっ、私達の勝利の祝いに記念撮影しましょ♪」<br><br>「撮った写真は私の『あるばむ』にしまっといてあげますよ！はい、チーズ！」,teco_uk,阿部 敦　岡本 信彦　佐倉 綾音　内田 真礼,608930010,606460040,610140060,,
1000230,1000230,蠱惑の女王 メイヴ,LEGEND,0,80,64100100,65000370,,,12,45,3,65000380,,40,13,90,4,65000390,,60,9,115,4,10000230,401,100000,1000231,,,踊れ。踊れ。全ての心よ。舞台は甘い悪夢の夜。<br>勝も敗も自も敵も生も死も夢も現も、全て忘れてこの掌で踊り狂え。<br><br>この世のあらゆる断末魔はこの女王メイヴのものなのだから----。,マニャ子,豊崎 愛生,700230010,700230020,700230030,,
1000231,1000230,蠱惑の女王 メイヴ,LEGEND,1,80,64100101,65000370,,,12,40,2,65000380,,40,13,85,3,65000391,,60,9,110,3,10000230,401,100000,1000232,,,踊れ。踊れ。全ての心よ。舞台は甘い悪夢の夜。<br>勝も敗も自も敵も生も死も夢も現も、全て忘れてこの掌で踊り狂え。<br><br>この世のあらゆる断末魔はこの女王メイヴのものなのだから----。,マニャ子,豊崎 愛生,700230010,700230020,700230030,,
1000232,1000230,蠱惑の女王 メイヴ,LEGEND,2,80,64100102,65000370,,,12,35,2,65000380,,40,13,80,3,65000392,,60,9,105,3,10000230,401,100000,1000233,,,踊れ。踊れ。全ての心よ。舞台は甘い悪夢の夜。<br>勝も敗も自も敵も生も死も夢も現も、全て忘れてこの掌で踊り狂え。<br><br>この世のあらゆる断末魔はこの女王メイヴのものなのだから----。,マニャ子,豊崎 愛生,700230010,700230020,700230030,,
1000233,1000230,蠱惑の女王 メイヴ,LEGEND,3,80,64100103,65000370,,,12,30,2,65000380,,40,13,75,3,65000393,,60,9,100,3,10000230,401,100000,1000234,,,踊れ。踊れ。全ての心よ。舞台は甘い悪夢の夜。<br>勝も敗も自も敵も生も死も夢も現も、全て忘れてこの掌で踊り狂え。<br><br>この世のあらゆる断末魔はこの女王メイヴのものなのだから----。,マニャ子,豊崎 愛生,700230010,700230020,700230030,,
1000234,1000230,蠱惑の女王 メイヴ,LEGEND,4,80,64100104,65000370,,,12,30,2,65000380,,40,13,75,3,65000394,,60,9,100,3,10000230,401,100000,,6186,2,踊れ。踊れ。全ての心よ。舞台は甘い悪夢の夜。<br>勝も敗も自も敵も生も死も夢も現も、全て忘れてこの掌で踊り狂え。<br><br>この世のあらゆる断末魔はこの女王メイヴのものなのだから----。,マニャ子,豊崎 愛生,700230010,700230020,700230030,,
1000240,1000240,ウィッチクラフト 三魔女,LEGEND,0,80,64100410,65000400,,,4,85,4,65000410,,40,12,75,3,65000420,,60,19,195,4,10000240,401,100000,1000241,,,『魔女』<br>人間でありながら、肉体を改造する事で妖精の特徴の一端を取り込んだ者。妖精とコミュニケーションを取る事で『断絶の時代』の遺跡とアクセスする魔法使いと違い、ダイレクトにアクセスが可能。ただし妖精ほど高精度で遺跡を操る事はできない。基本的に外道と認識されており、普及はしていない。妖精ほど魔法の力に優れている訳ではないが、『森』などに縛られる事もない。ただの人間と比べれば、それでも圧倒的な攻撃力を持つ。<br><br>- ドン=クアルンゲによる調査報告書 No.58271 -<br><br><br>『魔女の三姉妹』<br>長女モルゴース、次女エレイン、三女モーガンの三姉妹の事で、第１期戴冠作戦の失敗から生じた遺恨の象徴。総意として正当な復讐を望んでいるものの、マーリンの社会的抹殺からブリテンという国家の崩壊まで、その規模や範囲は姉妹それぞれで違う。絶世の美女イグレインの血を引いているためか、三姉妹とも見た目だけならとても美しい。<br><br>- フィンヴェナフによる調査報告書 No.3960485 -,嵐月,明坂 聡美　新井 里美　悠木 碧,700240010,700240020,700240030,,
1000241,1000240,ウィッチクラフト 三魔女,LEGEND,1,80,64100411,65000401,,,4,80,3,65000410,,40,12,70,2,65000420,,60,19,190,3,10000240,401,100000,1000242,,,『魔女』<br>人間でありながら、肉体を改造する事で妖精の特徴の一端を取り込んだ者。妖精とコミュニケーションを取る事で『断絶の時代』の遺跡とアクセスする魔法使いと違い、ダイレクトにアクセスが可能。ただし妖精ほど高精度で遺跡を操る事はできない。基本的に外道と認識されており、普及はしていない。妖精ほど魔法の力に優れている訳ではないが、『森』などに縛られる事もない。ただの人間と比べれば、それでも圧倒的な攻撃力を持つ。<br><br>- ドン=クアルンゲによる調査報告書 No.58271 -<br><br><br>『魔女の三姉妹』<br>長女モルゴース、次女エレイン、三女モーガンの三姉妹の事で、第１期戴冠作戦の失敗から生じた遺恨の象徴。総意として正当な復讐を望んでいるものの、マーリンの社会的抹殺からブリテンという国家の崩壊まで、その規模や範囲は姉妹それぞれで違う。絶世の美女イグレインの血を引いているためか、三姉妹とも見た目だけならとても美しい。<br><br>- フィンヴェナフによる調査報告書 No.3960485 -,嵐月,明坂 聡美　新井 里美　悠木 碧,700240010,700240020,700240030,,
1000242,1000240,ウィッチクラフト 三魔女,LEGEND,2,80,64100412,65000402,,,4,75,3,65000410,,40,12,65,2,65000420,,60,19,185,3,10000240,401,100000,1000243,,,『魔女』<br>人間でありながら、肉体を改造する事で妖精の特徴の一端を取り込んだ者。妖精とコミュニケーションを取る事で『断絶の時代』の遺跡とアクセスする魔法使いと違い、ダイレクトにアクセスが可能。ただし妖精ほど高精度で遺跡を操る事はできない。基本的に外道と認識されており、普及はしていない。妖精ほど魔法の力に優れている訳ではないが、『森』などに縛られる事もない。ただの人間と比べれば、それでも圧倒的な攻撃力を持つ。<br><br>- ドン=クアルンゲによる調査報告書 No.58271 -<br><br><br>『魔女の三姉妹』<br>長女モルゴース、次女エレイン、三女モーガンの三姉妹の事で、第１期戴冠作戦の失敗から生じた遺恨の象徴。総意として正当な復讐を望んでいるものの、マーリンの社会的抹殺からブリテンという国家の崩壊まで、その規模や範囲は姉妹それぞれで違う。絶世の美女イグレインの血を引いているためか、三姉妹とも見た目だけならとても美しい。<br><br>- フィンヴェナフによる調査報告書 No.3960485 -,嵐月,明坂 聡美　新井 里美　悠木 碧,700240010,700240020,700240030,,
1000243,1000240,ウィッチクラフト 三魔女,LEGEND,3,80,64100413,65000403,,,4,70,3,65000410,,40,12,60,2,65000420,,60,19,180,3,10000240,401,100000,1000244,,,『魔女』<br>人間でありながら、肉体を改造する事で妖精の特徴の一端を取り込んだ者。妖精とコミュニケーションを取る事で『断絶の時代』の遺跡とアクセスする魔法使いと違い、ダイレクトにアクセスが可能。ただし妖精ほど高精度で遺跡を操る事はできない。基本的に外道と認識されており、普及はしていない。妖精ほど魔法の力に優れている訳ではないが、『森』などに縛られる事もない。ただの人間と比べれば、それでも圧倒的な攻撃力を持つ。<br><br>- ドン=クアルンゲによる調査報告書 No.58271 -<br><br><br>『魔女の三姉妹』<br>長女モルゴース、次女エレイン、三女モーガンの三姉妹の事で、第１期戴冠作戦の失敗から生じた遺恨の象徴。総意として正当な復讐を望んでいるものの、マーリンの社会的抹殺からブリテンという国家の崩壊まで、その規模や範囲は姉妹それぞれで違う。絶世の美女イグレインの血を引いているためか、三姉妹とも見た目だけならとても美しい。<br><br>- フィンヴェナフによる調査報告書 No.3960485 -,嵐月,明坂 聡美　新井 里美　悠木 碧,700240010,700240020,700240030,,
1000244,1000240,ウィッチクラフト 三魔女,LEGEND,4,80,64100414,65000404,,,4,70,3,65000410,,40,12,60,2,65000420,,60,19,180,3,10000240,401,100000,,6186,2,『魔女』<br>人間でありながら、肉体を改造する事で妖精の特徴の一端を取り込んだ者。妖精とコミュニケーションを取る事で『断絶の時代』の遺跡とアクセスする魔法使いと違い、ダイレクトにアクセスが可能。ただし妖精ほど高精度で遺跡を操る事はできない。基本的に外道と認識されており、普及はしていない。妖精ほど魔法の力に優れている訳ではないが、『森』などに縛られる事もない。ただの人間と比べれば、それでも圧倒的な攻撃力を持つ。<br><br>- ドン=クアルンゲによる調査報告書 No.58271 -<br><br><br>『魔女の三姉妹』<br>長女モルゴース、次女エレイン、三女モーガンの三姉妹の事で、第１期戴冠作戦の失敗から生じた遺恨の象徴。総意として正当な復讐を望んでいるものの、マーリンの社会的抹殺からブリテンという国家の崩壊まで、その規模や範囲は姉妹それぞれで違う。絶世の美女イグレインの血を引いているためか、三姉妹とも見た目だけならとても美しい。<br><br>- フィンヴェナフによる調査報告書 No.3960485 -,嵐月,明坂 聡美　新井 里美　悠木 碧,700240010,700240020,700240030,,
1000250,1000250,妖精達の住む森,LEGEND,0,80,64000050,65000280,,,12,45,3,,,,,,,,,,,,,10000250,401,100000,1000251,,,―とある森の奥深く。<br>木々のざわめきと共に誰かの声が聞こえてくる。<br>声がする方向に隠れながら進むとそこには、<br>断絶の時代から変わらぬ姿で生きる、妖精達が戯れていた。,バチ子,五十嵐 裕美　長妻 樹里　佐倉 綾音,601260040,600830060,604080040,,
1000251,1000250,妖精達の住む森,LEGEND,1,80,64000051,65000280,,,12,45,3,65000291,,40,9,65,4,,,,,,,10000250,401,100000,1000252,,,―とある森の奥深く。<br>木々のざわめきと共に誰かの声が聞こえてくる。<br>声がする方向に隠れながら進むとそこには、<br>断絶の時代から変わらぬ姿で生きる、妖精達が戯れていた。,バチ子,五十嵐 裕美　長妻 樹里　佐倉 綾音,601260040,600830060,604080040,,
1000252,1000250,妖精達の住む森,LEGEND,2,80,64000052,65000280,,,12,45,3,65000292,,40,9,65,4,65000300,,60,12,125,3,10000250,401,100000,1000253,,,―とある森の奥深く。<br>木々のざわめきと共に誰かの声が聞こえてくる。<br>声がする方向に隠れながら進むとそこには、<br>断絶の時代から変わらぬ姿で生きる、妖精達が戯れていた。,バチ子,五十嵐 裕美　長妻 樹里　佐倉 綾音,601260040,600830060,604080040,,
1000253,1000250,妖精達の住む森,LEGEND,3,80,64000053,65000280,,,12,40,2,65000293,,40,9,60,3,65000300,,60,12,120,2,10000250,401,100000,1000254,,,―とある森の奥深く。<br>木々のざわめきと共に誰かの声が聞こえてくる。<br>声がする方向に隠れながら進むとそこには、<br>断絶の時代から変わらぬ姿で生きる、妖精達が戯れていた。,バチ子,五十嵐 裕美　長妻 樹里　佐倉 綾音,601260040,600830060,604080040,,
1000254,1000250,妖精達の住む森,LEGEND,4,80,64000054,65000280,,,12,30,2,65000294,,40,9,50,3,65000300,,60,12,110,2,10000250,401,100000,,6191,1,―とある森の奥深く。<br>木々のざわめきと共に誰かの声が聞こえてくる。<br>声がする方向に隠れながら進むとそこには、<br>断絶の時代から変わらぬ姿で生きる、妖精達が戯れていた。,バチ子,五十嵐 裕美　長妻 樹里　佐倉 綾音,601260040,600830060,604080040,,
1000260,1000260,魔導の名君　魔法の派,LEGEND,0,80,64100480,65000460,,,10,55,4,65000470,,40,15,75,4,65000480,,60,19,195,4,10000260,401,100000,1000261,,,「僕は、キャメロットを…いや、このブリテンを平和に導くことはできるのでしょうか…」<br><br>「相変わらず弱気なのだ。そんなのやってみないとわからんのだ」<br><br>「エルの言う通りね…。けど私は、貴方ならきっとやり遂げられると信じているわ」<br><br>「…そうですよね。弱気になっちゃダメですよね！二人共、ありがとうございます！<br>僕はこの世界を…救ってみせます！」<br><br>,嵐月,釘宮 理恵,602710010,602710040,602710060,,
1000261,1000260,魔導の名君　魔法の派,LEGEND,1,80,64100481,65000461,,,10,50,3,65000470,,40,15,70,3,65000480,,60,19,190,3,10000260,401,100000,1000262,,,「僕は、キャメロットを…いや、このブリテンを平和に導くことはできるのでしょうか…」<br><br>「相変わらず弱気なのだ。そんなのやってみないとわからんのだ」<br><br>「エルの言う通りね…。けど私は、貴方ならきっとやり遂げられると信じているわ」<br><br>「…そうですよね。弱気になっちゃダメですよね！二人共、ありがとうございます！<br>僕はこの世界を…救ってみせます！」<br><br>,嵐月,釘宮 理恵,602710010,602710040,602710060,,
1000262,1000260,魔導の名君　魔法の派,LEGEND,2,80,64100482,65000462,,,10,45,3,65000470,,40,15,65,3,65000480,,60,19,185,3,10000260,401,100000,1000263,,,「僕は、キャメロットを…いや、このブリテンを平和に導くことはできるのでしょうか…」<br><br>「相変わらず弱気なのだ。そんなのやってみないとわからんのだ」<br><br>「エルの言う通りね…。けど私は、貴方ならきっとやり遂げられると信じているわ」<br><br>「…そうですよね。弱気になっちゃダメですよね！二人共、ありがとうございます！<br>僕はこの世界を…救ってみせます！」<br><br>,嵐月,釘宮 理恵,602710010,602710040,602710060,,
1000263,1000260,魔導の名君　魔法の派,LEGEND,3,80,64100483,65000463,,,10,40,3,65000470,,40,15,60,3,65000480,,60,19,180,3,10000260,401,100000,1000264,,,「僕は、キャメロットを…いや、このブリテンを平和に導くことはできるのでしょうか…」<br><br>「相変わらず弱気なのだ。そんなのやってみないとわからんのだ」<br><br>「エルの言う通りね…。けど私は、貴方ならきっとやり遂げられると信じているわ」<br><br>「…そうですよね。弱気になっちゃダメですよね！二人共、ありがとうございます！<br>僕はこの世界を…救ってみせます！」<br><br>,嵐月,釘宮 理恵,602710010,602710040,602710060,,
1000264,1000260,魔導の名君　魔法の派,LEGEND,4,80,64100484,65000464,,,10,40,3,65000470,,40,15,60,3,65000480,,60,19,180,3,10000260,401,100000,,6186,2,「僕は、キャメロットを…いや、このブリテンを平和に導くことはできるのでしょうか…」<br><br>「相変わらず弱気なのだ。そんなのやってみないとわからんのだ」<br><br>「エルの言う通りね…。けど私は、貴方ならきっとやり遂げられると信じているわ」<br><br>「…そうですよね。弱気になっちゃダメですよね！二人共、ありがとうございます！<br>僕はこの世界を…救ってみせます！」<br><br>,嵐月,釘宮 理恵,602710010,602710040,602710060,,
1000270,1000270,慈愛の母姫　イグレイン,LEGEND,0,80,64000000,65000430,,,10,45,4,,,,,,,,,,,,,10000270,401,100000,1000271,,,「よしよし、良い子ね…。疲れたでしょ？ゆっくりお休み…」<br><br>「…うん…」<br><br>そう言って歌姫アーサーはイグレインの膝を枕にし、眠りについた。<br><br>イグレインは歌姫アーサーに優しく触れ、ゆっくり頭を撫でる。<br><br>まるで本当の母のように…。,saberiii,茅野 愛衣,610000070,610000060,610000040,,
1000271,1000270,慈愛の母姫　イグレイン,LEGEND,1,80,64000001,65000431,,,10,45,4,65000441,,40,4,45,4,,,,,,,10000270,401,100000,1000272,,,「よしよし、良い子ね…。疲れたでしょ？ゆっくりお休み…」<br><br>「…うん…」<br><br>そう言って歌姫アーサーはイグレインの膝を枕にし、眠りについた。<br><br>イグレインは歌姫アーサーに優しく触れ、ゆっくり頭を撫でる。<br><br>まるで本当の母のように…。,saberiii,茅野 愛衣,610000070,610000060,610000040,,
1000272,1000270,慈愛の母姫　イグレイン,LEGEND,2,80,64000002,65000432,,,10,45,4,65000442,,40,4,45,4,65000450,,60,12,125,3,10000270,401,100000,1000273,,,「よしよし、良い子ね…。疲れたでしょ？ゆっくりお休み…」<br><br>「…うん…」<br><br>そう言って歌姫アーサーはイグレインの膝を枕にし、眠りについた。<br><br>イグレインは歌姫アーサーに優しく触れ、ゆっくり頭を撫でる。<br><br>まるで本当の母のように…。,saberiii,茅野 愛衣,610000070,610000060,610000040,,
1000273,1000270,慈愛の母姫　イグレイン,LEGEND,3,80,64000003,65000433,,,10,40,3,65000443,,40,4,40,3,65000450,,60,12,120,2,10000270,401,100000,1000274,,,「よしよし、良い子ね…。疲れたでしょ？ゆっくりお休み…」<br><br>「…うん…」<br><br>そう言って歌姫アーサーはイグレインの膝を枕にし、眠りについた。<br><br>イグレインは歌姫アーサーに優しく触れ、ゆっくり頭を撫でる。<br><br>まるで本当の母のように…。,saberiii,茅野 愛衣,610000070,610000060,610000040,,
1000274,1000270,慈愛の母姫　イグレイン,LEGEND,4,80,64000004,65000434,,,10,30,3,65000444,,40,4,30,3,65000450,,60,12,110,2,10000270,401,100000,,6191,1,「よしよし、良い子ね…。疲れたでしょ？ゆっくりお休み…」<br><br>「…うん…」<br><br>そう言って歌姫アーサーはイグレインの膝を枕にし、眠りについた。<br><br>イグレインは歌姫アーサーに優しく触れ、ゆっくり頭を撫でる。<br><br>まるで本当の母のように…。,saberiii,茅野 愛衣,610000070,610000060,610000040,,
1000290,1000290,悲恋劇　アストラトエレイン,LEGEND,0,80,64000060,65000490,,,4,35,4,,,,,,,,,,,,,10000290,401,100000,1000291,,,うーん…。<br>よくよく考えてみると私の死体を小舟に乗せたとしても、<br>私を振った相手の所に届くとも限らないですし…。<br><br>あっ、そうか！<br>置手紙を残しておけば誰宛なのか気付いてもらえるかもしれませんね！<br><br>…でも一体、どんな手紙を書けばいいんでしょう？<br><br>『私の事を忘れないでください』とか、<br>『あなたが振ったお陰で死ぬ覚悟ができました』とかですかね？<br><br>…ねぇ？あなた達ならどんな手紙がいい？<br><br>…ふふっ、鳥に聞いても仕方ないですね。,竹岡 美穗,上坂 すみれ,600290010,600290020,600290040,,
1000291,1000290,悲恋劇　アストラトエレイン,LEGEND,1,80,64000061,65000491,,,4,35,4,65000501,,40,3,55,4,,,,,,,10000290,401,100000,1000292,,,うーん…。<br>よくよく考えてみると私の死体を小舟に乗せたとしても、<br>私を振った相手の所に届くとも限らないですし…。<br><br>あっ、そうか！<br>置手紙を残しておけば誰宛なのか気付いてもらえるかもしれませんね！<br><br>…でも一体、どんな手紙を書けばいいんでしょう？<br><br>『私の事を忘れないでください』とか、<br>『あなたが振ったお陰で死ぬ覚悟ができました』とかですかね？<br><br>…ねぇ？あなた達ならどんな手紙がいい？<br><br>…ふふっ、鳥に聞いても仕方ないですね。,竹岡 美穗,上坂 すみれ,600290010,600290020,600290040,,
1000292,1000290,悲恋劇　アストラトエレイン,LEGEND,2,80,64000062,65000492,,,4,35,4,65000502,,40,3,55,4,65000510,,60,13,165,4,10000290,401,100000,1000293,,,うーん…。<br>よくよく考えてみると私の死体を小舟に乗せたとしても、<br>私を振った相手の所に届くとも限らないですし…。<br><br>あっ、そうか！<br>置手紙を残しておけば誰宛なのか気付いてもらえるかもしれませんね！<br><br>…でも一体、どんな手紙を書けばいいんでしょう？<br><br>『私の事を忘れないでください』とか、<br>『あなたが振ったお陰で死ぬ覚悟ができました』とかですかね？<br><br>…ねぇ？あなた達ならどんな手紙がいい？<br><br>…ふふっ、鳥に聞いても仕方ないですね。,竹岡 美穗,上坂 すみれ,600290010,600290020,600290040,,
1000293,1000290,悲恋劇　アストラトエレイン,LEGEND,3,80,64000063,65000493,,,4,30,3,65000503,,40,3,50,3,65000510,,60,13,160,3,10000290,401,100000,1000294,,,うーん…。<br>よくよく考えてみると私の死体を小舟に乗せたとしても、<br>私を振った相手の所に届くとも限らないですし…。<br><br>あっ、そうか！<br>置手紙を残しておけば誰宛なのか気付いてもらえるかもしれませんね！<br><br>…でも一体、どんな手紙を書けばいいんでしょう？<br><br>『私の事を忘れないでください』とか、<br>『あなたが振ったお陰で死ぬ覚悟ができました』とかですかね？<br><br>…ねぇ？あなた達ならどんな手紙がいい？<br><br>…ふふっ、鳥に聞いても仕方ないですね。,竹岡 美穗,上坂 すみれ,600290010,600290020,600290040,,
1000294,1000290,悲恋劇　アストラトエレイン,LEGEND,4,80,64000064,65000494,,,4,20,3,65000504,,40,3,40,3,65000510,,60,13,150,3,10000290,401,100000,,6191,1,うーん…。<br>よくよく考えてみると私の死体を小舟に乗せたとしても、<br>私を振った相手の所に届くとも限らないですし…。<br><br>あっ、そうか！<br>置手紙を残しておけば誰宛なのか気付いてもらえるかもしれませんね！<br><br>…でも一体、どんな手紙を書けばいいんでしょう？<br><br>『私の事を忘れないでください』とか、<br>『あなたが振ったお陰で死ぬ覚悟ができました』とかですかね？<br><br>…ねぇ？あなた達ならどんな手紙がいい？<br><br>…ふふっ、鳥に聞いても仕方ないですね。,竹岡 美穗,上坂 すみれ,600290010,600290020,600290040,,
1000280,1000280,恋するファルサリア,LEGEND,0,80,64100520,65000520,,,9,35,4,,,,,,,,,,,,,10000280,401,100000,1000281,,,「バレンタインは手作りチョコの方が喜ばれるよー」<br><br>そう聞いたファルサリアは、<br>へヴリディーズのチョコ作りの匠と呼ばれるウアサハと歌姫アーサーに習い、<br>はじめてのチョコレート作りを始める。<br><br>苦労して苦労して、ようやく出来上がった手作りチョコレート。<br>誰のために作り、誰に贈るのかは結局誰にも明かさなかった。<br><br>そして…。<br><br>「ちょっと時間が掛かっちゃったけど、<br>あなたの為に丹精込めて作ったにゃ☆<br>もちろん、受け取ってくれるよねー？」,きんぎん,茅野 愛衣,608900010,608900040,608900060,,
1000281,1000280,恋するファルサリア,LEGEND,1,80,64100521,65000521,,,9,35,4,65000531,,40,9,35,4,,,,,,,10000280,401,100000,1000282,,,「バレンタインは手作りチョコの方が喜ばれるよー」<br><br>そう聞いたファルサリアは、<br>へヴリディーズのチョコ作りの匠と呼ばれるウアサハと歌姫アーサーに習い、<br>はじめてのチョコレート作りを始める。<br><br>苦労して苦労して、ようやく出来上がった手作りチョコレート。<br>誰のために作り、誰に贈るのかは結局誰にも明かさなかった。<br><br>そして…。<br><br>「ちょっと時間が掛かっちゃったけど、<br>あなたの為に丹精込めて作ったにゃ☆<br>もちろん、受け取ってくれるよねー？」,きんぎん,茅野 愛衣,608900010,608900040,608900060,,
1000282,1000280,恋するファルサリア,LEGEND,2,80,64100522,65000522,,,9,35,4,65000532,,40,9,35,4,65000542,,60,10,55,4,10000280,401,100000,1000283,,,「バレンタインは手作りチョコの方が喜ばれるよー」<br><br>そう聞いたファルサリアは、<br>へヴリディーズのチョコ作りの匠と呼ばれるウアサハと歌姫アーサーに習い、<br>はじめてのチョコレート作りを始める。<br><br>苦労して苦労して、ようやく出来上がった手作りチョコレート。<br>誰のために作り、誰に贈るのかは結局誰にも明かさなかった。<br><br>そして…。<br><br>「ちょっと時間が掛かっちゃったけど、<br>あなたの為に丹精込めて作ったにゃ☆<br>もちろん、受け取ってくれるよねー？」,きんぎん,茅野 愛衣,608900010,608900040,608900060,,
1000283,1000280,恋するファルサリア,LEGEND,3,80,64100523,65000523,,,9,30,3,65000533,,40,9,30,3,65000543,,60,10,50,3,10000280,401,100000,1000284,,,「バレンタインは手作りチョコの方が喜ばれるよー」<br><br>そう聞いたファルサリアは、<br>へヴリディーズのチョコ作りの匠と呼ばれるウアサハと歌姫アーサーに習い、<br>はじめてのチョコレート作りを始める。<br><br>苦労して苦労して、ようやく出来上がった手作りチョコレート。<br>誰のために作り、誰に贈るのかは結局誰にも明かさなかった。<br><br>そして…。<br><br>「ちょっと時間が掛かっちゃったけど、<br>あなたの為に丹精込めて作ったにゃ☆<br>もちろん、受け取ってくれるよねー？」,きんぎん,茅野 愛衣,608900010,608900040,608900060,,
1000284,1000280,恋するファルサリア,LEGEND,4,80,64100524,65000524,,,9,20,3,65000534,,40,9,20,3,65000544,,60,10,40,3,10000280,401,100000,,6191,1,「バレンタインは手作りチョコの方が喜ばれるよー」<br><br>そう聞いたファルサリアは、<br>へヴリディーズのチョコ作りの匠と呼ばれるウアサハと歌姫アーサーに習い、<br>はじめてのチョコレート作りを始める。<br><br>苦労して苦労して、ようやく出来上がった手作りチョコレート。<br>誰のために作り、誰に贈るのかは結局誰にも明かさなかった。<br><br>そして…。<br><br>「ちょっと時間が掛かっちゃったけど、<br>あなたの為に丹精込めて作ったにゃ☆<br>もちろん、受け取ってくれるよねー？」,きんぎん,茅野 愛衣,608900010,608900040,608900060,,
1000300,1000300,心躍る異世界冒険,LEGEND,0,80,64100080,65000580,,,3,35,3,,,,,,,,,,,,,10000300,401,100000,1000301,,,ランディ「元の世界に帰るまで、この世界を冒険するのも楽しそうだね」<br>ポポイ「さすがアンちゃん！オイラもそう思ってたぜ！」<br>プリム「そうこなくっちゃ！早速出発よ！」<br><br>© SQEX,kona,小野 賢章　山本 希望　加藤 英美里,700190010,700190020,700190030,,
1000301,1000300,心躍る異世界冒険,LEGEND,1,80,64100081,65000581,,,3,35,3,65000591,,40,10,55,4,,,,,,,10000300,401,100000,1000302,,,ランディ「元の世界に帰るまで、この世界を冒険するのも楽しそうだね」<br>ポポイ「さすがアンちゃん！オイラもそう思ってたぜ！」<br>プリム「そうこなくっちゃ！早速出発よ！」<br><br>© SQEX,kona,小野 賢章　山本 希望　加藤 英美里,700190010,700190020,700190030,,
1000302,1000300,心躍る異世界冒険,LEGEND,2,80,64100082,65000582,,,3,35,3,65000592,,40,10,55,4,65000600,,60,12,95,3,10000300,401,100000,1000303,,,ランディ「元の世界に帰るまで、この世界を冒険するのも楽しそうだね」<br>ポポイ「さすがアンちゃん！オイラもそう思ってたぜ！」<br>プリム「そうこなくっちゃ！早速出発よ！」<br><br>© SQEX,kona,小野 賢章　山本 希望　加藤 英美里,700190010,700190020,700190030,,
1000303,1000300,心躍る異世界冒険,LEGEND,3,80,64100083,65000583,,,3,30,2,65000593,,40,10,50,3,65000600,,60,12,90,2,10000300,401,100000,1000304,,,ランディ「元の世界に帰るまで、この世界を冒険するのも楽しそうだね」<br>ポポイ「さすがアンちゃん！オイラもそう思ってたぜ！」<br>プリム「そうこなくっちゃ！早速出発よ！」<br><br>© SQEX,kona,小野 賢章　山本 希望　加藤 英美里,700190010,700190020,700190030,,
1000304,1000300,心躍る異世界冒険,LEGEND,4,80,64100084,65000584,,,3,20,2,65000594,,40,10,40,3,65000600,,60,12,80,2,10000300,401,100000,,6191,1,ランディ「元の世界に帰るまで、この世界を冒険するのも楽しそうだね」<br>ポポイ「さすがアンちゃん！オイラもそう思ってたぜ！」<br>プリム「そうこなくっちゃ！早速出発よ！」<br><br>© SQEX,kona,小野 賢章　山本 希望　加藤 英美里,700190010,700190020,700190030,,
1000320,1000320,夜桜の宴　光源氏,LEGEND,0,80,64100590,65000610,,,10,35,2,65000620,,40,12,165,2,65000630,,60,21,215,4,10000320,401,100000,1000321,,,「面影は　身をも離れず　山桜　<br>心の限り　とめて来しかど<br>夜の間の風も、うしろめたくなむ 」,生煮え,金元 寿子,601630010,601630040,601630020,,
1000321,1000320,夜桜の宴　光源氏,LEGEND,1,80,64100591,65000611,,,10,30,1,65000620,,40,12,160,1,65000630,,60,21,210,3,10000320,401,100000,1000322,,,「面影は　身をも離れず　山桜　<br>心の限り　とめて来しかど<br>夜の間の風も、うしろめたくなむ 」,生煮え,金元 寿子,601630010,601630040,601630020,,
1000322,1000320,夜桜の宴　光源氏,LEGEND,2,80,64100592,65000612,,,10,25,1,65000620,,40,12,155,1,65000630,,60,21,205,3,10000320,401,100000,1000323,,,「面影は　身をも離れず　山桜　<br>心の限り　とめて来しかど<br>夜の間の風も、うしろめたくなむ 」,生煮え,金元 寿子,601630010,601630040,601630020,,
1000323,1000320,夜桜の宴　光源氏,LEGEND,3,80,64100593,65000613,,,10,20,1,65000620,,40,12,150,1,65000630,,60,21,200,3,10000320,401,100000,1000324,,,「面影は　身をも離れず　山桜　<br>心の限り　とめて来しかど<br>夜の間の風も、うしろめたくなむ 」,生煮え,金元 寿子,601630010,601630040,601630020,,
1000324,1000320,夜桜の宴　光源氏,LEGEND,4,80,64100594,65000614,,,10,20,1,65000620,,40,12,150,1,65000630,,60,21,200,3,10000320,401,100000,,6186,2,「面影は　身をも離れず　山桜　<br>心の限り　とめて来しかど<br>夜の間の風も、うしろめたくなむ 」,生煮え,金元 寿子,601630010,601630040,601630020,,
1000340,1000340,王位なる覚醒の時,LEGEND,0,80,64100595,65000640,,,9,65,3,65000650,,40,13,60,3,65000660,,60,12,160,3,10000340,401,100000,1000341,,,「王」でもなく「人」でもなく、純粋な「妖精」でもない存在。<br>強大な力と引き換えに、記憶と過去を奪われた少女。<br><br>居場所を探し求める「王位妖精」と呼ばれし彼女達の物語。,teco_uk,芹澤 優　堀江 由衣　早見 沙織,609630060,609480020,610910020,,
1000341,1000340,王位なる覚醒の時,LEGEND,1,80,64100596,65000641,,,9,60,2,65000650,,40,13,55,2,65000660,,60,12,145,2,10000340,401,100000,1000342,,,「王」でもなく「人」でもなく、純粋な「妖精」でもない存在。<br>強大な力と引き換えに、記憶と過去を奪われた少女。<br><br>居場所を探し求める「王位妖精」と呼ばれし彼女達の物語。,teco_uk,芹澤 優　堀江 由衣　早見 沙織,609630060,609480020,610910020,,
1000342,1000340,王位なる覚醒の時,LEGEND,2,80,64100597,65000642,,,9,55,2,65000650,,40,13,50,2,65000660,,60,12,130,2,10000340,401,100000,1000343,,,「王」でもなく「人」でもなく、純粋な「妖精」でもない存在。<br>強大な力と引き換えに、記憶と過去を奪われた少女。<br><br>居場所を探し求める「王位妖精」と呼ばれし彼女達の物語。,teco_uk,芹澤 優　堀江 由衣　早見 沙織,609630060,609480020,610910020,,
1000343,1000340,王位なる覚醒の時,LEGEND,3,80,64100598,65000643,,,9,50,2,65000650,,40,13,45,2,65000660,,60,12,115,2,10000340,401,100000,1000344,,,「王」でもなく「人」でもなく、純粋な「妖精」でもない存在。<br>強大な力と引き換えに、記憶と過去を奪われた少女。<br><br>居場所を探し求める「王位妖精」と呼ばれし彼女達の物語。,teco_uk,芹澤 優　堀江 由衣　早見 沙織,609630060,609480020,610910020,,
1000344,1000340,王位なる覚醒の時,LEGEND,4,80,64100599,65000644,,,9,50,2,65000650,,40,13,45,2,65000660,,60,12,100,2,10000340,401,100000,,6191,1,「王」でもなく「人」でもなく、純粋な「妖精」でもない存在。<br>強大な力と引き換えに、記憶と過去を奪われた少女。<br><br>居場所を探し求める「王位妖精」と呼ばれし彼女達の物語。,teco_uk,芹澤 優　堀江 由衣　早見 沙織,609630060,609480020,610910020,,
