64000000,物理攻撃アップ,パラメータ上昇ボーナス,物理ダメージを{1}アップ(トランス中永続),1,1,,PARAM_UP,,BURST_PASSIVE,SUPPORT,NEUTRAL,NULL,MAGIC,,120,120,RANK1,0,SELF,,,,,,,,,,,,,,,,,,,,,,,,,,,,,,64000000,
64000001,物理攻撃アップ+,パラメータ上昇ボーナス,物理ダメージを{1}アップ(トランス中永続),1,1,,PARAM_UP,,BURST_PASSIVE,SUPPORT,NEUTRAL,NULL,MAGIC,,120,120,RANK1,0,SELF,,,,,,,,,,,,,,,,,,,,,,,,,,,,,,64000001,
64000002,物理攻撃アップ++,パラメータ上昇ボーナス,物理ダメージを{1}アップ(トランス中永続),1,1,,PARAM_UP,,BURST_PASSIVE,SUPPORT,NEUTRAL,NULL,MAGIC,,120,120,RANK1,0,SELF,,,,,,,,,,,,,,,,,,,,,,,,,,,,,,64000002,
64000003,物理攻撃アップ+++,パラメータ上昇ボーナス,物理ダメージを{1}アップ(トランス中永続),1,1,,PARAM_UP,,BURST_PASSIVE,SUPPORT,NEUTRAL,NULL,MAGIC,,120,120,RANK1,0,SELF,,,,,,,,,,,,,,,,,,,,,,,,,,,,,,64000003,
64000004,物理攻撃アップ++++,パラメータ上昇ボーナス,物理ダメージを{1}アップ(トランス中永続),1,1,,PARAM_UP,,BURST_PASSIVE,SUPPORT,NEUTRAL,NULL,MAGIC,,120,120,RANK1,0,SELF,,,,,,,,,,,,,,,,,,,,,,,,,,,,,,64000004,
64000010,魔法攻撃アップ,パラメータ上昇ボーナス,魔法ダメージを{1}アップ(トランス中永続),1,1,,PARAM_UP,,BURST_PASSIVE,SUPPORT,NEUTRAL,NULL,MAGIC,,120,120,RANK1,0,SELF,,,,,,,,,,,,,,,,,,,,,,,,,,,,,,64000010,
64000011,魔法攻撃アップ+,パラメータ上昇ボーナス,魔法ダメージを{1}アップ(トランス中永続),1,1,,PARAM_UP,,BURST_PASSIVE,SUPPORT,NEUTRAL,NULL,MAGIC,,120,120,RANK1,0,SELF,,,,,,,,,,,,,,,,,,,,,,,,,,,,,,64000011,
64000012,魔法攻撃アップ++,パラメータ上昇ボーナス,魔法ダメージを{1}アップ(トランス中永続),1,1,,PARAM_UP,,BURST_PASSIVE,SUPPORT,NEUTRAL,NULL,MAGIC,,120,120,RANK1,0,SELF,,,,,,,,,,,,,,,,,,,,,,,,,,,,,,64000012,
64000013,魔法攻撃アップ+++,パラメータ上昇ボーナス,魔法ダメージを{1}アップ(トランス中永続),1,1,,PARAM_UP,,BURST_PASSIVE,SUPPORT,NEUTRAL,NULL,MAGIC,,120,120,RANK1,0,SELF,,,,,,,,,,,,,,,,,,,,,,,,,,,,,,64000013,
64000014,魔法攻撃アップ++++,パラメータ上昇ボーナス,魔法ダメージを{1}アップ(トランス中永続),1,1,,PARAM_UP,,BURST_PASSIVE,SUPPORT,NEUTRAL,NULL,MAGIC,,120,120,RANK1,0,SELF,,,,,,,,,,,,,,,,,,,,,,,,,,,,,,64000014,
64000030,物理防御アップ,パラメータ上昇ボーナス,物理防御を{1}アップ(トランス中永続),1,1,,PARAM_UP,,BURST_PASSIVE,SUPPORT,NEUTRAL,NULL,MAGIC,,120,120,RANK1,0,SELF,,,,,,,,,,,,,,,,,,,,,,,,,,,,,,64000030,
64000031,物理防御アップ+,パラメータ上昇ボーナス,物理防御を{1}アップ(トランス中永続),1,1,,PARAM_UP,,BURST_PASSIVE,SUPPORT,NEUTRAL,NULL,MAGIC,,120,120,RANK1,0,SELF,,,,,,,,,,,,,,,,,,,,,,,,,,,,,,64000031,
64000032,物理防御アップ++,パラメータ上昇ボーナス,物理防御を{1}アップ(トランス中永続),1,1,,PARAM_UP,,BURST_PASSIVE,SUPPORT,NEUTRAL,NULL,MAGIC,,120,120,RANK1,0,SELF,,,,,,,,,,,,,,,,,,,,,,,,,,,,,,64000032,
64000033,物理防御アップ+++,パラメータ上昇ボーナス,物理防御を{1}アップ(トランス中永続),1,1,,PARAM_UP,,BURST_PASSIVE,SUPPORT,NEUTRAL,NULL,MAGIC,,120,120,RANK1,0,SELF,,,,,,,,,,,,,,,,,,,,,,,,,,,,,,64000033,
64000034,物理防御アップ++++,パラメータ上昇ボーナス,物理防御を{1}アップ(トランス中永続),1,1,,PARAM_UP,,BURST_PASSIVE,SUPPORT,NEUTRAL,NULL,MAGIC,,120,120,RANK1,0,SELF,,,,,,,,,,,,,,,,,,,,,,,,,,,,,,64000034,
64000040,魔法防御アップ,パラメータ上昇ボーナス,魔法防御を{1}アップ(トランス中永続),1,1,,PARAM_UP,,BURST_PASSIVE,SUPPORT,NEUTRAL,NULL,MAGIC,,120,120,RANK1,0,SELF,,,,,,,,,,,,,,,,,,,,,,,,,,,,,,64000040,
64000041,魔法防御アップ+,パラメータ上昇ボーナス,魔法防御を{1}アップ(トランス中永続),1,1,,PARAM_UP,,BURST_PASSIVE,SUPPORT,NEUTRAL,NULL,MAGIC,,120,120,RANK1,0,SELF,,,,,,,,,,,,,,,,,,,,,,,,,,,,,,64000041,
64000042,魔法防御アップ++,パラメータ上昇ボーナス,魔法防御を{1}アップ(トランス中永続),1,1,,PARAM_UP,,BURST_PASSIVE,SUPPORT,NEUTRAL,NULL,MAGIC,,120,120,RANK1,0,SELF,,,,,,,,,,,,,,,,,,,,,,,,,,,,,,64000042,
64000043,魔法防御アップ+++,パラメータ上昇ボーナス,魔法防御を{1}アップ(トランス中永続),1,1,,PARAM_UP,,BURST_PASSIVE,SUPPORT,NEUTRAL,NULL,MAGIC,,120,120,RANK1,0,SELF,,,,,,,,,,,,,,,,,,,,,,,,,,,,,,64000043,
64000044,魔法防御アップ++++,パラメータ上昇ボーナス,魔法防御を{1}アップ(トランス中永続),1,1,,PARAM_UP,,BURST_PASSIVE,SUPPORT,NEUTRAL,NULL,MAGIC,,120,120,RANK1,0,SELF,,,,,,,,,,,,,,,,,,,,,,,,,,,,,,64000044,
64000050,物理/魔法防御アップ,パラメータ上昇ボーナス,全防御を{1}アップ(トランス中永続),1,1,,PARAM_UP,,BURST_PASSIVE,SUPPORT,NEUTRAL,NULL,MAGIC,,120,120,RANK1,0,SELF,,,,,,,,,,,,,,,,,,,,,,,,,,,,,,64000050,
64000051,物理/魔法防御アップ+,パラメータ上昇ボーナス,全防御を{1}アップ(トランス中永続),1,1,,PARAM_UP,,BURST_PASSIVE,SUPPORT,NEUTRAL,NULL,MAGIC,,120,120,RANK1,0,SELF,,,,,,,,,,,,,,,,,,,,,,,,,,,,,,64000051,
64000052,物理/魔法防御アップ++,パラメータ上昇ボーナス,全防御を{1}アップ(トランス中永続),1,1,,PARAM_UP,,BURST_PASSIVE,SUPPORT,NEUTRAL,NULL,MAGIC,,120,120,RANK1,0,SELF,,,,,,,,,,,,,,,,,,,,,,,,,,,,,,64000052,
64000053,物理/魔法防御アップ+++,パラメータ上昇ボーナス,全防御を{1}アップ(トランス中永続),1,1,,PARAM_UP,,BURST_PASSIVE,SUPPORT,NEUTRAL,NULL,MAGIC,,120,120,RANK1,0,SELF,,,,,,,,,,,,,,,,,,,,,,,,,,,,,,64000053,
64000054,物理/魔法防御アップ++++,パラメータ上昇ボーナス,全防御を{1}アップ(トランス中永続),1,1,,PARAM_UP,,BURST_PASSIVE,SUPPORT,NEUTRAL,NULL,MAGIC,,120,120,RANK1,0,SELF,,,,,,,,,,,,,,,,,,,,,,,,,,,,,,64000054,
64000060,最大HPアップ,パラメータ上昇ボーナス,最大HPを{1}アップ(トランス中永続),1,1,,PARAM_UP,,BURST_PASSIVE,SUPPORT,NEUTRAL,NULL,MAGIC,,120,120,RANK1,0,SELF,,,,,,,,,,,,,,,,,,,,,,,,,,,,,,64000060,
64000061,最大HPアップ+,パラメータ上昇ボーナス,最大HPを{1}アップ(トランス中永続),1,1,,PARAM_UP,,BURST_PASSIVE,SUPPORT,NEUTRAL,NULL,MAGIC,,120,120,RANK1,0,SELF,,,,,,,,,,,,,,,,,,,,,,,,,,,,,,64000061,
64000062,最大HPアップ++,パラメータ上昇ボーナス,最大HPを{1}アップ(トランス中永続),1,1,,PARAM_UP,,BURST_PASSIVE,SUPPORT,NEUTRAL,NULL,MAGIC,,120,120,RANK1,0,SELF,,,,,,,,,,,,,,,,,,,,,,,,,,,,,,64000062,
64000063,最大HPアップ+++,パラメータ上昇ボーナス,最大HPを{1}アップ(トランス中永続),1,1,,PARAM_UP,,BURST_PASSIVE,SUPPORT,NEUTRAL,NULL,MAGIC,,120,120,RANK1,0,SELF,,,,,,,,,,,,,,,,,,,,,,,,,,,,,,64000063,
64000064,最大HPアップ++++,パラメータ上昇ボーナス,最大HPを{1}アップ(トランス中永続),1,1,,PARAM_UP,,BURST_PASSIVE,SUPPORT,NEUTRAL,NULL,MAGIC,,120,120,RANK1,0,SELF,,,,,,,,,,,,,,,,,,,,,,,,,,,,,,64000064,
64000070,物攻 上限突破,パラメータ上昇ボーナス,物理ダメージの上限を{1}アップ(トランス中永続),1,1,,PARAM_UP,,BURST_PASSIVE,SUPPORT,NEUTRAL,NULL,MAGIC,,120,120,RANK1,0,SELF,,,,,,,,,,,,,,,,,,,,,,,,,,,,,,64000070,
64000071,物攻 上限突破+,パラメータ上昇ボーナス,物理ダメージの上限を{1}アップ(トランス中永続),1,1,,PARAM_UP,,BURST_PASSIVE,SUPPORT,NEUTRAL,NULL,MAGIC,,120,120,RANK1,0,SELF,,,,,,,,,,,,,,,,,,,,,,,,,,,,,,64000071,
64000072,物攻 上限突破++,パラメータ上昇ボーナス,物理ダメージの上限を{1}アップ(トランス中永続),1,1,,PARAM_UP,,BURST_PASSIVE,SUPPORT,NEUTRAL,NULL,MAGIC,,120,120,RANK1,0,SELF,,,,,,,,,,,,,,,,,,,,,,,,,,,,,,64000072,
64000073,物攻 上限突破+++,パラメータ上昇ボーナス,物理ダメージの上限を{1}アップ(トランス中永続),1,1,,PARAM_UP,,BURST_PASSIVE,SUPPORT,NEUTRAL,NULL,MAGIC,,120,120,RANK1,0,SELF,,,,,,,,,,,,,,,,,,,,,,,,,,,,,,64000073,
64000074,物攻 上限突破++++,パラメータ上昇ボーナス,物理ダメージの上限を{1}アップ(トランス中永続),1,1,,PARAM_UP,,BURST_PASSIVE,SUPPORT,NEUTRAL,NULL,MAGIC,,120,120,RANK1,0,SELF,,,,,,,,,,,,,,,,,,,,,,,,,,,,,,64000074,
64000080,魔攻 上限突破,パラメータ上昇ボーナス,魔法ダメージの上限を{1}アップ(トランス中永続),1,1,,PARAM_UP,,BURST_PASSIVE,SUPPORT,NEUTRAL,NULL,MAGIC,,120,120,RANK1,0,SELF,,,,,,,,,,,,,,,,,,,,,,,,,,,,,,64000080,
64000081,魔攻 上限突破+,パラメータ上昇ボーナス,魔法ダメージの上限を{1}アップ(トランス中永続),1,1,,PARAM_UP,,BURST_PASSIVE,SUPPORT,NEUTRAL,NULL,MAGIC,,120,120,RANK1,0,SELF,,,,,,,,,,,,,,,,,,,,,,,,,,,,,,64000081,
64000082,魔攻 上限突破++,パラメータ上昇ボーナス,魔法ダメージの上限を{1}アップ(トランス中永続),1,1,,PARAM_UP,,BURST_PASSIVE,SUPPORT,NEUTRAL,NULL,MAGIC,,120,120,RANK1,0,SELF,,,,,,,,,,,,,,,,,,,,,,,,,,,,,,64000082,
64000083,魔攻 上限突破+++,パラメータ上昇ボーナス,魔法ダメージの上限を{1}アップ(トランス中永続),1,1,,PARAM_UP,,BURST_PASSIVE,SUPPORT,NEUTRAL,NULL,MAGIC,,120,120,RANK1,0,SELF,,,,,,,,,,,,,,,,,,,,,,,,,,,,,,64000083,
64000084,魔攻 上限突破++++,パラメータ上昇ボーナス,魔法ダメージの上限を{1}アップ(トランス中永続),1,1,,PARAM_UP,,BURST_PASSIVE,SUPPORT,NEUTRAL,NULL,MAGIC,,120,120,RANK1,0,SELF,,,,,,,,,,,,,,,,,,,,,,,,,,,,,,64000084,
64100060,最大HPアップ,パラメータ上昇ボーナス,最大HPを{1}アップ(トランス中永続),1,1,,PARAM_UP,,BURST_PASSIVE,SUPPORT,NEUTRAL,NULL,MAGIC,,120,120,RANK1,0,SELF,,,,,,,,,,,,,,,,,,,,,,,,,,,,,,64100060,
64100061,最大HPアップ+,パラメータ上昇ボーナス,最大HPを{1}アップ(トランス中永続),1,1,,PARAM_UP,,BURST_PASSIVE,SUPPORT,NEUTRAL,NULL,MAGIC,,120,120,RANK1,0,SELF,,,,,,,,,,,,,,,,,,,,,,,,,,,,,,64100061,
64100062,最大HPアップ++,パラメータ上昇ボーナス,最大HPを{1}アップ(トランス中永続),1,1,,PARAM_UP,,BURST_PASSIVE,SUPPORT,NEUTRAL,NULL,MAGIC,,120,120,RANK1,0,SELF,,,,,,,,,,,,,,,,,,,,,,,,,,,,,,64100062,
64100063,最大HPアップ+++,パラメータ上昇ボーナス,最大HPを{1}アップ(トランス中永続),1,1,,PARAM_UP,,BURST_PASSIVE,SUPPORT,NEUTRAL,NULL,MAGIC,,120,120,RANK1,0,SELF,,,,,,,,,,,,,,,,,,,,,,,,,,,,,,64100063,
64100064,最大HPアップ++++,パラメータ上昇ボーナス,最大HPを{1}アップ(トランス中永続),1,1,,PARAM_UP,,BURST_PASSIVE,SUPPORT,NEUTRAL,NULL,MAGIC,,120,120,RANK1,0,SELF,,,,,,,,,,,,,,,,,,,,,,,,,,,,,,64100064,
64100070,物攻 上限突破,パラメータ上昇ボーナス,物理ダメージの上限を{1}アップ(トランス中永続),1,1,,PARAM_UP,,BURST_PASSIVE,SUPPORT,NEUTRAL,NULL,MAGIC,,120,120,RANK1,0,SELF,,,,,,,,,,,,,,,,,,,,,,,,,,,,,,64100070,
64100071,物攻 上限突破+,パラメータ上昇ボーナス,物理ダメージの上限を{1}アップ(トランス中永続),1,1,,PARAM_UP,,BURST_PASSIVE,SUPPORT,NEUTRAL,NULL,MAGIC,,120,120,RANK1,0,SELF,,,,,,,,,,,,,,,,,,,,,,,,,,,,,,64100071,
64100072,物攻 上限突破++,パラメータ上昇ボーナス,物理ダメージの上限を{1}アップ(トランス中永続),1,1,,PARAM_UP,,BURST_PASSIVE,SUPPORT,NEUTRAL,NULL,MAGIC,,120,120,RANK1,0,SELF,,,,,,,,,,,,,,,,,,,,,,,,,,,,,,64100072,
64100073,物攻 上限突破+++,パラメータ上昇ボーナス,物理ダメージの上限を{1}アップ(トランス中永続),1,1,,PARAM_UP,,BURST_PASSIVE,SUPPORT,NEUTRAL,NULL,MAGIC,,120,120,RANK1,0,SELF,,,,,,,,,,,,,,,,,,,,,,,,,,,,,,64100073,
64100074,物攻 上限突破++++,パラメータ上昇ボーナス,物理ダメージの上限を{1}アップ(トランス中永続),1,1,,PARAM_UP,,BURST_PASSIVE,SUPPORT,NEUTRAL,NULL,MAGIC,,120,120,RANK1,0,SELF,,,,,,,,,,,,,,,,,,,,,,,,,,,,,,64100074,
64100080,魔攻 上限突破,パラメータ上昇ボーナス,魔法ダメージの上限を{1}アップ(トランス中永続),1,1,,PARAM_UP,,BURST_PASSIVE,SUPPORT,NEUTRAL,NULL,MAGIC,,120,120,RANK1,0,SELF,,,,,,,,,,,,,,,,,,,,,,,,,,,,,,64100080,
64100081,魔攻 上限突破+,パラメータ上昇ボーナス,魔法ダメージの上限を{1}アップ(トランス中永続),1,1,,PARAM_UP,,BURST_PASSIVE,SUPPORT,NEUTRAL,NULL,MAGIC,,120,120,RANK1,0,SELF,,,,,,,,,,,,,,,,,,,,,,,,,,,,,,64100081,
64100082,魔攻 上限突破++,パラメータ上昇ボーナス,魔法ダメージの上限を{1}アップ(トランス中永続),1,1,,PARAM_UP,,BURST_PASSIVE,SUPPORT,NEUTRAL,NULL,MAGIC,,120,120,RANK1,0,SELF,,,,,,,,,,,,,,,,,,,,,,,,,,,,,,64100082,
64100083,魔攻 上限突破+++,パラメータ上昇ボーナス,魔法ダメージの上限を{1}アップ(トランス中永続),1,1,,PARAM_UP,,BURST_PASSIVE,SUPPORT,NEUTRAL,NULL,MAGIC,,120,120,RANK1,0,SELF,,,,,,,,,,,,,,,,,,,,,,,,,,,,,,64100083,
64100084,魔攻 上限突破++++,パラメータ上昇ボーナス,魔法ダメージの上限を{1}アップ(トランス中永続),1,1,,PARAM_UP,,BURST_PASSIVE,SUPPORT,NEUTRAL,NULL,MAGIC,,120,120,RANK1,0,SELF,,,,,,,,,,,,,,,,,,,,,,,,,,,,,,64100084,
64100100,トランスゲージアップ,パラメータ上昇ボーナス,トランス時/トランスゲージ{1}%アップ,1,1,,PARAM_UP,,BURST_PASSIVE,SUPPORT,NEUTRAL,NULL,MAGIC,,120,120,RANK1,0,SELF,,,,,,,,,,,,,,,,,,,,,,,,,,,,,,64100100,
64100101,トランスゲージアップ+,パラメータ上昇ボーナス,トランス時/トランスゲージ{1}%アップ,1,1,,PARAM_UP,,BURST_PASSIVE,SUPPORT,NEUTRAL,NULL,MAGIC,,120,120,RANK1,0,SELF,,,,,,,,,,,,,,,,,,,,,,,,,,,,,,64100101,
64100102,トランスゲージアップ++,パラメータ上昇ボーナス,トランス時/トランスゲージ{1}%アップ,1,1,,PARAM_UP,,BURST_PASSIVE,SUPPORT,NEUTRAL,NULL,MAGIC,,120,120,RANK1,0,SELF,,,,,,,,,,,,,,,,,,,,,,,,,,,,,,64100102,
64100103,トランスゲージアップ+++,パラメータ上昇ボーナス,トランス時/トランスゲージ{1}%アップ,1,1,,PARAM_UP,,BURST_PASSIVE,SUPPORT,NEUTRAL,NULL,MAGIC,,120,120,RANK1,0,SELF,,,,,,,,,,,,,,,,,,,,,,,,,,,,,,64100103,
64100104,トランスゲージアップ++++,パラメータ上昇ボーナス,トランス時/トランスゲージ{1}%アップ,1,1,,PARAM_UP,,BURST_PASSIVE,SUPPORT,NEUTRAL,NULL,MAGIC,,120,120,RANK1,0,SELF,,,,,,,,,,,,,,,,,,,,,,,,,,,,,,64100104,
64100270,風_物理防御アップ,パラメータ上昇ボーナス,物理防御を{11}アップ(トランス中永続)<BR>メインデッキの風属性1枚につき{1}アップ,11,2,,PARAM_UP,,BURST_PASSIVE,SUPPORT,NEUTRAL,NULL,MAGIC,,120,120,RANK1,0,SELF,,,,,,,,,,,,,,,,,,,,,,,,,,,,,,64100270,
64100271,風_物理防御アップ+,パラメータ上昇ボーナス,物理防御を{11}アップ(トランス中永続)<BR>メインデッキの風属性1枚につき{1}アップ,11,2,,PARAM_UP,,BURST_PASSIVE,SUPPORT,NEUTRAL,NULL,MAGIC,,120,120,RANK1,0,SELF,,,,,,,,,,,,,,,,,,,,,,,,,,,,,,64100271,
64100272,風_物理防御アップ++,パラメータ上昇ボーナス,物理防御を{11}アップ(トランス中永続)<BR>メインデッキの風属性1枚につき{1}アップ,11,2,,PARAM_UP,,BURST_PASSIVE,SUPPORT,NEUTRAL,NULL,MAGIC,,120,120,RANK1,0,SELF,,,,,,,,,,,,,,,,,,,,,,,,,,,,,,64100272,
64100273,風_物理防御アップ+++,パラメータ上昇ボーナス,物理防御を{11}アップ(トランス中永続)<BR>メインデッキの風属性1枚につき{1}アップ,11,2,,PARAM_UP,,BURST_PASSIVE,SUPPORT,NEUTRAL,NULL,MAGIC,,120,120,RANK1,0,SELF,,,,,,,,,,,,,,,,,,,,,,,,,,,,,,64100273,
64100274,風_物理防御アップ++++,パラメータ上昇ボーナス,物理防御を{11}アップ(トランス中永続)<BR>メインデッキの風属性1枚につき{1}アップ,11,2,,PARAM_UP,,BURST_PASSIVE,SUPPORT,NEUTRAL,NULL,MAGIC,,120,120,RANK1,0,SELF,,,,,,,,,,,,,,,,,,,,,,,,,,,,,,64100274,
64100330,氷_魔法防御アップ,パラメータ上昇ボーナス,魔法防御を{11}アップ(トランス中永続)<BR>メインデッキの氷属性1枚につき{1}アップ,11,2,,PARAM_UP,,BURST_PASSIVE,SUPPORT,NEUTRAL,NULL,MAGIC,,120,120,RANK1,0,SELF,,,,,,,,,,,,,,,,,,,,,,,,,,,,,,64100330,
64100331,氷_魔法防御アップ+,パラメータ上昇ボーナス,魔法防御を{11}アップ(トランス中永続)<BR>メインデッキの氷属性1枚につき{1}アップ,11,2,,PARAM_UP,,BURST_PASSIVE,SUPPORT,NEUTRAL,NULL,MAGIC,,120,120,RANK1,0,SELF,,,,,,,,,,,,,,,,,,,,,,,,,,,,,,64100331,
64100332,氷_魔法防御アップ++,パラメータ上昇ボーナス,魔法防御を{11}アップ(トランス中永続)<BR>メインデッキの氷属性1枚につき{1}アップ,11,2,,PARAM_UP,,BURST_PASSIVE,SUPPORT,NEUTRAL,NULL,MAGIC,,120,120,RANK1,0,SELF,,,,,,,,,,,,,,,,,,,,,,,,,,,,,,64100332,
64100333,氷_魔法防御アップ+++,パラメータ上昇ボーナス,魔法防御を{11}アップ(トランス中永続)<BR>メインデッキの氷属性1枚につき{1}アップ,11,2,,PARAM_UP,,BURST_PASSIVE,SUPPORT,NEUTRAL,NULL,MAGIC,,120,120,RANK1,0,SELF,,,,,,,,,,,,,,,,,,,,,,,,,,,,,,64100333,
64100334,氷_魔法防御アップ++++,パラメータ上昇ボーナス,魔法防御を{11}アップ(トランス中永続)<BR>メインデッキの氷属性1枚につき{1}アップ,11,2,,PARAM_UP,,BURST_PASSIVE,SUPPORT,NEUTRAL,NULL,MAGIC,,120,120,RANK1,0,SELF,,,,,,,,,,,,,,,,,,,,,,,,,,,,,,64100334,
64100410,火_最大HPアップ,パラメータ上昇ボーナステスト,最大HPを{11}アップ(トランス中永続)<BR>メインデッキの火属性1枚につき{1}アップ,11,2,,PARAM_UP,,BURST_PASSIVE,SUPPORT,NEUTRAL,NULL,MAGIC,,120,120,RANK1,0,SELF,,,,,,,,,,,,,,,,,,,,,,,,,,,,,,64100410,
64100411,火_最大HPアップ+,パラメータ上昇ボーナステスト,最大HPを{11}アップ(トランス中永続)<BR>メインデッキの火属性1枚につき{1}アップ,11,2,,PARAM_UP,,BURST_PASSIVE,SUPPORT,NEUTRAL,NULL,MAGIC,,120,120,RANK1,0,SELF,,,,,,,,,,,,,,,,,,,,,,,,,,,,,,64100411,
64100412,火_最大HPアップ++,パラメータ上昇ボーナステスト,最大HPを{11}アップ(トランス中永続)<BR>メインデッキの火属性1枚につき{1}アップ,11,2,,PARAM_UP,,BURST_PASSIVE,SUPPORT,NEUTRAL,NULL,MAGIC,,120,120,RANK1,0,SELF,,,,,,,,,,,,,,,,,,,,,,,,,,,,,,64100412,
64100413,火_最大HPアップ+++,パラメータ上昇ボーナステスト,最大HPを{11}アップ(トランス中永続)<BR>メインデッキの火属性1枚につき{1}アップ,11,2,,PARAM_UP,,BURST_PASSIVE,SUPPORT,NEUTRAL,NULL,MAGIC,,120,120,RANK1,0,SELF,,,,,,,,,,,,,,,,,,,,,,,,,,,,,,64100413,
64100414,火_最大HPアップ++++,パラメータ上昇ボーナステスト,最大HPを{11}アップ(トランス中永続)<BR>メインデッキの火属性1枚につき{1}アップ,11,2,,PARAM_UP,,BURST_PASSIVE,SUPPORT,NEUTRAL,NULL,MAGIC,,120,120,RANK1,0,SELF,,,,,,,,,,,,,,,,,,,,,,,,,,,,,,64100414,
64100420,風_最大HPアップ,パラメータ上昇ボーナス,最大HPを{11}アップ(トランス中永続)<BR>メインデッキの風属性1枚につき{1}アップ,11,2,,PARAM_UP,,BURST_PASSIVE,SUPPORT,NEUTRAL,NULL,MAGIC,,120,120,RANK1,0,SELF,,,,,,,,,,,,,,,,,,,,,,,,,,,,,,64100420,
64100421,風_最大HPアップ+,パラメータ上昇ボーナス,最大HPを{11}アップ(トランス中永続)<BR>メインデッキの風属性1枚につき{1}アップ,11,2,,PARAM_UP,,BURST_PASSIVE,SUPPORT,NEUTRAL,NULL,MAGIC,,120,120,RANK1,0,SELF,,,,,,,,,,,,,,,,,,,,,,,,,,,,,,64100421,
64100422,風_最大HPアップ++,パラメータ上昇ボーナス,最大HPを{11}アップ(トランス中永続)<BR>メインデッキの風属性1枚につき{1}アップ,11,2,,PARAM_UP,,BURST_PASSIVE,SUPPORT,NEUTRAL,NULL,MAGIC,,120,120,RANK1,0,SELF,,,,,,,,,,,,,,,,,,,,,,,,,,,,,,64100422,
64100423,風_最大HPアップ+++,パラメータ上昇ボーナス,最大HPを{11}アップ(トランス中永続)<BR>メインデッキの風属性1枚につき{1}アップ,11,2,,PARAM_UP,,BURST_PASSIVE,SUPPORT,NEUTRAL,NULL,MAGIC,,120,120,RANK1,0,SELF,,,,,,,,,,,,,,,,,,,,,,,,,,,,,,64100423,
64100424,風_最大HPアップ++++,パラメータ上昇ボーナス,最大HPを{11}アップ(トランス中永続)<BR>メインデッキの風属性1枚につき{1}アップ,11,2,,PARAM_UP,,BURST_PASSIVE,SUPPORT,NEUTRAL,NULL,MAGIC,,120,120,RANK1,0,SELF,,,,,,,,,,,,,,,,,,,,,,,,,,,,,,64100424,
64100440,光_最大HPアップ,パラメータ上昇ボーナス,最大HPを{11}アップ(トランス中永続)<BR>メインデッキの光属性1枚につき{1}アップ,11,2,,PARAM_UP,,BURST_PASSIVE,SUPPORT,NEUTRAL,NULL,MAGIC,,120,120,RANK1,0,SELF,,,,,,,,,,,,,,,,,,,,,,,,,,,,,,64100440,
64100441,光_最大HPアップ+,パラメータ上昇ボーナス,最大HPを{11}アップ(トランス中永続)<BR>メインデッキの光属性1枚につき{1}アップ,11,2,,PARAM_UP,,BURST_PASSIVE,SUPPORT,NEUTRAL,NULL,MAGIC,,120,120,RANK1,0,SELF,,,,,,,,,,,,,,,,,,,,,,,,,,,,,,64100441,
64100442,光_最大HPアップ++,パラメータ上昇ボーナス,最大HPを{11}アップ(トランス中永続)<BR>メインデッキの光属性1枚につき{1}アップ,11,2,,PARAM_UP,,BURST_PASSIVE,SUPPORT,NEUTRAL,NULL,MAGIC,,120,120,RANK1,0,SELF,,,,,,,,,,,,,,,,,,,,,,,,,,,,,,64100442,
64100443,光_最大HPアップ+++,パラメータ上昇ボーナス,最大HPを{11}アップ(トランス中永続)<BR>メインデッキの光属性1枚につき{1}アップ,11,2,,PARAM_UP,,BURST_PASSIVE,SUPPORT,NEUTRAL,NULL,MAGIC,,120,120,RANK1,0,SELF,,,,,,,,,,,,,,,,,,,,,,,,,,,,,,64100443,
64100444,光_最大HPアップ++++,パラメータ上昇ボーナス,最大HPを{11}アップ(トランス中永続)<BR>メインデッキの光属性1枚につき{1}アップ,11,2,,PARAM_UP,,BURST_PASSIVE,SUPPORT,NEUTRAL,NULL,MAGIC,,120,120,RANK1,0,SELF,,,,,,,,,,,,,,,,,,,,,,,,,,,,,,64100444,
64100480,氷_物攻 上限突破,パラメータ上昇ボーナステスト,物理ダメージの上限を{11}アップ(トランス中永続)<BR>メインデッキの氷属性1枚につき{1}アップ,11,2,,PARAM_UP,,BURST_PASSIVE,SUPPORT,NEUTRAL,NULL,MAGIC,,120,120,RANK1,0,SELF,,,,,,,,,,,,,,,,,,,,,,,,,,,,,,64100480,
64100481,氷_物攻 上限突破+,パラメータ上昇ボーナステスト,物理ダメージの上限を{11}アップ(トランス中永続)<BR>メインデッキの氷属性1枚につき{1}アップ,11,2,,PARAM_UP,,BURST_PASSIVE,SUPPORT,NEUTRAL,NULL,MAGIC,,120,120,RANK1,0,SELF,,,,,,,,,,,,,,,,,,,,,,,,,,,,,,64100481,
64100482,氷_物攻 上限突破++,パラメータ上昇ボーナステスト,物理ダメージの上限を{11}アップ(トランス中永続)<BR>メインデッキの氷属性1枚につき{1}アップ,11,2,,PARAM_UP,,BURST_PASSIVE,SUPPORT,NEUTRAL,NULL,MAGIC,,120,120,RANK1,0,SELF,,,,,,,,,,,,,,,,,,,,,,,,,,,,,,64100482,
64100483,氷_物攻 上限突破+++,パラメータ上昇ボーナステスト,物理ダメージの上限を{11}アップ(トランス中永続)<BR>メインデッキの氷属性1枚につき{1}アップ,11,2,,PARAM_UP,,BURST_PASSIVE,SUPPORT,NEUTRAL,NULL,MAGIC,,120,120,RANK1,0,SELF,,,,,,,,,,,,,,,,,,,,,,,,,,,,,,64100483,
64100484,氷_物攻 上限突破++++,パラメータ上昇ボーナステスト,物理ダメージの上限を{11}アップ(トランス中永続)<BR>メインデッキの氷属性1枚につき{1}アップ,11,2,,PARAM_UP,,BURST_PASSIVE,SUPPORT,NEUTRAL,NULL,MAGIC,,120,120,RANK1,0,SELF,,,,,,,,,,,,,,,,,,,,,,,,,,,,,,64100484,
64100500,闇_物攻 上限突破,パラメータ上昇ボーナス,物理ダメージの上限を{11}アップ(トランス中永続)<BR>メインデッキの闇属性1枚につき{1}アップ,11,2,,PARAM_UP,,BURST_PASSIVE,SUPPORT,NEUTRAL,NULL,MAGIC,,120,120,RANK1,0,SELF,,,,,,,,,,,,,,,,,,,,,,,,,,,,,,64100500,
64100501,闇_物攻 上限突破+,パラメータ上昇ボーナス,物理ダメージの上限を{11}アップ(トランス中永続)<BR>メインデッキの闇属性1枚につき{1}アップ,11,2,,PARAM_UP,,BURST_PASSIVE,SUPPORT,NEUTRAL,NULL,MAGIC,,120,120,RANK1,0,SELF,,,,,,,,,,,,,,,,,,,,,,,,,,,,,,64100501,
64100502,闇_物攻 上限突破++,パラメータ上昇ボーナス,物理ダメージの上限を{11}アップ(トランス中永続)<BR>メインデッキの闇属性1枚につき{1}アップ,11,2,,PARAM_UP,,BURST_PASSIVE,SUPPORT,NEUTRAL,NULL,MAGIC,,120,120,RANK1,0,SELF,,,,,,,,,,,,,,,,,,,,,,,,,,,,,,64100502,
64100503,闇_物攻 上限突破+++,パラメータ上昇ボーナス,物理ダメージの上限を{11}アップ(トランス中永続)<BR>メインデッキの闇属性1枚につき{1}アップ,11,2,,PARAM_UP,,BURST_PASSIVE,SUPPORT,NEUTRAL,NULL,MAGIC,,120,120,RANK1,0,SELF,,,,,,,,,,,,,,,,,,,,,,,,,,,,,,64100503,
64100504,闇_物攻 上限突破++++,パラメータ上昇ボーナス,物理ダメージの上限を{11}アップ(トランス中永続)<BR>メインデッキの闇属性1枚につき{1}アップ,11,2,,PARAM_UP,,BURST_PASSIVE,SUPPORT,NEUTRAL,NULL,MAGIC,,120,120,RANK1,0,SELF,,,,,,,,,,,,,,,,,,,,,,,,,,,,,,64100504,
64100510,火_魔攻 上限突破,パラメータ上昇ボーナス,魔法ダメージの上限を{11}アップ(トランス中永続)<BR>メインデッキの火属性1枚につき{1}アップ,11,2,,PARAM_UP,,BURST_PASSIVE,SUPPORT,NEUTRAL,NULL,MAGIC,,120,120,RANK1,0,SELF,,,,,,,,,,,,,,,,,,,,,,,,,,,,,,64100510,
64100511,火_魔攻 上限突破+,パラメータ上昇ボーナス,魔法ダメージの上限を{11}アップ(トランス中永続)<BR>メインデッキの火属性1枚につき{1}アップ,11,2,,PARAM_UP,,BURST_PASSIVE,SUPPORT,NEUTRAL,NULL,MAGIC,,120,120,RANK1,0,SELF,,,,,,,,,,,,,,,,,,,,,,,,,,,,,,64100511,
64100512,火_魔攻 上限突破++,パラメータ上昇ボーナス,魔法ダメージの上限を{11}アップ(トランス中永続)<BR>メインデッキの火属性1枚につき{1}アップ,11,2,,PARAM_UP,,BURST_PASSIVE,SUPPORT,NEUTRAL,NULL,MAGIC,,120,120,RANK1,0,SELF,,,,,,,,,,,,,,,,,,,,,,,,,,,,,,64100512,
64100513,火_魔攻 上限突破+++,パラメータ上昇ボーナス,魔法ダメージの上限を{11}アップ(トランス中永続)<BR>メインデッキの火属性1枚につき{1}アップ,11,2,,PARAM_UP,,BURST_PASSIVE,SUPPORT,NEUTRAL,NULL,MAGIC,,120,120,RANK1,0,SELF,,,,,,,,,,,,,,,,,,,,,,,,,,,,,,64100513,
64100514,火_魔攻 上限突破++++,パラメータ上昇ボーナス,魔法ダメージの上限を{11}アップ(トランス中永続)<BR>メインデッキの火属性1枚につき{1}アップ,11,2,,PARAM_UP,,BURST_PASSIVE,SUPPORT,NEUTRAL,NULL,MAGIC,,120,120,RANK1,0,SELF,,,,,,,,,,,,,,,,,,,,,,,,,,,,,,64100514,
64100520,風_魔攻 上限突破,パラメータ上昇ボーナステスト,魔法ダメージの上限を{11}アップ(トランス中永続)<BR>メインデッキの風属性1枚につき{1}アップ,11,2,,PARAM_UP,,BURST_PASSIVE,SUPPORT,NEUTRAL,NULL,MAGIC,,120,120,RANK1,0,SELF,,,,,,,,,,,,,,,,,,,,,,,,,,,,,,64100520,
64100521,風_魔攻 上限突破+,パラメータ上昇ボーナステスト,魔法ダメージの上限を{11}アップ(トランス中永続)<BR>メインデッキの風属性1枚につき{1}アップ,11,2,,PARAM_UP,,BURST_PASSIVE,SUPPORT,NEUTRAL,NULL,MAGIC,,120,120,RANK1,0,SELF,,,,,,,,,,,,,,,,,,,,,,,,,,,,,,64100521,
64100522,風_魔攻 上限突破++,パラメータ上昇ボーナステスト,魔法ダメージの上限を{11}アップ(トランス中永続)<BR>メインデッキの風属性1枚につき{1}アップ,11,2,,PARAM_UP,,BURST_PASSIVE,SUPPORT,NEUTRAL,NULL,MAGIC,,120,120,RANK1,0,SELF,,,,,,,,,,,,,,,,,,,,,,,,,,,,,,64100522,
64100523,風_魔攻 上限突破+++,パラメータ上昇ボーナステスト,魔法ダメージの上限を{11}アップ(トランス中永続)<BR>メインデッキの風属性1枚につき{1}アップ,11,2,,PARAM_UP,,BURST_PASSIVE,SUPPORT,NEUTRAL,NULL,MAGIC,,120,120,RANK1,0,SELF,,,,,,,,,,,,,,,,,,,,,,,,,,,,,,64100523,
64100524,風_魔攻 上限突破++++,パラメータ上昇ボーナステスト,魔法ダメージの上限を{11}アップ(トランス中永続)<BR>メインデッキの風属性1枚につき{1}アップ,11,2,,PARAM_UP,,BURST_PASSIVE,SUPPORT,NEUTRAL,NULL,MAGIC,,120,120,RANK1,0,SELF,,,,,,,,,,,,,,,,,,,,,,,,,,,,,,64100524,
64100540,光_魔攻 上限突破,パラメータ上昇ボーナステスト,魔法ダメージの上限を{11}アップ(トランス中永続)<BR>メインデッキの光属性1枚につき{1}アップ,11,2,,PARAM_UP,,BURST_PASSIVE,SUPPORT,NEUTRAL,NULL,MAGIC,,120,120,RANK1,0,SELF,,,,,,,,,,,,,,,,,,,,,,,,,,,,,,64100540,
64100541,光_魔攻 上限突破+,パラメータ上昇ボーナステスト,魔法ダメージの上限を{11}アップ(トランス中永続)<BR>メインデッキの光属性1枚につき{1}アップ,11,2,,PARAM_UP,,BURST_PASSIVE,SUPPORT,NEUTRAL,NULL,MAGIC,,120,120,RANK1,0,SELF,,,,,,,,,,,,,,,,,,,,,,,,,,,,,,64100541,
64100542,光_魔攻 上限突破++,パラメータ上昇ボーナステスト,魔法ダメージの上限を{11}アップ(トランス中永続)<BR>メインデッキの光属性1枚につき{1}アップ,11,2,,PARAM_UP,,BURST_PASSIVE,SUPPORT,NEUTRAL,NULL,MAGIC,,120,120,RANK1,0,SELF,,,,,,,,,,,,,,,,,,,,,,,,,,,,,,64100542,
64100543,光_魔攻 上限突破+++,パラメータ上昇ボーナステスト,魔法ダメージの上限を{11}アップ(トランス中永続)<BR>メインデッキの光属性1枚につき{1}アップ,11,2,,PARAM_UP,,BURST_PASSIVE,SUPPORT,NEUTRAL,NULL,MAGIC,,120,120,RANK1,0,SELF,,,,,,,,,,,,,,,,,,,,,,,,,,,,,,64100543,
64100544,光_魔攻 上限突破++++,パラメータ上昇ボーナステスト,魔法ダメージの上限を{11}アップ(トランス中永続)<BR>メインデッキの光属性1枚につき{1}アップ,11,2,,PARAM_UP,,BURST_PASSIVE,SUPPORT,NEUTRAL,NULL,MAGIC,,120,120,RANK1,0,SELF,,,,,,,,,,,,,,,,,,,,,,,,,,,,,,64100544,
64100550,闇_魔攻 上限突破,パラメータ上昇ボーナステスト,魔法ダメージの上限を{11}アップ(トランス中永続)<BR>メインデッキの闇属性1枚につき{1}アップ,11,2,,PARAM_UP,,BURST_PASSIVE,SUPPORT,NEUTRAL,NULL,MAGIC,,120,120,RANK1,0,SELF,,,,,,,,,,,,,,,,,,,,,,,,,,,,,,64100550,
64100551,闇_魔攻 上限突破+,パラメータ上昇ボーナステスト,魔法ダメージの上限を{11}アップ(トランス中永続)<BR>メインデッキの闇属性1枚につき{1}アップ,11,2,,PARAM_UP,,BURST_PASSIVE,SUPPORT,NEUTRAL,NULL,MAGIC,,120,120,RANK1,0,SELF,,,,,,,,,,,,,,,,,,,,,,,,,,,,,,64100551,
64100552,闇_魔攻 上限突破++,パラメータ上昇ボーナステスト,魔法ダメージの上限を{11}アップ(トランス中永続)<BR>メインデッキの闇属性1枚につき{1}アップ,11,2,,PARAM_UP,,BURST_PASSIVE,SUPPORT,NEUTRAL,NULL,MAGIC,,120,120,RANK1,0,SELF,,,,,,,,,,,,,,,,,,,,,,,,,,,,,,64100552,
64100553,闇_魔攻 上限突破+++,パラメータ上昇ボーナステスト,魔法ダメージの上限を{11}アップ(トランス中永続)<BR>メインデッキの闇属性1枚につき{1}アップ,11,2,,PARAM_UP,,BURST_PASSIVE,SUPPORT,NEUTRAL,NULL,MAGIC,,120,120,RANK1,0,SELF,,,,,,,,,,,,,,,,,,,,,,,,,,,,,,64100553,
64100554,闇_魔攻 上限突破++++,パラメータ上昇ボーナステスト,魔法ダメージの上限を{11}アップ(トランス中永続)<BR>メインデッキの闇属性1枚につき{1}アップ,11,2,,PARAM_UP,,BURST_PASSIVE,SUPPORT,NEUTRAL,NULL,MAGIC,,120,120,RANK1,0,SELF,,,,,,,,,,,,,,,,,,,,,,,,,,,,,,64100554,
65000001,紅蓮剣,手札物理1枚/コスト1減少/1T,手札の[物理]カード1枚/1ターン/コスト1減少,1,1,,PARAM_UP,,NORMAL,SUPPORT,NEUTRAL,NULL,MAGIC,,120,120,RANK1,0,HAND_SELECT,1,,ATTACK,,,,,,,,,,,,,,,,,,,,,,,,,,,65000151,
65000002,焦熱の裁き,自身/物理上限解放/1T,自分/1ターン/物理ダメージの上限を{1}アップ,1,1,,PARAM_UP,,NORMAL,SUPPORT,NEUTRAL,NULL,MAGIC,,120,120,RANK1,0,SELF,,,,,,,,,,,,,,,,,,,,,,,,,,,,,,65100001,
65000003,焦熱の裁き,自身/物理上限解放/1T,自分/1ターン/物理ダメージの上限を{1}アップ,1,1,,PARAM_UP,,NORMAL,SUPPORT,NEUTRAL,NULL,MAGIC,,120,120,RANK1,0,SELF,,,,,,,,,,,,,,,,,,,,,,,,,,,,,,65100002,
65000004,焦熱の裁き,自身/物理上限解放/1T,自分/1ターン/物理ダメージの上限を{1}アップ,1,1,,PARAM_UP,,NORMAL,SUPPORT,NEUTRAL,NULL,MAGIC,,120,120,RANK1,0,SELF,,,,,,,,,,,,,,,,,,,,,,,,,,,,,,65100003,
65000005,焦熱の裁き,自身/物理上限解放/1T,自分/1ターン/物理ダメージの上限を{1}アップ,1,1,,PARAM_UP,,NORMAL,SUPPORT,NEUTRAL,NULL,MAGIC,,120,120,RANK1,0,SELF,,,,,,,,,,,,,,,,,,,,,,,,,,,,,,65100004,
65000006,赫鎧砕き,物理1枚貫通70%付与,手札の[物理]カード1枚/1ターン/全防御を70%無視する効果を付与,1,1,,PARAM_UP,,NORMAL,SUPPORT,NEUTRAL,NULL,MAGIC,,120,120,RANK1,0,HAND_SELECT,1,,ATTACK,,,,,,,,,,,,,,,,,,,,,,,,,,,65000183,
65000007,魔剣の加護,手札防御1枚/コスト1減少,手札の[防御]カード1枚/1ターン/コスト1減少,1,1,,PARAM_UP,,NORMAL,SUPPORT,NEUTRAL,NULL,MAGIC,,120,120,RANK1,0,HAND_SELECT,1,,DEFENSE,,,,,,,,,,,,,,,,,,,,,,,,,,,65000171,
65000008,聖剣の加護,味方全員/物理防御アップ,味方全員/1ターン/物理防御を{1}アップ,1,1,,PARAM_UP,,NORMAL,SUPPORT,NEUTRAL,NULL,MAGIC,,120,120,RANK1,0,USER_ALL,,,,,,,,,,,,,,,,,,,,,,,,,,,,,,65100005,
65000009,聖剣の加護,味方全員/物理防御アップ,味方全員/1ターン/物理防御を{1}アップ,1,1,,PARAM_UP,,NORMAL,SUPPORT,NEUTRAL,NULL,MAGIC,,120,120,RANK1,0,USER_ALL,,,,,,,,,,,,,,,,,,,,,,,,,,,,,,65100006,
65000010,聖剣の加護,味方全員/物理防御アップ,味方全員/1ターン/物理防御を{1}アップ,1,1,,PARAM_UP,,NORMAL,SUPPORT,NEUTRAL,NULL,MAGIC,,120,120,RANK1,0,USER_ALL,,,,,,,,,,,,,,,,,,,,,,,,,,,,,,65100007,
65000011,聖剣の加護,味方全員/物理防御アップ,味方全員/1ターン/物理防御を{1}アップ,1,1,,PARAM_UP,,NORMAL,SUPPORT,NEUTRAL,NULL,MAGIC,,120,120,RANK1,0,USER_ALL,,,,,,,,,,,,,,,,,,,,,,,,,,,,,,65100008,
65000012,王妃の加護,手札2枚保持/再ドロー,手札のカード2枚保持/手札が5枚になるように再ドロー,1,1,,PARAM_UP,,NORMAL,SUPPORT,NEUTRAL,NULL,MAGIC,,120,120,RANK1,0,HAND_SELECT,2,,,,,,,,,,,,,,,,,,,,,,,,,,,,,65000180,
65000013,死別研究,手札魔法1枚/コスト1減少,手札の[魔法]カード1枚/1ターン/コスト1減少,1,1,,PARAM_UP,,NORMAL,SUPPORT,NEUTRAL,NULL,MAGIC,,120,120,RANK1,0,HAND_SELECT,1,,SORCERY,,,,,,,,,,,,,,,,,,,,,,,,,,,65000156,
65000014,暴走,味方一人/魔法攻撃力UP,味方1人/1ターン/魔法ダメージを{1}アップ,1,1,,PARAM_UP,,NORMAL,SUPPORT,NEUTRAL,NULL,MAGIC,,120,120,RANK1,0,USER_ONE,,,,,,,,,,,,,,,,,,,,,,,,,,,,,,65100009,
65000015,暴走,味方一人/魔法攻撃力UP,味方1人/1ターン/魔法ダメージを{1}アップ,1,1,,PARAM_UP,,NORMAL,SUPPORT,NEUTRAL,NULL,MAGIC,,120,120,RANK1,0,USER_ONE,,,,,,,,,,,,,,,,,,,,,,,,,,,,,,65100010,
65000016,暴走,味方一人/魔法攻撃力UP,味方1人/1ターン/魔法ダメージを{1}アップ,1,1,,PARAM_UP,,NORMAL,SUPPORT,NEUTRAL,NULL,MAGIC,,120,120,RANK1,0,USER_ONE,,,,,,,,,,,,,,,,,,,,,,,,,,,,,,65100011,
65000017,暴走,味方一人/魔法攻撃力UP,味方1人/1ターン/魔法ダメージを{1}アップ,1,1,,PARAM_UP,,NORMAL,SUPPORT,NEUTRAL,NULL,MAGIC,,120,120,RANK1,0,USER_ONE,,,,,,,,,,,,,,,,,,,,,,,,,,,,,,65100012,
65000018,フェイタルバスターズ,手札妨害3枚/コスト1減少,手札の[妨害]カード3枚/1ターン/コスト1減少,1,1,,PARAM_UP,,NORMAL,SUPPORT,NEUTRAL,NULL,MAGIC,,120,120,RANK1,0,HAND_SELECT,3,,JAMMING,,,,,,,,,,,,,,,,,,,,,,,,,,,65000166,
65000019,高速詠唱,手札支援1枚/コスト1減少,手札の[支援]カード1枚/1ターン/コスト1減少,1,1,,PARAM_UP,,NORMAL,SUPPORT,NEUTRAL,NULL,MAGIC,,120,120,RANK1,0,HAND_SELECT,1,,SUPPORT,,,,,,,,,,,,,,,,,,,,,,,,,,,65000161,
65000020,崩壊の術式,味方全体/魔法攻撃UP,味方全員/1ターン/魔法ダメージを{1}アップ,1,1,,PARAM_UP,,NORMAL,SUPPORT,NEUTRAL,NULL,MAGIC,,120,120,RANK1,0,USER_ALL,,,,,,,,,,,,,,,,,,,,,,,,,,,,,,65100013,
65000021,崩壊の術式,味方全体/魔法攻撃UP,味方全員/1ターン/魔法ダメージを{1}アップ,1,1,,PARAM_UP,,NORMAL,SUPPORT,NEUTRAL,NULL,MAGIC,,120,120,RANK1,0,USER_ALL,,,,,,,,,,,,,,,,,,,,,,,,,,,,,,65100014,
65000022,崩壊の術式,味方全体/魔法攻撃UP,味方全員/1ターン/魔法ダメージを{1}アップ,1,1,,PARAM_UP,,NORMAL,SUPPORT,NEUTRAL,NULL,MAGIC,,120,120,RANK1,0,USER_ALL,,,,,,,,,,,,,,,,,,,,,,,,,,,,,,65100015,
65000023,崩壊の術式,味方全体/魔法攻撃UP,味方全員/1ターン/魔法ダメージを{1}アップ,1,1,,PARAM_UP,,NORMAL,SUPPORT,NEUTRAL,NULL,MAGIC,,120,120,RANK1,0,USER_ALL,,,,,,,,,,,,,,,,,,,,,,,,,,,,,,65100016,
65000024,光芒魔導,全体ゲージアップ/30%,味方全員/トランスゲージを30%アップ,1,1,,PARAM_UP,,NORMAL,SUPPORT,NEUTRAL,NULL,MAGIC,,120,120,RANK1,0,USER_ALL,,,,,,,,,,,,,,,,,,,,,,,,,,,,,,65000223,
65000025,お料理の時間です,味方全体/物魔攻撃UP,味方全員/1ターン/全ダメージを{1}アップ,1,1,,PARAM_UP,,NORMAL,SUPPORT,NEUTRAL,NULL,MAGIC,,120,120,RANK1,0,USER_ALL,,,,,,,,,,,,,,,,,,,,,,,,,,,,,,65100018,
65000026,お料理の時間です,味方全体/物魔攻撃UP,味方全員/1ターン/全ダメージを{1}アップ,1,1,,PARAM_UP,,NORMAL,SUPPORT,NEUTRAL,NULL,MAGIC,,120,120,RANK1,0,USER_ALL,,,,,,,,,,,,,,,,,,,,,,,,,,,,,,65100019,
65000027,お料理の時間です,味方全体/物魔攻撃UP,味方全員/1ターン/全ダメージを{1}アップ,1,1,,PARAM_UP,,NORMAL,SUPPORT,NEUTRAL,NULL,MAGIC,,120,120,RANK1,0,USER_ALL,,,,,,,,,,,,,,,,,,,,,,,,,,,,,,65100020,
65000028,お料理の時間です,味方全体/物魔攻撃UP,味方全員/1ターン/全ダメージを{1}アップ,1,1,,PARAM_UP,,NORMAL,SUPPORT,NEUTRAL,NULL,MAGIC,,120,120,RANK1,0,USER_ALL,,,,,,,,,,,,,,,,,,,,,,,,,,,,,,65100021,
65000029,お料理の時間です,味方全体/物魔攻撃UP,味方全員/1ターン/全ダメージを{1}アップ,1,1,,PARAM_UP,,NORMAL,SUPPORT,NEUTRAL,NULL,MAGIC,,120,120,RANK1,0,USER_ALL,,,,,,,,,,,,,,,,,,,,,,,,,,,,,,65100022,
65000030,お掃除の時間です,火魔法1枚/貫通60%,手札の火属性[魔法]カード1枚/1ターン/全防御を60%無視する効果を付与,1,1,,PARAM_UP,,NORMAL,SUPPORT,NEUTRAL,NULL,MAGIC,,120,120,RANK1,0,HAND_SELECT,1,FIRE,SORCERY,,,,,,,,,,,,,,,,,,,,,,,,,,,65000182,
65000031,スカアハ様の命令です,火1枚保持/再ドロー,手札の火属性カード1枚保持/手札が5枚になるように再ドロー,1,1,,PARAM_UP,,NORMAL,SUPPORT,NEUTRAL,NULL,MAGIC,,120,120,RANK1,0,HAND_SELECT,1,FIRE,,,,,,,,,,,,,,,,,,,,,,,,,,,,65000180,
65000032,勝利のルーン,全体/物理攻撃アップ,味方全員/1ターン/物理ダメージを{1}アップ,1,1,,PARAM_UP,,NORMAL,SUPPORT,NEUTRAL,NULL,MAGIC,,120,120,RANK1,0,USER_ALL,,,,,,,,,,,,,,,,,,,,,,,,,,,,,,65100023,
65000033,勝利のルーン,全体/物理攻撃アップ,味方全員/1ターン/物理ダメージを{1}アップ,1,1,,PARAM_UP,,NORMAL,SUPPORT,NEUTRAL,NULL,MAGIC,,120,120,RANK1,0,USER_ALL,,,,,,,,,,,,,,,,,,,,,,,,,,,,,,65100024,
65000034,勝利のルーン,全体/物理攻撃アップ,味方全員/1ターン/物理ダメージを{1}アップ,1,1,,PARAM_UP,,NORMAL,SUPPORT,NEUTRAL,NULL,MAGIC,,120,120,RANK1,0,USER_ALL,,,,,,,,,,,,,,,,,,,,,,,,,,,,,,65100025,
65000035,勝利のルーン,全体/物理攻撃アップ,味方全員/1ターン/物理ダメージを{1}アップ,1,1,,PARAM_UP,,NORMAL,SUPPORT,NEUTRAL,NULL,MAGIC,,120,120,RANK1,0,USER_ALL,,,,,,,,,,,,,,,,,,,,,,,,,,,,,,65100026,
65000036,勝利のルーン,全体/物理攻撃アップ,味方全員/1ターン/物理ダメージを{1}アップ,1,1,,PARAM_UP,,NORMAL,SUPPORT,NEUTRAL,NULL,MAGIC,,120,120,RANK1,0,USER_ALL,,,,,,,,,,,,,,,,,,,,,,,,,,,,,,65100027,
65000037,運命の選定者 ,風2枚/コスト1減少,手札の風属性カード2枚/1ターン/コスト1減少,1,1,,PARAM_UP,,NORMAL,SUPPORT,NEUTRAL,NULL,MAGIC,,120,120,RANK1,0,HAND_SELECT,2,WIND,,,,,,,,,,,,,,,,,,,,,,,,,,,,65000051,
65000038,喜びの世界-グラズヘイム-,手札全体/コスト1減少,手札のカード全て/1ターン/コスト1減少,1,1,,PARAM_UP,,NORMAL,SUPPORT,NEUTRAL,NULL,MAGIC,,120,120,RANK1,0,HAND_ALL,,,,,,,,,,,,,,,,,,,,,,,,,,,,,,65000001,
65000039,アーサーは私が守るんだ！,味方全体/魔防バフ,味方全員/1ターン/魔法防御を{1}アップ,1,1,,PARAM_UP,,NORMAL,SUPPORT,NEUTRAL,NULL,MAGIC,,120,120,RANK1,0,USER_ALL,,,,,,,,,,,,,,,,,,,,,,,,,,,,,,65100028,
65000040,アーサーは私が守るんだ！,味方全体/魔防バフ,味方全員/1ターン/魔法防御を{1}アップ,1,1,,PARAM_UP,,NORMAL,SUPPORT,NEUTRAL,NULL,MAGIC,,120,120,RANK1,0,USER_ALL,,,,,,,,,,,,,,,,,,,,,,,,,,,,,,65100029,
65000041,アーサーは私が守るんだ！,味方全体/魔防バフ,味方全員/1ターン/魔法防御を{1}アップ,1,1,,PARAM_UP,,NORMAL,SUPPORT,NEUTRAL,NULL,MAGIC,,120,120,RANK1,0,USER_ALL,,,,,,,,,,,,,,,,,,,,,,,,,,,,,,65100030,
65000042,アーサーは私が守るんだ！,味方全体/魔防バフ,味方全員/1ターン/魔法防御を{1}アップ,1,1,,PARAM_UP,,NORMAL,SUPPORT,NEUTRAL,NULL,MAGIC,,120,120,RANK1,0,USER_ALL,,,,,,,,,,,,,,,,,,,,,,,,,,,,,,65100031,
65000043,アーサーは私が守るんだ！,味方全体/魔防バフ,味方全員/1ターン/魔法防御を{1}アップ,1,1,,PARAM_UP,,NORMAL,SUPPORT,NEUTRAL,NULL,MAGIC,,120,120,RANK1,0,USER_ALL,,,,,,,,,,,,,,,,,,,,,,,,,,,,,,65100032,
65000044,一緒にごはん食べよ！,一人/ゲージアップ/80%,味方1人/トランスゲージを80%アップ,1,1,,PARAM_UP,,NORMAL,SUPPORT,NEUTRAL,NULL,MAGIC,,120,120,RANK1,0,USER_ONE,,,,,,,,,,,,,,,,,,,,,,,,,,,,,,65000218,
65000045,アーサー大好き！,光物理/物攻回数2回付与,手札の光属性[物理]カード1枚/1ターン/物理攻撃回数2回化を付与,1,1,,PARAM_UP,,NORMAL,SUPPORT,NEUTRAL,NULL,MAGIC,,120,120,RANK1,0,HAND_SELECT,1,LIGHT,ATTACK,,,,,,,,,,,,,,,,,,,,,,,,,,,65000203,
65000046,そよ風が撫でるように,全体/風追加攻撃付与,味方全員/1ターン/{1}の風追加ダメージを付与,1,1,,PARAM_UP,,NORMAL,SUPPORT,NEUTRAL,NULL,MAGIC,,120,120,RANK1,0,USER_ALL,,,,,,,,,,,,,,,,,,,,,,,,,,,,,,65100033,
65000047,そよ風が撫でるように,全体/風追加攻撃付与,味方全員/1ターン/{1}の風追加ダメージを付与,1,1,,PARAM_UP,,NORMAL,SUPPORT,NEUTRAL,NULL,MAGIC,,120,120,RANK1,0,USER_ALL,,,,,,,,,,,,,,,,,,,,,,,,,,,,,,65100034,
65000048,そよ風が撫でるように,全体/風追加攻撃付与,味方全員/1ターン/{1}の風追加ダメージを付与,1,1,,PARAM_UP,,NORMAL,SUPPORT,NEUTRAL,NULL,MAGIC,,120,120,RANK1,0,USER_ALL,,,,,,,,,,,,,,,,,,,,,,,,,,,,,,65100035,
65000049,そよ風が撫でるように,全体/風追加攻撃付与,味方全員/1ターン/{1}の風追加ダメージを付与,1,1,,PARAM_UP,,NORMAL,SUPPORT,NEUTRAL,NULL,MAGIC,,120,120,RANK1,0,USER_ALL,,,,,,,,,,,,,,,,,,,,,,,,,,,,,,65100036,
65000050,そよ風が撫でるように,全体/風追加攻撃付与,味方全員/1ターン/{1}の風追加ダメージを付与,1,1,,PARAM_UP,,NORMAL,SUPPORT,NEUTRAL,NULL,MAGIC,,120,120,RANK1,0,USER_ALL,,,,,,,,,,,,,,,,,,,,,,,,,,,,,,65100037,
65000051,虹の祈り,全体/魔上限/魔攻UP,味方全員/1ターン/魔法ダメージの上限と魔法ダメージを{1}アップ,1,1,,PARAM_UP,,NORMAL,SUPPORT,NEUTRAL,NULL,MAGIC,,120,120,RANK1,0,USER_ALL,,,,,,,,,,,,,,,,,,,,,,,,,,,,,,65100038,
65000052,虹の祈り,全体/魔上限/魔攻UP,味方全員/1ターン/魔法ダメージの上限と魔法ダメージを{1}アップ,1,1,,PARAM_UP,,NORMAL,SUPPORT,NEUTRAL,NULL,MAGIC,,120,120,RANK1,0,USER_ALL,,,,,,,,,,,,,,,,,,,,,,,,,,,,,,65100039,
65000053,虹の祈り,全体/魔上限/魔攻UP,味方全員/1ターン/魔法ダメージの上限と魔法ダメージを{1}アップ,1,1,,PARAM_UP,,NORMAL,SUPPORT,NEUTRAL,NULL,MAGIC,,120,120,RANK1,0,USER_ALL,,,,,,,,,,,,,,,,,,,,,,,,,,,,,,65100040,
65000054,虹の祈り,全体/魔上限/魔攻UP,味方全員/1ターン/魔法ダメージの上限と魔法ダメージを{1}アップ,1,1,,PARAM_UP,,NORMAL,SUPPORT,NEUTRAL,NULL,MAGIC,,120,120,RANK1,0,USER_ALL,,,,,,,,,,,,,,,,,,,,,,,,,,,,,,65100041,
65000055,虹の祈り,全体/魔上限/魔攻UP,味方全員/1ターン/魔法ダメージの上限と魔法ダメージを{1}アップ,1,1,,PARAM_UP,,NORMAL,SUPPORT,NEUTRAL,NULL,MAGIC,,120,120,RANK1,0,USER_ALL,,,,,,,,,,,,,,,,,,,,,,,,,,,,,,65100042,
65000056,サイレントヴォイス,手札風1枚保持/再ドロー,手札の風属性カード1枚保持/手札が5枚になるように再ドロー,1,1,,PARAM_UP,,NORMAL,SUPPORT,NEUTRAL,NULL,MAGIC,,120,120,RANK1,0,HAND_SELECT,1,WIND,,,,,,,,,,,,,,,,,,,,,,,,,,,,65000180,
65000057,フォームチェンジ,手札1枚/コスト1減少,手札のカード１枚/1ターン/コスト1減少,1,1,,PARAM_UP,,NORMAL,SUPPORT,NEUTRAL,NULL,MAGIC,,120,120,RANK1,0,HAND_SELECT,1,,,,,,,,,,,,,,,,,,,,,,,,,,,,,65000001,
65000058,マジ☆カワコーディネート,全体/両面防御アップ,味方全員/1ターン/全防御を{1}アップ,1,1,,PARAM_UP,,NORMAL,SUPPORT,NEUTRAL,NULL,MAGIC,,120,120,RANK1,0,USER_ALL,,,,,,,,,,,,,,,,,,,,,,,,,,,,,,65100043,
65000059,マジ☆カワコーディネート,全体/両面防御アップ,味方全員/1ターン/全防御を{1}アップ,1,1,,PARAM_UP,,NORMAL,SUPPORT,NEUTRAL,NULL,MAGIC,,120,120,RANK1,0,USER_ALL,,,,,,,,,,,,,,,,,,,,,,,,,,,,,,65100044,
65000060,マジ☆カワコーディネート,全体/両面防御アップ,味方全員/1ターン/全防御を{1}アップ,1,1,,PARAM_UP,,NORMAL,SUPPORT,NEUTRAL,NULL,MAGIC,,120,120,RANK1,0,USER_ALL,,,,,,,,,,,,,,,,,,,,,,,,,,,,,,65100045,
65000061,マジ☆カワコーディネート,全体/両面防御アップ,味方全員/1ターン/全防御を{1}アップ,1,1,,PARAM_UP,,NORMAL,SUPPORT,NEUTRAL,NULL,MAGIC,,120,120,RANK1,0,USER_ALL,,,,,,,,,,,,,,,,,,,,,,,,,,,,,,65100046,
65000062,マジ☆カワコーディネート,全体/両面防御アップ,味方全員/1ターン/全防御を{1}アップ,1,1,,PARAM_UP,,NORMAL,SUPPORT,NEUTRAL,NULL,MAGIC,,120,120,RANK1,0,USER_ALL,,,,,,,,,,,,,,,,,,,,,,,,,,,,,,65100047,
65000063,マジカル☆正拳突き,種族/物攻1枚/120％,手札の[物理]カード1枚/1ターン/敵に<BR>[心象タイプ:堕落]がいた場合、選択したカードの物理ダメージを120%アップ,1,1,,PARAM_UP,,NORMAL,SUPPORT,NEUTRAL,NULL,MAGIC,,120,120,RANK1,0,HAND_SELECT,1,,ATTACK,,,,,,,,,,,,,,,,,,,,,,,,,,,65100071,
65000064,神明裁判,一人/物魔上限アップ,味方1人/1ターン/全ダメージの上限を{1}アップ,1,1,,PARAM_UP,,NORMAL,SUPPORT,NEUTRAL,NULL,MAGIC,,120,120,RANK1,0,USER_ONE,,,,,,,,,,,,,,,,,,,,,,,,,,,,,,65100048,
65000065,神明裁判,一人/物魔上限アップ,味方1人/1ターン/全ダメージの上限を{1}アップ,1,1,,PARAM_UP,,NORMAL,SUPPORT,NEUTRAL,NULL,MAGIC,,120,120,RANK1,0,USER_ONE,,,,,,,,,,,,,,,,,,,,,,,,,,,,,,65100049,
65000066,神明裁判,一人/物魔上限アップ,味方1人/1ターン/全ダメージの上限を{1}アップ,1,1,,PARAM_UP,,NORMAL,SUPPORT,NEUTRAL,NULL,MAGIC,,120,120,RANK1,0,USER_ONE,,,,,,,,,,,,,,,,,,,,,,,,,,,,,,65100050,
65000067,神明裁判,一人/物魔上限アップ,味方1人/1ターン/全ダメージの上限を{1}アップ,1,1,,PARAM_UP,,NORMAL,SUPPORT,NEUTRAL,NULL,MAGIC,,120,120,RANK1,0,USER_ONE,,,,,,,,,,,,,,,,,,,,,,,,,,,,,,65100051,
65000068,神明裁判,一人/物魔上限アップ,味方1人/1ターン/全ダメージの上限を{1}アップ,1,1,,PARAM_UP,,NORMAL,SUPPORT,NEUTRAL,NULL,MAGIC,,120,120,RANK1,0,USER_ONE,,,,,,,,,,,,,,,,,,,,,,,,,,,,,,65100052,
65000069,黄金の鎖,支援1枚/物バフ100%,手札の[支援]カード1枚/1ターン/敵に<BR>[心象タイプ:技巧]がいた場合、選択したカードの物理ダメージアップ効果を100%アップ,1,1,,PARAM_UP,,NORMAL,SUPPORT,NEUTRAL,NULL,MAGIC,,120,120,RANK1,0,HAND_SELECT,1,,SUPPORT,,,,,,,,,,,,,,,,,,,,,,,,,,,65100069,
65000070,白鳥の騎士,コス3以上2枚/2減少,手札の3コスト以上カード2枚/1ターン/コスト2減少,1,1,,PARAM_UP,,NORMAL,SUPPORT,NEUTRAL,NULL,MAGIC,,120,120,RANK1,0,HAND_SELECT,2,,,3,9,,,,,,,,,,,,,,,,,,,,,,,,,65000012,
65000071,すすり泣き,一人/ゲージ60%UP,味方1人/トランスゲージを60%アップ,1,1,,PARAM_UP,,NORMAL,SUPPORT,NEUTRAL,NULL,MAGIC,,120,120,RANK1,0,USER_ONE,,,,,,,,,,,,,,,,,,,,,,,,,,,,,,65000216,
65000072,精霊の導き,種族/防御1枚/魔防120%,手札の[防御]カード1枚/1ターン/敵に<BR>[心象タイプ:魔法]がいた場合、選択したカードの魔法防御アップ効果を120%アップ,1,1,,PARAM_UP,,NORMAL,SUPPORT,NEUTRAL,NULL,MAGIC,,120,120,RANK1,0,HAND_SELECT,1,,DEFENSE,,,,,,,,,,,,,,,,,,,,,,,,,,,65100070,
65000073,星空より落ちたもの,全体/物魔上限_物魔アップ,味方全員/1ターン/全ダメージと全ダメージの上限を<BR>{1}アップ,1,1,,PARAM_UP,,NORMAL,SUPPORT,NEUTRAL,NULL,MAGIC,,120,120,RANK1,0,USER_ALL,,,,,,,,,,,,,,,,,,,,,,,,,,,,,,65100053,
65000074,星空より落ちたもの,全体/物魔上限_物魔アップ,味方全員/1ターン/全ダメージと全ダメージの上限を<BR>{1}アップ,1,1,,PARAM_UP,,NORMAL,SUPPORT,NEUTRAL,NULL,MAGIC,,120,120,RANK1,0,USER_ALL,,,,,,,,,,,,,,,,,,,,,,,,,,,,,,65100054,
65000075,星空より落ちたもの,全体/物魔上限_物魔アップ,味方全員/1ターン/全ダメージと全ダメージの上限を<BR>{1}アップ,1,1,,PARAM_UP,,NORMAL,SUPPORT,NEUTRAL,NULL,MAGIC,,120,120,RANK1,0,USER_ALL,,,,,,,,,,,,,,,,,,,,,,,,,,,,,,65100055,
65000076,星空より落ちたもの,全体/物魔上限_物魔アップ,味方全員/1ターン/全ダメージと全ダメージの上限を<BR>{1}アップ,1,1,,PARAM_UP,,NORMAL,SUPPORT,NEUTRAL,NULL,MAGIC,,120,120,RANK1,0,USER_ALL,,,,,,,,,,,,,,,,,,,,,,,,,,,,,,65100056,
65000077,星空より落ちたもの,全体/物魔上限_物魔アップ,味方全員/1ターン/全ダメージと全ダメージの上限を<BR>{1}アップ,1,1,,PARAM_UP,,NORMAL,SUPPORT,NEUTRAL,NULL,MAGIC,,120,120,RANK1,0,USER_ALL,,,,,,,,,,,,,,,,,,,,,,,,,,,,,,65100057,
65000078,クリアリング,闇属性1枚/コスト1減少,手札の闇属性カード1枚/1ターン/コスト1減少,1,1,,PARAM_UP,,NORMAL,SUPPORT,NEUTRAL,NULL,MAGIC,,120,120,RANK1,0,HAND_SELECT,1,DARK,,,,,,,,,,,,,,,,,,,,,,,,,,,,65000126,
65000079,ダメージディーラー,全体ゲージ30％UP,味方全員/トランスゲージを30%アップ,1,1,,PARAM_UP,,NORMAL,SUPPORT,NEUTRAL,NULL,MAGIC,,120,120,RANK1,0,USER_ALL,,,,,,,,,,,,,,,,,,,,,,,,,,,,,,65000223,
65000080,デスペナルティ,種族/魔攻/魔ダメ120％,手札の[魔法]カード1枚/1ターン/敵に<BR>[心象タイプ:剣術]がいた場合、選択したカードの魔法ダメージを120%アップ,1,1,,PARAM_UP,,NORMAL,SUPPORT,NEUTRAL,NULL,MAGIC,,120,120,RANK1,0,HAND_SELECT,1,,SORCERY,,,,,,,,,,,,,,,,,,,,,,,,,,,65100068,
65000081,覇導,全体/魔法攻撃アップ,味方全員/1ターン/魔法ダメージを{1}アップ,1,1,,PARAM_UP,,NORMAL,SUPPORT,NEUTRAL,NULL,MAGIC,,120,120,RANK1,0,USER_ALL,,,,,,,,,,,,,,,,,,,,,,,,,,,,,,65100058,
65000082,覇導,全体/魔法攻撃アップ,味方全員/1ターン/魔法ダメージを{1}アップ,1,1,,PARAM_UP,,NORMAL,SUPPORT,NEUTRAL,NULL,MAGIC,,120,120,RANK1,0,USER_ALL,,,,,,,,,,,,,,,,,,,,,,,,,,,,,,65100059,
65000083,覇導,全体/魔法攻撃アップ,味方全員/1ターン/魔法ダメージを{1}アップ,1,1,,PARAM_UP,,NORMAL,SUPPORT,NEUTRAL,NULL,MAGIC,,120,120,RANK1,0,USER_ALL,,,,,,,,,,,,,,,,,,,,,,,,,,,,,,65100060,
65000084,覇導,全体/魔法攻撃アップ,味方全員/1ターン/魔法ダメージを{1}アップ,1,1,,PARAM_UP,,NORMAL,SUPPORT,NEUTRAL,NULL,MAGIC,,120,120,RANK1,0,USER_ALL,,,,,,,,,,,,,,,,,,,,,,,,,,,,,,65100061,
65000085,覇導,全体/魔法攻撃アップ,味方全員/1ターン/魔法ダメージを{1}アップ,1,1,,PARAM_UP,,NORMAL,SUPPORT,NEUTRAL,NULL,MAGIC,,120,120,RANK1,0,USER_ALL,,,,,,,,,,,,,,,,,,,,,,,,,,,,,,65100062,
65000086,エクスカリバーorigin,光属性/1枚/コスト2減少,手札の光属性カード1枚/1ターン/コスト2減少,1,1,,PARAM_UP,,NORMAL,SUPPORT,NEUTRAL,NULL,MAGIC,,120,120,RANK1,0,HAND_SELECT,1,LIGHT,,,,,,,,,,,,,,,,,,,,,,,,,,,,65000102,
65000087,偽[円卓の騎士],闇魔法1枚/魔法攻撃回数2,手札の闇属性[魔法]カード1枚/1ターン/魔法攻撃回数2回化を付与,1,1,,PARAM_UP,,NORMAL,SUPPORT,NEUTRAL,NULL,MAGIC,,120,120,RANK1,0,HAND_SELECT,1,DARK,SORCERY,,,,,,,,,,,,,,,,,,,,,,,,,,,65000206,
65000088,王の因子,一人/両面上限アップ,味方1人/1ターン/全ダメージの上限を{1}アップ,1,1,,PARAM_UP,,NORMAL,SUPPORT,NEUTRAL,NULL,MAGIC,,120,120,RANK1,0,USER_ONE,,,,,,,,,,,,,,,,,,,,,,,,,,,,,,65100063,
65000089,王の因子,一人/両面上限アップ,味方1人/1ターン/全ダメージの上限を{1}アップ,1,1,,PARAM_UP,,NORMAL,SUPPORT,NEUTRAL,NULL,MAGIC,,120,120,RANK1,0,USER_ONE,,,,,,,,,,,,,,,,,,,,,,,,,,,,,,65100064,
65000090,王の因子,一人/両面上限アップ,味方1人/1ターン/全ダメージの上限を{1}アップ,1,1,,PARAM_UP,,NORMAL,SUPPORT,NEUTRAL,NULL,MAGIC,,120,120,RANK1,0,USER_ONE,,,,,,,,,,,,,,,,,,,,,,,,,,,,,,65100065,
65000091,王の因子,一人/両面上限アップ,味方1人/1ターン/全ダメージの上限を{1}アップ,1,1,,PARAM_UP,,NORMAL,SUPPORT,NEUTRAL,NULL,MAGIC,,120,120,RANK1,0,USER_ONE,,,,,,,,,,,,,,,,,,,,,,,,,,,,,,65100066,
65000092,王の因子,一人/両面上限アップ,味方1人/1ターン/全ダメージの上限を{1}アップ,1,1,,PARAM_UP,,NORMAL,SUPPORT,NEUTRAL,NULL,MAGIC,,120,120,RANK1,0,USER_ONE,,,,,,,,,,,,,,,,,,,,,,,,,,,,,,65100067,
65000093,魔女の因子,闇属性/1枚/コスト2減少,手札の闇属性カード1枚/1ターン/コスト2減少,1,1,,PARAM_UP,,NORMAL,SUPPORT,NEUTRAL,NULL,MAGIC,,120,120,RANK1,0,HAND_SELECT,1,DARK,,,,,,,,,,,,,,,,,,,,,,,,,,,,65000127,
65000094,クラレントオーバーキル,氷物理/貫通80%,手札の氷属性[物理]カード1枚/1ターン/全防御を80%無視する効果を付与,1,1,,PARAM_UP,,NORMAL,SUPPORT,NEUTRAL,NULL,MAGIC,,120,120,RANK1,0,HAND_SELECT,1,ICE,ATTACK,,,,,,,,,,,,,,,,,,,,,,,,,,,65000184,
65000100,天狼連牙,味方1人/1ターン/物理ダメージアップ,味方1人/1ターン/物理ダメージを{1}アップ,1,1,,PARAM_UP,,NORMAL,SUPPORT,NEUTRAL,NULL,MAGIC,,120,120,RANK1,0,USER_ONE,,,,,,,,,,,,,,,,,,,,,,,,,,,,,,65100100,
65000101,天狼連牙,味方1人/1ターン/物理ダメージアップ,味方1人/1ターン/物理ダメージを{1}アップ,1,1,,PARAM_UP,,NORMAL,SUPPORT,NEUTRAL,NULL,MAGIC,,120,120,RANK1,0,USER_ONE,,,,,,,,,,,,,,,,,,,,,,,,,,,,,,65100101,
65000102,天狼連牙,味方1人/1ターン/物理ダメージアップ,味方1人/1ターン/物理ダメージを{1}アップ,1,1,,PARAM_UP,,NORMAL,SUPPORT,NEUTRAL,NULL,MAGIC,,120,120,RANK1,0,USER_ONE,,,,,,,,,,,,,,,,,,,,,,,,,,,,,,65100102,
65000103,天狼連牙,味方1人/1ターン/物理ダメージアップ,味方1人/1ターン/物理ダメージを{1}アップ,1,1,,PARAM_UP,,NORMAL,SUPPORT,NEUTRAL,NULL,MAGIC,,120,120,RANK1,0,USER_ONE,,,,,,,,,,,,,,,,,,,,,,,,,,,,,,65100103,
65000104,天狼連牙,味方1人/1ターン/物理ダメージアップ,味方1人/1ターン/物理ダメージを{1}アップ,1,1,,PARAM_UP,,NORMAL,SUPPORT,NEUTRAL,NULL,MAGIC,,120,120,RANK1,0,USER_ONE,,,,,,,,,,,,,,,,,,,,,,,,,,,,,,65100104,
65000111,氷面走り,味方全体/魔防バフ,味方全員/1ターン/魔法防御が{1}アップ,1,1,,PARAM_UP,,NORMAL,SUPPORT,NEUTRAL,NULL,MAGIC,,120,120,RANK1,0,USER_ALL,,,,,,,,,,,,,,,,,,,,,,,,,,,,,,65100111,
65000112,氷面走り,味方全体/魔防バフ,味方全員/1ターン/魔法防御が{1}アップ,1,1,,PARAM_UP,,NORMAL,SUPPORT,NEUTRAL,NULL,MAGIC,,120,120,RANK1,0,USER_ALL,,,,,,,,,,,,,,,,,,,,,,,,,,,,,,65100112,
65000113,氷面走り,味方全体/魔防バフ,味方全員/1ターン/魔法防御が{1}アップ,1,1,,PARAM_UP,,NORMAL,SUPPORT,NEUTRAL,NULL,MAGIC,,120,120,RANK1,0,USER_ALL,,,,,,,,,,,,,,,,,,,,,,,,,,,,,,65100113,
65000114,氷面走り,味方全体/魔防バフ,味方全員/1ターン/魔法防御が{1}アップ,1,1,,PARAM_UP,,NORMAL,SUPPORT,NEUTRAL,NULL,MAGIC,,120,120,RANK1,0,USER_ALL,,,,,,,,,,,,,,,,,,,,,,,,,,,,,,65100114,
65000120,乱れ雪月花,氷属性物理1枚/コスト3減少,手札の氷属性[物理]カード1枚/1ターン/コスト3減少,1,1,,PARAM_UP,,NORMAL,SUPPORT,NEUTRAL,NULL,MAGIC,,120,120,RANK1,0,HAND_SELECT,1,ICE,ATTACK,,,,,,,,,,,,,,,,,,,,,,,,,,,65100120,
65000130,うさぎの花,全体/魔法上限アップ,味方全員/1ターン/魔法ダメージの上限が{1}アップ,1,1,,PARAM_UP,,NORMAL,SUPPORT,NEUTRAL,NULL,MAGIC,,120,120,RANK1,0,USER_ALL,,,,,,,,,,,,,,,,,,,,,,,,,,,,,,65100130,
65000131,うさぎの花,全体/魔法上限アップ,味方全員/1ターン/魔法ダメージの上限が{1}アップ,1,1,,PARAM_UP,,NORMAL,SUPPORT,NEUTRAL,NULL,MAGIC,,120,120,RANK1,0,USER_ALL,,,,,,,,,,,,,,,,,,,,,,,,,,,,,,65100131,
65000132,うさぎの花,全体/魔法上限アップ,味方全員/1ターン/魔法ダメージの上限が{1}アップ,1,1,,PARAM_UP,,NORMAL,SUPPORT,NEUTRAL,NULL,MAGIC,,120,120,RANK1,0,USER_ALL,,,,,,,,,,,,,,,,,,,,,,,,,,,,,,65100132,
65000133,うさぎの花,全体/魔法上限アップ,味方全員/1ターン/魔法ダメージの上限が{1}アップ,1,1,,PARAM_UP,,NORMAL,SUPPORT,NEUTRAL,NULL,MAGIC,,120,120,RANK1,0,USER_ALL,,,,,,,,,,,,,,,,,,,,,,,,,,,,,,65100133,
65000134,うさぎの花,全体/魔法上限アップ,味方全員/1ターン/魔法ダメージの上限が{1}アップ,1,1,,PARAM_UP,,NORMAL,SUPPORT,NEUTRAL,NULL,MAGIC,,120,120,RANK1,0,USER_ALL,,,,,,,,,,,,,,,,,,,,,,,,,,,,,,65100134,
65000141,憩いの甘兎,全体/最大HP上限アップ,味方全員/1ターン/最大HPが{1}アップ,1,1,,PARAM_UP,,NORMAL,SUPPORT,NEUTRAL,NULL,MAGIC,,120,120,RANK1,0,USER_ALL,,,,,,,,,,,,,,,,,,,,,,,,,,,,,,65100141,
65000142,憩いの甘兎,全体/最大HP上限アップ,味方全員/1ターン/最大HPが{1}アップ,1,1,,PARAM_UP,,NORMAL,SUPPORT,NEUTRAL,NULL,MAGIC,,120,120,RANK1,0,USER_ALL,,,,,,,,,,,,,,,,,,,,,,,,,,,,,,65100142,
65000143,憩いの甘兎,全体/最大HP上限アップ,味方全員/1ターン/最大HPが{1}アップ,1,1,,PARAM_UP,,NORMAL,SUPPORT,NEUTRAL,NULL,MAGIC,,120,120,RANK1,0,USER_ALL,,,,,,,,,,,,,,,,,,,,,,,,,,,,,,65100143,
65000144,憩いの甘兎,全体/最大HP上限アップ,味方全員/1ターン/最大HPが{1}アップ,1,1,,PARAM_UP,,NORMAL,SUPPORT,NEUTRAL,NULL,MAGIC,,120,120,RANK1,0,USER_ALL,,,,,,,,,,,,,,,,,,,,,,,,,,,,,,65100144,
65000150,ラビットハウスへようこそ,カードグループ2枚/1減少,手札の[カードグループ:ごちうさ]カード2枚/1ターン/コスト1減少,1,1,,PARAM_UP,,NORMAL,SUPPORT,NEUTRAL,NULL,MAGIC,,120,120,RANK1,0,HAND_SELECT,2,,,,,30020005,,,,,,,,,,,,,,,,,,,,,,,,65100150,
65000160,威嚇射撃,一人/ゲージ40%UP,味方1人/トランスゲージを40%アップ,1,1,,PARAM_UP,,NORMAL,SUPPORT,NEUTRAL,NULL,MAGIC,,120,120,RANK1,0,USER_ONE,,,,,,,,,,,,,,,,,,,,,,,,,,,,,,65000214,
65000170,アンゴラうさぎ,4コスト以上1枚/コスト3減少,手札の4コスト以上のカード1枚/1ターン/コスト3減少,1,1,,PARAM_UP,,NORMAL,SUPPORT,NEUTRAL,NULL,MAGIC,,120,120,RANK1,0,HAND_SELECT,1,,,4,9,,,,,,,,,,,,,,,,,,,,,,,,,65100170,
65000180,お姉ちゃんの魅力,全体/物理上限_物攻アップ,味方全員/1ターン/物理ダメージと物理ダメージの上限が{1}アップ,1,1,,PARAM_UP,,NORMAL,SUPPORT,NEUTRAL,NULL,MAGIC,,120,120,RANK1,0,USER_ALL,,,,,,,,,,,,,,,,,,,,,,,,,,,,,,65100180,
65000181,お姉ちゃんの魅力,全体/物理上限_物攻アップ,味方全員/1ターン/物理ダメージと物理ダメージの上限が{1}アップ,1,1,,PARAM_UP,,NORMAL,SUPPORT,NEUTRAL,NULL,MAGIC,,120,120,RANK1,0,USER_ALL,,,,,,,,,,,,,,,,,,,,,,,,,,,,,,65100181,
65000182,お姉ちゃんの魅力,全体/物理上限_物攻アップ,味方全員/1ターン/物理ダメージと物理ダメージの上限が{1}アップ,1,1,,PARAM_UP,,NORMAL,SUPPORT,NEUTRAL,NULL,MAGIC,,120,120,RANK1,0,USER_ALL,,,,,,,,,,,,,,,,,,,,,,,,,,,,,,65100182,
65000183,お姉ちゃんの魅力,全体/物理上限_物攻アップ,味方全員/1ターン/物理ダメージと物理ダメージの上限が{1}アップ,1,1,,PARAM_UP,,NORMAL,SUPPORT,NEUTRAL,NULL,MAGIC,,120,120,RANK1,0,USER_ALL,,,,,,,,,,,,,,,,,,,,,,,,,,,,,,65100183,
65000184,お姉ちゃんの魅力,全体/物理上限_物攻アップ,味方全員/1ターン/物理ダメージと物理ダメージの上限が{1}アップ,1,1,,PARAM_UP,,NORMAL,SUPPORT,NEUTRAL,NULL,MAGIC,,120,120,RANK1,0,USER_ALL,,,,,,,,,,,,,,,,,,,,,,,,,,,,,,65100184,
65000190,歌姫アーサーの子守歌,味方1人/1ターン/全ダメージをアップ,味方1人/1ターン/全ダメージを{1}アップ,1,1,,PARAM_UP,,NORMAL,SUPPORT,NEUTRAL,NULL,MAGIC,,120,120,RANK1,0,USER_ONE,,,,,,,,,,,,,,,,,,,,,,,,,,,,,,65100190,
65000191,歌姫アーサーの子守歌,味方1人/1ターン/全ダメージをアップ,味方1人/1ターン/全ダメージを{1}アップ,1,1,,PARAM_UP,,NORMAL,SUPPORT,NEUTRAL,NULL,MAGIC,,120,120,RANK1,0,USER_ONE,,,,,,,,,,,,,,,,,,,,,,,,,,,,,,65100191,
65000192,歌姫アーサーの子守歌,味方1人/1ターン/全ダメージをアップ,味方1人/1ターン/全ダメージを{1}アップ,1,1,,PARAM_UP,,NORMAL,SUPPORT,NEUTRAL,NULL,MAGIC,,120,120,RANK1,0,USER_ONE,,,,,,,,,,,,,,,,,,,,,,,,,,,,,,65100192,
65000193,歌姫アーサーの子守歌,味方1人/1ターン/全ダメージをアップ,味方1人/1ターン/全ダメージを{1}アップ,1,1,,PARAM_UP,,NORMAL,SUPPORT,NEUTRAL,NULL,MAGIC,,120,120,RANK1,0,USER_ONE,,,,,,,,,,,,,,,,,,,,,,,,,,,,,,65100193,
65000194,歌姫アーサーの子守歌,味方1人/1ターン/全ダメージをアップ,味方1人/1ターン/全ダメージを{1}アップ,1,1,,PARAM_UP,,NORMAL,SUPPORT,NEUTRAL,NULL,MAGIC,,120,120,RANK1,0,USER_ONE,,,,,,,,,,,,,,,,,,,,,,,,,,,,,,65100194,
65000200,富豪アーサーの贈り物,エネミーに心象:堕落がいる時、手札の[防御]カード1枚/1ターン/全防御アップ効果を100%アップ,手札の[防御]カード1枚/1ターン/敵に<BR>[心象タイプ:堕落]がいた場合、選択したカードの全防御アップ効果を100%アップ,1,1,,PARAM_UP,,NORMAL,SUPPORT,NEUTRAL,NULL,MAGIC,,120,120,RANK1,0,HAND_SELECT,1,,DEFENSE,,,,,,,,,,,,,,,,,,,,,,,,,,,65100200,
65000210,傭兵アーサーのサプライズ,手札光1枚保持/再ドロー,手札の光属性カード1枚保持/手札が5枚になるように再ドロー,1,1,,PARAM_UP,,NORMAL,SUPPORT,NEUTRAL,NULL,MAGIC,,120,120,RANK1,0,HAND_SELECT,1,LIGHT,,,,,,,,,,,,,,,,,,,,,,,,,,,,65000180,
65000220,ホーリーナイト,味方1人/魔防バフ,味方1人/1ターン/魔法防御を{1}アップ,1,1,,PARAM_UP,,NORMAL,SUPPORT,NEUTRAL,NULL,MAGIC,,120,120,RANK1,0,USER_ONE,,,,,,,,,,,,,,,,,,,,,,,,,,,,,,65100220,
65000221,ホーリーナイト,味方1人/魔防バフ,味方1人/1ターン/魔法防御を{1}アップ,1,1,,PARAM_UP,,NORMAL,SUPPORT,NEUTRAL,NULL,MAGIC,,120,120,RANK1,0,USER_ONE,,,,,,,,,,,,,,,,,,,,,,,,,,,,,,65100221,
65000222,ホーリーナイト,味方1人/魔防バフ,味方1人/1ターン/魔法防御を{1}アップ,1,1,,PARAM_UP,,NORMAL,SUPPORT,NEUTRAL,NULL,MAGIC,,120,120,RANK1,0,USER_ONE,,,,,,,,,,,,,,,,,,,,,,,,,,,,,,65100222,
65000223,ホーリーナイト,味方1人/魔防バフ,味方1人/1ターン/魔法防御を{1}アップ,1,1,,PARAM_UP,,NORMAL,SUPPORT,NEUTRAL,NULL,MAGIC,,120,120,RANK1,0,USER_ONE,,,,,,,,,,,,,,,,,,,,,,,,,,,,,,65100223,
65000224,ホーリーナイト,味方1人/魔防バフ,味方1人/1ターン/魔法防御を{1}アップ,1,1,,PARAM_UP,,NORMAL,SUPPORT,NEUTRAL,NULL,MAGIC,,120,120,RANK1,0,USER_ONE,,,,,,,,,,,,,,,,,,,,,,,,,,,,,,65100224,
65000232,サイレントナイト,自身/物理上限解放/1T,自分/1ターン/物理ダメージの上限を{1}アップ,1,1,,PARAM_UP,,NORMAL,SUPPORT,NEUTRAL,NULL,MAGIC,,120,120,RANK1,0,SELF,,,,,,,,,,,,,,,,,,,,,,,,,,,,,,65100231,
65000233,サイレントナイト,自身/物理上限解放/1T,自分/1ターン/物理ダメージの上限を{1}アップ,1,1,,PARAM_UP,,NORMAL,SUPPORT,NEUTRAL,NULL,MAGIC,,120,120,RANK1,0,SELF,,,,,,,,,,,,,,,,,,,,,,,,,,,,,,65100232,
65000234,サイレントナイト,自身/物理上限解放/1T,自分/1ターン/物理ダメージの上限を{1}アップ,1,1,,PARAM_UP,,NORMAL,SUPPORT,NEUTRAL,NULL,MAGIC,,120,120,RANK1,0,SELF,,,,,,,,,,,,,,,,,,,,,,,,,,,,,,65100233,
65000235,サイレントナイト,自身/物理上限解放/1T,自分/1ターン/物理ダメージの上限を{1}アップ,1,1,,PARAM_UP,,NORMAL,SUPPORT,NEUTRAL,NULL,MAGIC,,120,120,RANK1,0,SELF,,,,,,,,,,,,,,,,,,,,,,,,,,,,,,65100234,
65000240,聖夜の奇跡,手札支援2枚/コスト1減少,手札の[支援]カード2枚/1ターン/コスト1減少,1,1,,PARAM_UP,,NORMAL,SUPPORT,NEUTRAL,NULL,MAGIC,,120,120,RANK1,0,HAND_SELECT,2,,SUPPORT,,,,,,,,,,,,,,,,,,,,,,,,,,,65000161,
65000250,トナカイ突進！,味方全員/魔法上限解放/1T,味方全員/1ターン/魔法ダメージの上限を{1}アップ,1,1,,PARAM_UP,,NORMAL,SUPPORT,NEUTRAL,NULL,MAGIC,,120,120,RANK1,0,USER_ALL,,,,,,,,,,,,,,,,,,,,,,,,,,,,,,65100250,
65000251,トナカイ突進！,味方全員/魔法上限解放/1T,味方全員/1ターン/魔法ダメージの上限を{1}アップ,1,1,,PARAM_UP,,NORMAL,SUPPORT,NEUTRAL,NULL,MAGIC,,120,120,RANK1,0,USER_ALL,,,,,,,,,,,,,,,,,,,,,,,,,,,,,,65100251,
65000252,トナカイ突進！,味方全員/魔法上限解放/1T,味方全員/1ターン/魔法ダメージの上限を{1}アップ,1,1,,PARAM_UP,,NORMAL,SUPPORT,NEUTRAL,NULL,MAGIC,,120,120,RANK1,0,USER_ALL,,,,,,,,,,,,,,,,,,,,,,,,,,,,,,65100252,
65000253,トナカイ突進！,味方全員/魔法上限解放/1T,味方全員/1ターン/魔法ダメージの上限を{1}アップ,1,1,,PARAM_UP,,NORMAL,SUPPORT,NEUTRAL,NULL,MAGIC,,120,120,RANK1,0,USER_ALL,,,,,,,,,,,,,,,,,,,,,,,,,,,,,,65100253,
65000254,トナカイ突進！,味方全員/魔法上限解放/1T,味方全員/1ターン/魔法ダメージの上限を{1}アップ,1,1,,PARAM_UP,,NORMAL,SUPPORT,NEUTRAL,NULL,MAGIC,,120,120,RANK1,0,USER_ALL,,,,,,,,,,,,,,,,,,,,,,,,,,,,,,65100254,
65000261,良い子にはプレゼント！,全体/両面防御アップ,味方全員/1ターン/全防御を{1}アップ,1,1,,PARAM_UP,,NORMAL,SUPPORT,NEUTRAL,NULL,MAGIC,,120,120,RANK1,0,USER_ALL,,,,,,,,,,,,,,,,,,,,,,,,,,,,,,65100261,
65000262,良い子にはプレゼント！,全体/両面防御アップ,味方全員/1ターン/全防御を{1}アップ,1,1,,PARAM_UP,,NORMAL,SUPPORT,NEUTRAL,NULL,MAGIC,,120,120,RANK1,0,USER_ALL,,,,,,,,,,,,,,,,,,,,,,,,,,,,,,65100262,
65000263,良い子にはプレゼント！,全体/両面防御アップ,味方全員/1ターン/全防御を{1}アップ,1,1,,PARAM_UP,,NORMAL,SUPPORT,NEUTRAL,NULL,MAGIC,,120,120,RANK1,0,USER_ALL,,,,,,,,,,,,,,,,,,,,,,,,,,,,,,65100263,
65000264,良い子にはプレゼント！,全体/両面防御アップ,味方全員/1ターン/全防御を{1}アップ,1,1,,PARAM_UP,,NORMAL,SUPPORT,NEUTRAL,NULL,MAGIC,,120,120,RANK1,0,USER_ALL,,,,,,,,,,,,,,,,,,,,,,,,,,,,,,65100264,
65000270,笑顔を届けに行くぞ！,魔法1枚貫通70%付与,手札の[魔法]カード1枚/1ターン/全防御を70%無視する効果を付与,1,1,,PARAM_UP,,NORMAL,SUPPORT,NEUTRAL,NULL,MAGIC,,120,120,RANK1,0,HAND_SELECT,1,,SORCERY,,,,,,,,,,,,,,,,,,,,,,,,,,,65000183,
65000280,妖精達の水遊び,手札治療1枚/コスト1減少,手札の[治療]カード1枚/1ターン/コスト1減少,1,1,,PARAM_UP,,NORMAL,SUPPORT,NEUTRAL,NULL,MAGIC,,120,120,RANK1,0,HAND_SELECT,1,,RECOVERY,,,,,,,,,,,,,,,,,,,,,,,,,,,65000231,
65000291,秘境の探検隊,自身/物理上限解放/1T,自分/1ターン/魔法ダメージの上限を{1}アップ,1,1,,PARAM_UP,,NORMAL,SUPPORT,NEUTRAL,NULL,MAGIC,,120,120,RANK1,0,SELF,,,,,,,,,,,,,,,,,,,,,,,,,,,,,,65100291,
65000292,秘境の探検隊,自身/物理上限解放/1T,自分/1ターン/魔法ダメージの上限を{1}アップ,1,1,,PARAM_UP,,NORMAL,SUPPORT,NEUTRAL,NULL,MAGIC,,120,120,RANK1,0,SELF,,,,,,,,,,,,,,,,,,,,,,,,,,,,,,65100292,
65000293,秘境の探検隊,自身/物理上限解放/1T,自分/1ターン/魔法ダメージの上限を{1}アップ,1,1,,PARAM_UP,,NORMAL,SUPPORT,NEUTRAL,NULL,MAGIC,,120,120,RANK1,0,SELF,,,,,,,,,,,,,,,,,,,,,,,,,,,,,,65100293,
65000294,秘境の探検隊,自身/物理上限解放/1T,自分/1ターン/魔法ダメージの上限を{1}アップ,1,1,,PARAM_UP,,NORMAL,SUPPORT,NEUTRAL,NULL,MAGIC,,120,120,RANK1,0,SELF,,,,,,,,,,,,,,,,,,,,,,,,,,,,,,65100294,
65000300,フェアリーズパーク,闇属性支援1枚/コスト3減少,手札の闇属性[支援]カード1枚/1ターン/コスト3減少,1,1,,PARAM_UP,,NORMAL,SUPPORT,NEUTRAL,NULL,MAGIC,,120,120,RANK1,0,HAND_SELECT,1,DARK,SUPPORT,,,,,,,,,,,,,,,,,,,,,,,,,,,65100300,
65000310,虎の巻,全体/両面防御アップ,味方全員/1ターン/全防御を{1}アップ,1,1,,PARAM_UP,,NORMAL,SUPPORT,NEUTRAL,NULL,MAGIC,,120,120,RANK1,0,USER_ALL,,,,,,,,,,,,,,,,,,,,,,,,,,,,,,65100310,
65000311,虎の巻,全体/両面防御アップ,味方全員/1ターン/全防御を{1}アップ,1,1,,PARAM_UP,,NORMAL,SUPPORT,NEUTRAL,NULL,MAGIC,,120,120,RANK1,0,USER_ALL,,,,,,,,,,,,,,,,,,,,,,,,,,,,,,65100311,
65000312,虎の巻,全体/両面防御アップ,味方全員/1ターン/全防御を{1}アップ,1,1,,PARAM_UP,,NORMAL,SUPPORT,NEUTRAL,NULL,MAGIC,,120,120,RANK1,0,USER_ALL,,,,,,,,,,,,,,,,,,,,,,,,,,,,,,65100312,
65000313,虎の巻,全体/両面防御アップ,味方全員/1ターン/全防御を{1}アップ,1,1,,PARAM_UP,,NORMAL,SUPPORT,NEUTRAL,NULL,MAGIC,,120,120,RANK1,0,USER_ALL,,,,,,,,,,,,,,,,,,,,,,,,,,,,,,65100313,
65000314,虎の巻,全体/両面防御アップ,味方全員/1ターン/全防御を{1}アップ,1,1,,PARAM_UP,,NORMAL,SUPPORT,NEUTRAL,NULL,MAGIC,,120,120,RANK1,0,USER_ALL,,,,,,,,,,,,,,,,,,,,,,,,,,,,,,65100314,
65000320,白拍子の舞,全体/闇追加攻撃付与,味方全員/1ターン/{1}の闇追加ダメージを付与,1,1,,PARAM_UP,,NORMAL,SUPPORT,NEUTRAL,NULL,MAGIC,,120,120,RANK1,0,USER_ALL,,,,,,,,,,,,,,,,,,,,,,,,,,,,,,65100320,
65000321,白拍子の舞,全体/闇追加攻撃付与,味方全員/1ターン/{1}の闇追加ダメージを付与,1,1,,PARAM_UP,,NORMAL,SUPPORT,NEUTRAL,NULL,MAGIC,,120,120,RANK1,0,USER_ALL,,,,,,,,,,,,,,,,,,,,,,,,,,,,,,65100321,
65000322,白拍子の舞,全体/闇追加攻撃付与,味方全員/1ターン/{1}の闇追加ダメージを付与,1,1,,PARAM_UP,,NORMAL,SUPPORT,NEUTRAL,NULL,MAGIC,,120,120,RANK1,0,USER_ALL,,,,,,,,,,,,,,,,,,,,,,,,,,,,,,65100322,
65000323,白拍子の舞,全体/闇追加攻撃付与,味方全員/1ターン/{1}の闇追加ダメージを付与,1,1,,PARAM_UP,,NORMAL,SUPPORT,NEUTRAL,NULL,MAGIC,,120,120,RANK1,0,USER_ALL,,,,,,,,,,,,,,,,,,,,,,,,,,,,,,65100323,
65000324,白拍子の舞,全体/闇追加攻撃付与,味方全員/1ターン/{1}の闇追加ダメージを付与,1,1,,PARAM_UP,,NORMAL,SUPPORT,NEUTRAL,NULL,MAGIC,,120,120,RANK1,0,USER_ALL,,,,,,,,,,,,,,,,,,,,,,,,,,,,,,65100324,
65000330,神刃八艘跳び,味方1人/クリティカルダメージ変更(200%),味方1人/1ターン/クリティカルのダメージ倍率を200%に変更,1,1,,PARAM_UP,,NORMAL,SUPPORT,NEUTRAL,NULL,MAGIC,,120,120,RANK1,0,USER_ONE,,,,,,,,,,,,,,,,,,,,,,,,,,,,,,65100330,
65000340,恭賀新正,一人/ゲージ40%UP,味方1人/トランスゲージを40%アップ,1,1,,PARAM_UP,,NORMAL,SUPPORT,NEUTRAL,NULL,MAGIC,,120,120,RANK1,0,USER_ONE,,,,,,,,,,,,,,,,,,,,,,,,,,,,,,65000214,
65000350,熈祥煌春,全体/最大HP上限アップ,味方全員/1ターン/最大HPが{1}アップ,1,1,,PARAM_UP,,NORMAL,SUPPORT,NEUTRAL,NULL,MAGIC,,120,120,RANK1,0,USER_ALL,,,,,,,,,,,,,,,,,,,,,,,,,,,,,,65100350,
65000351,熈祥煌春,全体/最大HP上限アップ,味方全員/1ターン/最大HPが{1}アップ,1,1,,PARAM_UP,,NORMAL,SUPPORT,NEUTRAL,NULL,MAGIC,,120,120,RANK1,0,USER_ALL,,,,,,,,,,,,,,,,,,,,,,,,,,,,,,65100351,
65000352,熈祥煌春,全体/最大HP上限アップ,味方全員/1ターン/最大HPが{1}アップ,1,1,,PARAM_UP,,NORMAL,SUPPORT,NEUTRAL,NULL,MAGIC,,120,120,RANK1,0,USER_ALL,,,,,,,,,,,,,,,,,,,,,,,,,,,,,,65100352,
65000353,熈祥煌春,全体/最大HP上限アップ,味方全員/1ターン/最大HPが{1}アップ,1,1,,PARAM_UP,,NORMAL,SUPPORT,NEUTRAL,NULL,MAGIC,,120,120,RANK1,0,USER_ALL,,,,,,,,,,,,,,,,,,,,,,,,,,,,,,65100353,
65000354,熈祥煌春,全体/最大HP上限アップ,味方全員/1ターン/最大HPが{1}アップ,1,1,,PARAM_UP,,NORMAL,SUPPORT,NEUTRAL,NULL,MAGIC,,120,120,RANK1,0,USER_ALL,,,,,,,,,,,,,,,,,,,,,,,,,,,,,,65100354,
65000360,永寿嘉福,一人/両面上限アップ,味方1人/1ターン/全ダメージの上限を{1}アップ,1,1,,PARAM_UP,,NORMAL,SUPPORT,NEUTRAL,NULL,MAGIC,,120,120,RANK1,0,USER_ONE,,,,,,,,,,,,,,,,,,,,,,,,,,,,,,65100360,
65000361,永寿嘉福,一人/両面上限アップ,味方1人/1ターン/全ダメージの上限を{1}アップ,1,1,,PARAM_UP,,NORMAL,SUPPORT,NEUTRAL,NULL,MAGIC,,120,120,RANK1,0,USER_ONE,,,,,,,,,,,,,,,,,,,,,,,,,,,,,,65100361,
65000362,永寿嘉福,一人/両面上限アップ,味方1人/1ターン/全ダメージの上限を{1}アップ,1,1,,PARAM_UP,,NORMAL,SUPPORT,NEUTRAL,NULL,MAGIC,,120,120,RANK1,0,USER_ONE,,,,,,,,,,,,,,,,,,,,,,,,,,,,,,65100362,
65000363,永寿嘉福,一人/両面上限アップ,味方1人/1ターン/全ダメージの上限を{1}アップ,1,1,,PARAM_UP,,NORMAL,SUPPORT,NEUTRAL,NULL,MAGIC,,120,120,RANK1,0,USER_ONE,,,,,,,,,,,,,,,,,,,,,,,,,,,,,,65100363,
65000364,永寿嘉福,一人/両面上限アップ,味方1人/1ターン/全ダメージの上限を{1}アップ,1,1,,PARAM_UP,,NORMAL,SUPPORT,NEUTRAL,NULL,MAGIC,,120,120,RANK1,0,USER_ONE,,,,,,,,,,,,,,,,,,,,,,,,,,,,,,65100364,
65000370,アリルへの手紙,氷属性/1枚/コスト1減少,手札の氷属性カード1枚/1ターン/コスト1減少,1,1,,PARAM_UP,,NORMAL,SUPPORT,NEUTRAL,NULL,MAGIC,,120,120,RANK1,0,HAND_SELECT,1,ICE,,,,,,,,,,,,,,,,,,,,,,,,,,,,65000076,
65000380,狂気への誘い,手札氷支援1枚保持/再ドロー,手札の氷属性[支援]カード1枚保持/手札が5枚になるように再ドロー,1,1,,PARAM_UP,,NORMAL,SUPPORT,NEUTRAL,NULL,MAGIC,,120,120,RANK1,0,HAND_SELECT,1,ICE,SUPPORT,,,,,,,,,,,,,,,,,,,,,,,,,,,65000180,
65000390,王殺の弩,全体/魔法上限_魔攻アップ,味方全員/1ターン/魔法ダメージと魔法ダメージの上限が{1}アップ,1,1,,PARAM_UP,,NORMAL,SUPPORT,NEUTRAL,NULL,MAGIC,,120,120,RANK1,0,USER_ALL,,,,,,,,,,,,,,,,,,,,,,,,,,,,,,65100390,
65000391,王殺の弩,全体/魔法上限_魔攻アップ,味方全員/1ターン/魔法ダメージと魔法ダメージの上限が{1}アップ,1,1,,PARAM_UP,,NORMAL,SUPPORT,NEUTRAL,NULL,MAGIC,,120,120,RANK1,0,USER_ALL,,,,,,,,,,,,,,,,,,,,,,,,,,,,,,65100391,
65000392,王殺の弩,全体/魔法上限_魔攻アップ,味方全員/1ターン/魔法ダメージと魔法ダメージの上限が{1}アップ,1,1,,PARAM_UP,,NORMAL,SUPPORT,NEUTRAL,NULL,MAGIC,,120,120,RANK1,0,USER_ALL,,,,,,,,,,,,,,,,,,,,,,,,,,,,,,65100392,
65000393,王殺の弩,全体/魔法上限_魔攻アップ,味方全員/1ターン/魔法ダメージと魔法ダメージの上限が{1}アップ,1,1,,PARAM_UP,,NORMAL,SUPPORT,NEUTRAL,NULL,MAGIC,,120,120,RANK1,0,USER_ALL,,,,,,,,,,,,,,,,,,,,,,,,,,,,,,65100393,
65000394,王殺の弩,全体/魔法上限_魔攻アップ,味方全員/1ターン/魔法ダメージと魔法ダメージの上限が{1}アップ,1,1,,PARAM_UP,,NORMAL,SUPPORT,NEUTRAL,NULL,MAGIC,,120,120,RANK1,0,USER_ALL,,,,,,,,,,,,,,,,,,,,,,,,,,,,,,65100394,
65000400,全知,味方全体/魔防バフ,味方全員/1ターン/魔法防御が{1}アップ,1,1,,PARAM_UP,,NORMAL,SUPPORT,NEUTRAL,NULL,MAGIC,,120,120,RANK1,0,USER_ALL,,,,,,,,,,,,,,,,,,,,,,,,,,,,,,65100400,
65000401,全知,味方全体/魔防バフ,味方全員/1ターン/魔法防御が{1}アップ,1,1,,PARAM_UP,,NORMAL,SUPPORT,NEUTRAL,NULL,MAGIC,,120,120,RANK1,0,USER_ALL,,,,,,,,,,,,,,,,,,,,,,,,,,,,,,65100401,
65000402,全知,味方全体/魔防バフ,味方全員/1ターン/魔法防御が{1}アップ,1,1,,PARAM_UP,,NORMAL,SUPPORT,NEUTRAL,NULL,MAGIC,,120,120,RANK1,0,USER_ALL,,,,,,,,,,,,,,,,,,,,,,,,,,,,,,65100402,
65000403,全知,味方全体/魔防バフ,味方全員/1ターン/魔法防御が{1}アップ,1,1,,PARAM_UP,,NORMAL,SUPPORT,NEUTRAL,NULL,MAGIC,,120,120,RANK1,0,USER_ALL,,,,,,,,,,,,,,,,,,,,,,,,,,,,,,65100403,
65000404,全知,味方全体/魔防バフ,味方全員/1ターン/魔法防御が{1}アップ,1,1,,PARAM_UP,,NORMAL,SUPPORT,NEUTRAL,NULL,MAGIC,,120,120,RANK1,0,USER_ALL,,,,,,,,,,,,,,,,,,,,,,,,,,,,,,65100404,
65000410,魔術変装,火属性[2コスト]/3枚/コスト1減少,手札の火属性[2コスト]カード3枚/1ターン/コスト1減少,1,1,,PARAM_UP,,NORMAL,SUPPORT,NEUTRAL,NULL,MAGIC,,120,120,RANK1,0,HAND_SELECT,3,FIRE,,2,2,,,,,,,,,,,,,,,,,,,,,,,,,65000232,
65000420,冥界の魔女,火物理/物攻回数2回付与,手札の火属性[物理]カード1枚/1ターン/物理攻撃回数2回化を付与,1,1,,PARAM_UP,,NORMAL,SUPPORT,NEUTRAL,NULL,MAGIC,,120,120,RANK1,0,HAND_SELECT,1,FIRE,ATTACK,,,,,,,,,,,,,,,,,,,,,,,,,,,65000203,
65000430,母姫の心,自分/最大HP上限アップ,自分/1ターン/最大HPが{1}アップ,1,1,,PARAM_UP,,NORMAL,SUPPORT,NEUTRAL,NULL,MAGIC,,120,120,RANK1,0,SELF,,,,,,,,,,,,,,,,,,,,,,,,,,,,,,65100430,
65000431,母姫の心,自分/最大HP上限アップ,自分/1ターン/最大HPが{1}アップ,1,1,,PARAM_UP,,NORMAL,SUPPORT,NEUTRAL,NULL,MAGIC,,120,120,RANK1,0,SELF,,,,,,,,,,,,,,,,,,,,,,,,,,,,,,65100431,
65000432,母姫の心,自分/最大HP上限アップ,自分/1ターン/最大HPが{1}アップ,1,1,,PARAM_UP,,NORMAL,SUPPORT,NEUTRAL,NULL,MAGIC,,120,120,RANK1,0,SELF,,,,,,,,,,,,,,,,,,,,,,,,,,,,,,65100432,
65000433,母姫の心,自分/最大HP上限アップ,自分/1ターン/最大HPが{1}アップ,1,1,,PARAM_UP,,NORMAL,SUPPORT,NEUTRAL,NULL,MAGIC,,120,120,RANK1,0,SELF,,,,,,,,,,,,,,,,,,,,,,,,,,,,,,65100433,
65000434,母姫の心,自分/最大HP上限アップ,自分/1ターン/最大HPが{1}アップ,1,1,,PARAM_UP,,NORMAL,SUPPORT,NEUTRAL,NULL,MAGIC,,120,120,RANK1,0,SELF,,,,,,,,,,,,,,,,,,,,,,,,,,,,,,65100434,
65000441,恩讐の波動,味方全員/魔法防御アップ,味方全員/1ターン/魔法防御を{1}アップ,1,1,,PARAM_UP,,NORMAL,SUPPORT,NEUTRAL,NULL,MAGIC,,120,120,RANK1,0,USER_ALL,,,,,,,,,,,,,,,,,,,,,,,,,,,,,,65100441,
65000442,恩讐の波動,味方全員/魔法防御アップ,味方全員/1ターン/魔法防御を{1}アップ,1,1,,PARAM_UP,,NORMAL,SUPPORT,NEUTRAL,NULL,MAGIC,,120,120,RANK1,0,USER_ALL,,,,,,,,,,,,,,,,,,,,,,,,,,,,,,65100442,
65000443,恩讐の波動,味方全員/魔法防御アップ,味方全員/1ターン/魔法防御を{1}アップ,1,1,,PARAM_UP,,NORMAL,SUPPORT,NEUTRAL,NULL,MAGIC,,120,120,RANK1,0,USER_ALL,,,,,,,,,,,,,,,,,,,,,,,,,,,,,,65100443,
65000444,恩讐の波動,味方全員/魔法防御アップ,味方全員/1ターン/魔法防御を{1}アップ,1,1,,PARAM_UP,,NORMAL,SUPPORT,NEUTRAL,NULL,MAGIC,,120,120,RANK1,0,USER_ALL,,,,,,,,,,,,,,,,,,,,,,,,,,,,,,65100444,
65000450,愛する我が子のため,光属性[4コスト以上]/1枚/コスト3減少,手札の光属性[4コスト以上]カード1枚/1ターン/コスト3減少,1,1,,PARAM_UP,,NORMAL,SUPPORT,NEUTRAL,NULL,MAGIC,,120,120,RANK1,0,HAND_SELECT,1,LIGHT,,4,9,,,,,,,,,,,,,,,,,,,,,,,,,65000233,
65000460,キャメロットの魔導,全体/最大HP上限アップ,味方全員/1ターン/最大HPが{1}アップ,1,1,,PARAM_UP,,NORMAL,SUPPORT,NEUTRAL,NULL,MAGIC,,120,120,RANK1,0,USER_ALL,,,,,,,,,,,,,,,,,,,,,,,,,,,,,,65100460,
65000461,キャメロットの魔導,全体/最大HP上限アップ,味方全員/1ターン/最大HPが{1}アップ,1,1,,PARAM_UP,,NORMAL,SUPPORT,NEUTRAL,NULL,MAGIC,,120,120,RANK1,0,USER_ALL,,,,,,,,,,,,,,,,,,,,,,,,,,,,,,65100461,
65000462,キャメロットの魔導,全体/最大HP上限アップ,味方全員/1ターン/最大HPが{1}アップ,1,1,,PARAM_UP,,NORMAL,SUPPORT,NEUTRAL,NULL,MAGIC,,120,120,RANK1,0,USER_ALL,,,,,,,,,,,,,,,,,,,,,,,,,,,,,,65100462,
65000463,キャメロットの魔導,全体/最大HP上限アップ,味方全員/1ターン/最大HPが{1}アップ,1,1,,PARAM_UP,,NORMAL,SUPPORT,NEUTRAL,NULL,MAGIC,,120,120,RANK1,0,USER_ALL,,,,,,,,,,,,,,,,,,,,,,,,,,,,,,65100463,
65000464,キャメロットの魔導,全体/最大HP上限アップ,味方全員/1ターン/最大HPが{1}アップ,1,1,,PARAM_UP,,NORMAL,SUPPORT,NEUTRAL,NULL,MAGIC,,120,120,RANK1,0,USER_ALL,,,,,,,,,,,,,,,,,,,,,,,,,,,,,,65100464,
65000470,賢者の心得,支援1枚/魔バフ100%/心象:魔法,手札の[支援]カード1枚/1ターン/敵に<BR>[心象タイプ:魔法]がいた場合、選択したカードの魔法ダメージアップ効果を100%アップ,1,1,,PARAM_UP,,NORMAL,SUPPORT,NEUTRAL,NULL,MAGIC,,120,120,RANK1,0,HAND_SELECT,1,,SUPPORT,,,,,,,,,,,,,,,,,,,,,,,,,,,65100470,
65000480,魔法剣王覚醒,氷物理/物攻回数2回付与,手札の氷属性[物理]カード1枚/1ターン/物理攻撃回数2回化を付与,1,1,,PARAM_UP,,NORMAL,SUPPORT,NEUTRAL,NULL,MAGIC,,120,120,RANK1,0,HAND_SELECT,1,ICE,ATTACK,,,,,,,,,,,,,,,,,,,,,,,,,,,65000203,
65000490,小鳥の囀り,全体/両面防御アップ,味方全員/1ターン/全防御を{1}アップ,1,1,,PARAM_UP,,NORMAL,SUPPORT,NEUTRAL,NULL,MAGIC,,120,120,RANK1,0,USER_ALL,,,,,,,,,,,,,,,,,,,,,,,,,,,,,,65100490,
65000491,小鳥の囀り,全体/両面防御アップ,味方全員/1ターン/全防御を{1}アップ,1,1,,PARAM_UP,,NORMAL,SUPPORT,NEUTRAL,NULL,MAGIC,,120,120,RANK1,0,USER_ALL,,,,,,,,,,,,,,,,,,,,,,,,,,,,,,65100491,
65000492,小鳥の囀り,全体/両面防御アップ,味方全員/1ターン/全防御を{1}アップ,1,1,,PARAM_UP,,NORMAL,SUPPORT,NEUTRAL,NULL,MAGIC,,120,120,RANK1,0,USER_ALL,,,,,,,,,,,,,,,,,,,,,,,,,,,,,,65100492,
65000493,小鳥の囀り,全体/両面防御アップ,味方全員/1ターン/全防御を{1}アップ,1,1,,PARAM_UP,,NORMAL,SUPPORT,NEUTRAL,NULL,MAGIC,,120,120,RANK1,0,USER_ALL,,,,,,,,,,,,,,,,,,,,,,,,,,,,,,65100493,
65000494,小鳥の囀り,全体/両面防御アップ,味方全員/1ターン/全防御を{1}アップ,1,1,,PARAM_UP,,NORMAL,SUPPORT,NEUTRAL,NULL,MAGIC,,120,120,RANK1,0,USER_ALL,,,,,,,,,,,,,,,,,,,,,,,,,,,,,,65100494,
65000500,悲恋の小舟,味方全体/物魔攻撃UP,味方全員/1ターン/全ダメージを{1}アップ,1,1,,PARAM_UP,,NORMAL,SUPPORT,NEUTRAL,NULL,MAGIC,,120,120,RANK1,0,USER_ALL,,,,,,,,,,,,,,,,,,,,,,,,,,,,,,65100500,
65000501,悲恋の小舟,味方全体/物魔攻撃UP,味方全員/1ターン/全ダメージを{1}アップ,1,1,,PARAM_UP,,NORMAL,SUPPORT,NEUTRAL,NULL,MAGIC,,120,120,RANK1,0,USER_ALL,,,,,,,,,,,,,,,,,,,,,,,,,,,,,,65100501,
65000502,悲恋の小舟,味方全体/物魔攻撃UP,味方全員/1ターン/全ダメージを{1}アップ,1,1,,PARAM_UP,,NORMAL,SUPPORT,NEUTRAL,NULL,MAGIC,,120,120,RANK1,0,USER_ALL,,,,,,,,,,,,,,,,,,,,,,,,,,,,,,65100502,
65000503,悲恋の小舟,味方全体/物魔攻撃UP,味方全員/1ターン/全ダメージを{1}アップ,1,1,,PARAM_UP,,NORMAL,SUPPORT,NEUTRAL,NULL,MAGIC,,120,120,RANK1,0,USER_ALL,,,,,,,,,,,,,,,,,,,,,,,,,,,,,,65100503,
65000504,悲恋の小舟,味方全体/物魔攻撃UP,味方全員/1ターン/全ダメージを{1}アップ,1,1,,PARAM_UP,,NORMAL,SUPPORT,NEUTRAL,NULL,MAGIC,,120,120,RANK1,0,USER_ALL,,,,,,,,,,,,,,,,,,,,,,,,,,,,,,65100504,
65000510,湖の騎士への想い,手札風2枚保持/再ドロー,手札の風属性カード2枚保持/手札が5枚になるように再ドロー,1,1,,PARAM_UP,,NORMAL,SUPPORT,NEUTRAL,NULL,MAGIC,,120,120,RANK1,0,HAND_SELECT,2,WIND,,,,,,,,,,,,,,,,,,,,,,,,,,,,65000180,
65000520,愛の伝承,味方1人/物理上限解放/1T,味方1人/1ターン/物理ダメージの上限を{1}アップ,1,1,,PARAM_UP,,NORMAL,SUPPORT,NEUTRAL,NULL,MAGIC,,120,120,RANK1,0,USER_ONE,,,,,,,,,,,,,,,,,,,,,,,,,,,,,,65100520,
65000521,愛の伝承,味方1人/物理上限解放/1T,味方1人/1ターン/物理ダメージの上限を{1}アップ,1,1,,PARAM_UP,,NORMAL,SUPPORT,NEUTRAL,NULL,MAGIC,,120,120,RANK1,0,USER_ONE,,,,,,,,,,,,,,,,,,,,,,,,,,,,,,65100521,
65000522,愛の伝承,味方1人/物理上限解放/1T,味方1人/1ターン/物理ダメージの上限を{1}アップ,1,1,,PARAM_UP,,NORMAL,SUPPORT,NEUTRAL,NULL,MAGIC,,120,120,RANK1,0,USER_ONE,,,,,,,,,,,,,,,,,,,,,,,,,,,,,,65100522,
65000523,愛の伝承,味方1人/物理上限解放/1T,味方1人/1ターン/物理ダメージの上限を{1}アップ,1,1,,PARAM_UP,,NORMAL,SUPPORT,NEUTRAL,NULL,MAGIC,,120,120,RANK1,0,USER_ONE,,,,,,,,,,,,,,,,,,,,,,,,,,,,,,65100523,
65000524,愛の伝承,味方1人/物理上限解放/1T,味方1人/1ターン/物理ダメージの上限を{1}アップ,1,1,,PARAM_UP,,NORMAL,SUPPORT,NEUTRAL,NULL,MAGIC,,120,120,RANK1,0,USER_ONE,,,,,,,,,,,,,,,,,,,,,,,,,,,,,,65100524,
65000530,恋する運命,味方1人/魔法上限解放/1T,味方1人/1ターン/魔法ダメージの上限を{1}アップ,1,1,,PARAM_UP,,NORMAL,SUPPORT,NEUTRAL,NULL,MAGIC,,120,120,RANK1,0,USER_ONE,,,,,,,,,,,,,,,,,,,,,,,,,,,,,,65100530,
65000531,恋する運命,味方1人/魔法上限解放/1T,味方1人/1ターン/魔法ダメージの上限を{1}アップ,1,1,,PARAM_UP,,NORMAL,SUPPORT,NEUTRAL,NULL,MAGIC,,120,120,RANK1,0,USER_ONE,,,,,,,,,,,,,,,,,,,,,,,,,,,,,,65100531,
65000532,恋する運命,味方1人/魔法上限解放/1T,味方1人/1ターン/魔法ダメージの上限を{1}アップ,1,1,,PARAM_UP,,NORMAL,SUPPORT,NEUTRAL,NULL,MAGIC,,120,120,RANK1,0,USER_ONE,,,,,,,,,,,,,,,,,,,,,,,,,,,,,,65100532,
65000533,恋する運命,味方1人/魔法上限解放/1T,味方1人/1ターン/魔法ダメージの上限を{1}アップ,1,1,,PARAM_UP,,NORMAL,SUPPORT,NEUTRAL,NULL,MAGIC,,120,120,RANK1,0,USER_ONE,,,,,,,,,,,,,,,,,,,,,,,,,,,,,,65100533,
65000534,恋する運命,味方1人/魔法上限解放/1T,味方1人/1ターン/魔法ダメージの上限を{1}アップ,1,1,,PARAM_UP,,NORMAL,SUPPORT,NEUTRAL,NULL,MAGIC,,120,120,RANK1,0,USER_ONE,,,,,,,,,,,,,,,,,,,,,,,,,,,,,,65100534,
65000540,甘くとろける恋心,全体/最大HP上限アップ,味方全員/1ターン/最大HPが{1}アップ,1,1,,PARAM_UP,,NORMAL,SUPPORT,NEUTRAL,NULL,MAGIC,,120,120,RANK1,0,USER_ALL,,,,,,,,,,,,,,,,,,,,,,,,,,,,,,65100540,
65000541,甘くとろける恋心,全体/最大HP上限アップ,味方全員/1ターン/最大HPが{1}アップ,1,1,,PARAM_UP,,NORMAL,SUPPORT,NEUTRAL,NULL,MAGIC,,120,120,RANK1,0,USER_ALL,,,,,,,,,,,,,,,,,,,,,,,,,,,,,,65100541,
65000542,甘くとろける恋心,全体/最大HP上限アップ,味方全員/1ターン/最大HPが{1}アップ,1,1,,PARAM_UP,,NORMAL,SUPPORT,NEUTRAL,NULL,MAGIC,,120,120,RANK1,0,USER_ALL,,,,,,,,,,,,,,,,,,,,,,,,,,,,,,65100542,
65000543,甘くとろける恋心,全体/最大HP上限アップ,味方全員/1ターン/最大HPが{1}アップ,1,1,,PARAM_UP,,NORMAL,SUPPORT,NEUTRAL,NULL,MAGIC,,120,120,RANK1,0,USER_ALL,,,,,,,,,,,,,,,,,,,,,,,,,,,,,,65100543,
65000544,甘くとろける恋心,全体/最大HP上限アップ,味方全員/1ターン/最大HPが{1}アップ,1,1,,PARAM_UP,,NORMAL,SUPPORT,NEUTRAL,NULL,MAGIC,,120,120,RANK1,0,USER_ALL,,,,,,,,,,,,,,,,,,,,,,,,,,,,,,65100544,
65000580,冒険日和,味方1人/1ターン/魔法ダメージアップ,味方1人/1ターン/魔法ダメージを{1}アップ,1,1,,PARAM_UP,,NORMAL,SUPPORT,NEUTRAL,NULL,MAGIC,,120,120,RANK1,0,USER_ONE,,,,,,,,,,,,,,,,,,,,,,,,,,,,,,65100580,
65000581,冒険日和,味方1人/1ターン/魔法ダメージアップ,味方1人/1ターン/魔法ダメージを{1}アップ,1,1,,PARAM_UP,,NORMAL,SUPPORT,NEUTRAL,NULL,MAGIC,,120,120,RANK1,0,USER_ONE,,,,,,,,,,,,,,,,,,,,,,,,,,,,,,65100581,
65000582,冒険日和,味方1人/1ターン/魔法ダメージアップ,味方1人/1ターン/魔法ダメージを{1}アップ,1,1,,PARAM_UP,,NORMAL,SUPPORT,NEUTRAL,NULL,MAGIC,,120,120,RANK1,0,USER_ONE,,,,,,,,,,,,,,,,,,,,,,,,,,,,,,65100582,
65000583,冒険日和,味方1人/1ターン/魔法ダメージアップ,味方1人/1ターン/魔法ダメージを{1}アップ,1,1,,PARAM_UP,,NORMAL,SUPPORT,NEUTRAL,NULL,MAGIC,,120,120,RANK1,0,USER_ONE,,,,,,,,,,,,,,,,,,,,,,,,,,,,,,65100583,
65000584,冒険日和,味方1人/1ターン/魔法ダメージアップ,味方1人/1ターン/魔法ダメージを{1}アップ,1,1,,PARAM_UP,,NORMAL,SUPPORT,NEUTRAL,NULL,MAGIC,,120,120,RANK1,0,USER_ONE,,,,,,,,,,,,,,,,,,,,,,,,,,,,,,65100584,
65000590,新しい旅立ち,全体/最大HP上限アップ,味方全員/1ターン/最大HPが{1}アップ,1,1,,PARAM_UP,,NORMAL,SUPPORT,NEUTRAL,NULL,MAGIC,,120,120,RANK1,0,USER_ALL,,,,,,,,,,,,,,,,,,,,,,,,,,,,,,65100590,
65000591,新しい旅立ち,全体/最大HP上限アップ,味方全員/1ターン/最大HPが{1}アップ,1,1,,PARAM_UP,,NORMAL,SUPPORT,NEUTRAL,NULL,MAGIC,,120,120,RANK1,0,USER_ALL,,,,,,,,,,,,,,,,,,,,,,,,,,,,,,65100591,
65000592,新しい旅立ち,全体/最大HP上限アップ,味方全員/1ターン/最大HPが{1}アップ,1,1,,PARAM_UP,,NORMAL,SUPPORT,NEUTRAL,NULL,MAGIC,,120,120,RANK1,0,USER_ALL,,,,,,,,,,,,,,,,,,,,,,,,,,,,,,65100592,
65000593,新しい旅立ち,全体/最大HP上限アップ,味方全員/1ターン/最大HPが{1}アップ,1,1,,PARAM_UP,,NORMAL,SUPPORT,NEUTRAL,NULL,MAGIC,,120,120,RANK1,0,USER_ALL,,,,,,,,,,,,,,,,,,,,,,,,,,,,,,65100593,
65000594,新しい旅立ち,全体/最大HP上限アップ,味方全員/1ターン/最大HPが{1}アップ,1,1,,PARAM_UP,,NORMAL,SUPPORT,NEUTRAL,NULL,MAGIC,,120,120,RANK1,0,USER_ALL,,,,,,,,,,,,,,,,,,,,,,,,,,,,,,65100594,
65000600,まだ見ぬ場所へ,光属性魔法1枚/コスト2減少,手札の光属性[魔法]カード1枚/1ターン/コスト2減少,1,1,,PARAM_UP,,NORMAL,SUPPORT,NEUTRAL,NULL,MAGIC,,120,120,RANK1,0,HAND_SELECT,1,LIGHT,SORCERY,,,,,,,,,,,,,,,,,,,,,,,,,,,65100600,
